day_counter,0,1,2,3,4,5,6,7,8,9,10
0,,,3,,,,,,,,
1,,,3,,,,,,,,
2,,2,3,,,,,,,,
3,,2,4,,,,,,,,
4,1,4,4,,,,,,,,
5,1,4,4,,,,,,,,
6,3,4,6,,,,,,,,
7,5,4,5,,,,,,,,
8,7,4,5,,,,,,,,
9,7,8,,,,,,,,,
10,5,9,,,,,,,,,
11,5,9,,,,,,,,,
12,5,9,,,,,,,,,
13,5,9,,,,,,,,,
14,6,11,,,,,,,,,
15,7,7,,,,,,,,,
16,3,14,,,,,,,,,
17,3,14,,,,,,,,,
18,4,14,,,,,,,,,
19,5,12,,,,,,,,,
20,6,12,,,,,,,,,
21,10,12,,,,,,,,,
22,13,12,,,,,,,,,
23,13,12,,,,,,,,,
24,14,13,,,,,,,,,
25,13,16,,,,,,,,,
26,15,17,,,,,,,,,
27,16,18,,,,,,,,,
28,18,19,,,,,,,,,
29,19,19,,,,,,,,,
30,22,19,,,,,,,,,
31,21,21,,,,,,,,,
32,24,20,,,,,,,,,
33,25,18,,,,,,,,,
34,24,18,,,,,,,,,
35,19,7,20,,,,,,,,
36,20,7,19,,,,,,,,
37,20,7,19,,,,,,,,
38,20,7,20,,,,,,,,
39,20,7,21,,,,,,,,
40,16,7,28,,,,,,,,
41,16,7,29,,,,,,,,
42,18,7,29,,,,,,,,
43,18,7,29,,,,,,,,
44,20,7,29,,,,,,,,
45,20,11,24,,,,,,,,
46,22,11,24,,,,,,,,
47,24,12,22,,,,,,,,
48,22,4,,35,,,,,,,
49,,,,,62,,,,,,
50,1,,,,62,,,,,,
51,1,,,,62,,,,,,
52,1,,,,64,,,,,,
53,2,,,,64,,,,,,
54,3,,,,65,,,,,,
55,3,,,,65,,,,,,
56,3,,,,68,,,,,,
57,4,,,,68,,,,,,
58,4,,,,68,,,,,,
59,4,,,,68,,,,,,
60,5,,,,68,,,,,,
61,5,,,,68,,,,,,
62,6,,,,68,,,,,,
63,7,,,,71,,,,,,
64,26,8,,44,,,,,,,
65,27,9,,43,,,,,,,
66,30,9,,43,,,,,,,
67,28,9,,47,,,,,,,
68,28,11,,46,,,,,,,
69,30,9,4,46,,,,,,,
70,28,9,5,,49,,,,,,
71,28,9,5,,50,,,,,,
72,29,9,5,,52,,,,,,
73,29,9,5,,52,,,,,,
74,29,9,5,,53,,,,,,
75,29,9,5,,56,,,,,,
76,30,11,5,,56,,,,,,
77,32,19,5,,44,,,,,,
78,29,16,,,59,,,,,,
79,29,16,,,59,,,,,,
80,29,8,,,,72.0,,,,,
81,29,8,,,,71.0,,,,,
82,29,8,,,,71.0,,,,,
83,31,10,,,,66.0,,,,,
84,32,8,,,,,71.0,,,,
85,33,8,,,,,71.0,,,,
86,34,8,,,,,72.0,,,,
87,35,8,,,,,72.0,,,,
88,37,8,,,,,73.0,,,,
89,37,8,,,,,74.0,,,,
90,38,8,,,,,76.0,,,,
91,36,8,,,,,79.0,,,,
92,37,8,,,,,77.0,,,,
93,38,4,,,,,81.0,,,,
94,38,4,,,,,82.0,,,,
95,39,4,,,,,81.0,,,,
96,35,2,,,,,,94.0,,,
97,36,2,,,,,,94.0,,,
98,37,2,,,,,,95.0,,,
99,38,2,,,,,,95.0,,,
100,37,2,,,,,,104.0,,,
101,37,2,,,,,,104.0,,,
102,37,2,,,,,,105.0,,,
103,37,2,,,,,,105.0,,,
104,37,2,,,,,,108.0,,,
105,36,2,,,,,,111.0,,,
106,37,4,,,,,,111.0,,,
107,37,4,,,,,,111.0,,,
108,38,4,,,,,,111.0,,,
109,38,4,,,,,,111.0,,,
110,43,4,,,,,,115.0,,,
111,43,4,,,,,,115.0,,,
112,42,4,,,,,,117.0,,,
113,43,4,,,,,,115.0,,,
114,43,4,,,,,,118.0,,,
115,43,4,,,,,,118.0,,,
116,43,4,,,,,,118.0,,,
117,44,6,,,,,,118.0,,,
118,45,8,,,,,,115.0,,,
119,45,8,,,,,,115.0,,,
120,45,8,,,,,,120.0,,,
121,45,8,,,,,,120.0,,,
122,45,8,,,,,,120.0,,,
123,45,10,,,,,,,118.0,,
124,43,10,,,,,,,123.0,,
125,44,12,,,,,,,120.0,,
126,46,12,,,,,,,120.0,,
127,47,12,,,,,,,120.0,,
128,45,12,,,,,,,123.0,,
129,45,12,,,,,,,123.0,,
130,48,12,,,,,,,123.0,,
131,48,12,,,,,,,122.0,,
132,49,12,,,,,,,,122.0,
133,50,12,,,,,,,,124.0,
134,50,12,,,,,,,,125.0,
135,49,14,,,,,,,,123.0,
136,50,14,,,,,,,,123.0,
137,52,14,,,,,,,,120.0,
138,52,14,,,,,,,,121.0,
139,52,14,,,,,,,,121.0,
140,53,14,,,,,,,,125.0,
141,53,14,,,,,,,,125.0,
142,53,14,,,,,,,,126.0,
143,53,14,,,,,,,,126.0,
144,53,14,,,,,,,,128.0,
145,53,14,,,,,,,,128.0,
146,55,14,,,,,,,,127.0,
147,56,14,,,,,,,,128.0,
148,52,10,,,,,,,,140.0,
149,52,10,,,,,,,,140.0,
150,52,10,,,,,,,,140.0,
151,53,10,,,,,,,,140.0,
152,52,10,,,,,,,,142.0,
153,55,10,,,,,,,,143.0,
154,56,10,,,,,,,,143.0,
155,56,10,,,,,,,,143.0,
156,56,10,,,,,,,,145.0,
157,56,10,,,,,,,,146.0,
158,56,10,,,,,,,,145.0,
159,55,10,,,,,,,,147.0,
160,57,10,,,,,,,,149.0,
161,57,10,,,,,,,,149.0,
162,57,10,,,,,,,,149.0,
163,59,10,,,,,,,,147.0,
164,60,10,,,,,,,,147.0,
165,63,10,,,,,,,,147.0,
166,63,10,,,,,,,,150.0,
167,63,10,,,,,,,,150.0,
168,63,12,,,,,,,,150.0,
169,65,12,,,,,,,,148.0,
170,66,12,,,,,,,,148.0,
171,64,12,,,,,,,,151.0,
172,60,12,,,,,,,,160.0,
173,60,12,,,,,,,,160.0,
174,61,12,,,,,,,,161.0,
175,62,12,,,,,,,,162.0,
176,64,12,,,,,,,,165.0,
177,64,12,,,,,,,,166.0,
178,67,12,,,,,,,,166.0,
179,68,12,,,,,,,,166.0,
180,68,12,,,,,,,,175.0,
181,72,12,,,,,,,,175.0,
182,72,12,,,,,,,,174.0,
183,73,6,,,,,,,,183.0,
184,73,6,,,,,,,,183.0,
185,74,6,,,,,,,,182.0,
186,75,6,,,,,,,,182.0,
187,75,6,,,,,,,,183.0,
188,73,6,,,,,,,,186.0,
189,74,6,,,,,,,,186.0,
190,75,6,,,,,,,,186.0,
191,75,6,,,,,,,,185.0,
192,76,6,,,,,,,,188.0,
193,77,6,,,,,,,,186.0,
194,79,6,,,,,,,,186.0,
195,79,6,,,,,,,,186.0,
196,78,4,,,,,,,,191.0,
197,80,4,,,,,,,,191.0,
198,81,4,,,,,,,,192.0,
199,79,4,,,,,,,,196.0,
200,82,4,,,,,,,,198.0,
201,84,4,,,,,,,,197.0,
202,84,10,,,,,,,,198.0,
203,82,10,,,,,,,,201.0,
204,84,10,,,,,,,,202.0,
205,84,10,,,,,,,,203.0,
206,86,19,,,,,,,,192.0,
207,88,19,,,,,,,,192.0,
208,87,19,,,,,,,,,198.0
209,87,19,,,,,,,,,198.0
210,90,19,,,,,,,,,200.0
211,91,19,,,,,,,,,200.0
212,91,19,,,,,,,,,200.0
213,91,19,,,,,,,,,200.0
214,91,19,,,,,,,,,201.0
215,91,19,,,,,,,,,202.0
216,91,21,,,,,,,,,202.0
217,91,21,,,,,,,,,202.0
218,93,21,,,,,,,,,202.0
219,93,21,,,,,,,,,202.0
220,92,19,,,,,,,,,209.0
221,93,21,,,,,,,,,205.0
222,76,15,,,,,,,,,228.0
223,77,15,,,,,,,,,228.0
224,79,17,,,,,,,,,226.0
225,79,17,,,,,,,,,227.0
226,79,17,,,,,,,,,227.0
227,80,17,,,,,,,,,227.0
228,83,17,,,,,,,,,229.0
229,83,17,,,,,,,,,229.0
230,83,17,,,,,,,,,233.0
231,83,17,,,,,,,,,234.0
232,83,17,,,,,,,,,234.0
233,83,17,,,,,,,,,234.0
234,84,17,,,,,,,,,236.0
235,84,17,,,,,,,,,237.0
236,84,17,,,,,,,,,240.0
237,84,17,,,,,,,,,240.0
238,97,25,,,,,,,,,221.0
239,97,25,,,,,,,,,221.0
240,97,25,,,,,,,,,222.0
241,97,25,,,,,,,,,222.0
242,96,27,,,,,,,,,221.0
243,96,27,,,,,,,,,221.0
244,96,27,,,,,,,,,221.0
245,97,27,,,,,,,,,221.0
246,98,27,,,,,,,,,221.0
247,98,27,,,,,,,,,221.0
248,100,24,,,,,,,,,227.0
249,102,24,,,,,,,,,228.0
250,103,24,,,,,,,,,228.0
251,103,24,,,,,,,,,227.0
252,104,24,,,,,,,,,227.0
253,104,24,,,,,,,,,227.0
254,107,24,,,,,,,,,227.0
255,107,24,,,,,,,,,228.0
256,107,24,,,,,,,,,227.0
257,108,24,,,,,,,,,227.0
258,109,24,,,,,,,,,227.0
259,105,24,,,,,,,,,233.0
260,105,24,,,,,,,,,236.0
261,105,24,,,,,,,,,237.0
262,102,24,,,,,,,,,244.0
263,103,24,,,,,,,,,245.0
264,103,24,,,,,,,,,245.0
265,104,24,,,,,,,,,245.0
266,104,26,,,,,,,,,242.0
267,108,26,,,,,,,,,240.0
268,105,26,,,,,,,,,245.0
269,105,26,,,,,,,,,245.0
270,107,22,,,,,,,,,250.0
271,107,22,,,,,,,,,250.0
272,108,20,,,,,,,,,254.0
273,110,22,,,,,,,,,250.0
274,111,22,,,,,,,,,251.0
275,111,22,,,,,,,,,251.0
276,112,22,,,,,,,,,253.0
277,113,22,,,,,,,,,254.0
278,115,22,,,,,,,,,253.0
279,114,26,,,,,,,,,253.0
280,116,26,,,,,,,,,253.0
281,116,26,,,,,,,,,254.0
282,118,26,,,,,,,,,254.0
283,118,26,,,,,,,,,253.0
284,119,26,,,,,,,,,256.0
285,115,26,,,,,,,,,261.0
286,116,26,,,,,,,,,261.0
287,116,26,,,,,,,,,263.0
288,117,26,,,,,,,,,266.0
289,117,29,,,,,,,,,262.0
290,118,29,,,,,,,,,262.0
291,118,29,,,,,,,,,262.0
292,120,29,,,,,,,,,262.0
293,121,29,,,,,,,,261.0,
294,121,29,,,,,,,,262.0,
295,121,29,,,,,,,,262.0,
296,122,29,,,,,,,,259.0,
297,122,29,,,,,,,,261.0,
298,123,29,,,,,,,,261.0,
299,124,29,,,,,,,,262.0,
300,127,29,,,,,,,,262.0,
301,128,29,,,,,,,,262.0,
302,127,29,,,,,,,,265.0,
303,128,29,,,,,,,,265.0,
304,128,27,,,,,,,,269.0,
305,129,27,,,,,,,,271.0,
306,133,27,,,,,,,,272.0,
307,136,27,,,,,,,,272.0,
308,139,31,,,,,,,,267.0,
309,140,31,,,,,,,,267.0,
310,139,25,,,,,,,,277.0,
311,139,25,,,,,,,,277.0,
312,142,25,,,,,,,,272.0,
313,142,25,,,,,,,,272.0,
314,145,25,,,,,,,,272.0,
315,147,25,,,,,,,271.0,,
316,148,25,,,,,,,270.0,,
317,148,27,,,,,,,267.0,,
318,148,27,,,,,,,267.0,,
319,149,27,,,,,,,267.0,,
320,149,25,,,,,,,277.0,,
321,151,25,,,,,,,275.0,,
322,150,27,,,,,,,274.0,,
323,150,27,,,,,,,274.0,,
324,148,27,,,,,,,279.0,,
325,151,27,,,,,,,275.0,,
326,151,27,,,,,,,276.0,,
327,151,27,,,,,,,277.0,,
328,152,27,,,,,,,278.0,,
329,153,27,,,,,,,278.0,,
330,150,24,,,,,,,285.0,,
331,150,24,,,,,,,285.0,,
332,151,24,,,,,,,286.0,,
333,151,24,,,,,,,287.0,,
334,154,24,,,,,,287.0,,,
335,154,24,,,,,,288.0,,,
336,156,24,,,,,,287.0,,,
337,156,24,,,,,,287.0,,,
338,156,22,,,,,,290.0,,,
339,154,20,,,,,,296.0,,,
340,154,20,,,,,,295.0,,,
341,155,20,,,,,,295.0,,,
342,157,20,,,,,,294.0,,,
343,157,20,,,,,,294.0,,,
344,157,17,,,,,,301.0,,,
345,161,20,,,,,,294.0,,,
346,161,20,,,,,,296.0,,,
347,161,20,,,,,,297.0,,,
348,158,20,,,,,,302.0,,,
349,159,20,,,,,,302.0,,,
350,159,20,,,,,,301.0,,,
351,159,20,,,,,,302.0,,,
352,156,17,,,,,,311.0,,,
353,156,17,,,,,,311.0,,,
354,159,17,,,,,,311.0,,,
355,159,17,,,,,,311.0,,,
356,159,17,,,,,,311.0,,,
357,159,17,,,,,,312.0,,,
358,161,17,,,,,,312.0,,,
359,160,19,,,,,,312.0,,,
360,161,19,,,,,,316.0,,,
361,161,19,,,,,,,317.0,,
362,163,23,,,,,,,312.0,,
363,163,23,,,,,,,312.0,,
364,164,24,,,,,,,310.0,,
365,164,24,,,,,,,310.0,,
366,165,24,,,,,,,311.0,,
367,165,24,,,,,,,311.0,,
368,167,24,,,,,,,311.0,,
369,167,24,,,,,,,311.0,,
370,167,24,,,,,,,310.0,,
371,167,24,,,,,,,310.0,,
372,167,24,4,,,,,,305.0,,
373,167,24,4,,,,,,305.0,,
374,168,24,4,,,,,,303.0,,
375,164,24,4,,,,,,309.0,,
376,164,24,4,,,,,,310.0,,
377,164,24,4,,,,,,309.0,,
378,164,24,8,,,,,,305.0,,
379,164,24,8,,,,,,305.0,,
380,165,24,8,,,,,,306.0,,
381,165,24,8,,,,,,306.0,,
382,165,24,8,,,,,,306.0,,
383,165,24,8,,,,,,305.0,,
384,162,24,8,,,,,,309.0,,
385,163,24,8,,,,,,308.0,,
386,165,24,8,,,,,,305.0,,
387,165,24,8,,,,,,306.0,,
388,165,26,8,,,,,,305.0,,
389,165,26,8,,,,,,305.0,,
390,165,26,8,,,,,,305.0,,
391,165,26,8,,,,,,304.0,,
392,165,26,8,,,,,,307.0,,
393,168,26,8,,,,,,303.0,,
394,170,26,8,,,,,,303.0,,
395,170,26,8,,,,,,304.0,,
396,171,26,8,,,,,,303.0,,
397,171,26,8,,,,,,303.0,,
398,172,26,8,,,,,,303.0,,
399,172,26,8,,,,,,303.0,,
400,172,28,8,,,,,,303.0,,
401,174,28,8,,,,,,300.0,,
402,174,28,8,,,,,,300.0,,
403,174,28,8,,,,,,300.0,,
404,174,28,4,,,,,,307.0,,
405,175,30,4,,,,,,303.0,,
406,175,30,4,,,,,,303.0,,
407,175,30,4,,,,,,303.0,,
408,177,32,4,,,,,,301.0,,
409,177,32,4,,,,,,301.0,,
410,178,32,4,,,,,,301.0,,
411,178,32,4,,,,,,301.0,,
412,179,32,4,,,,,,302.0,,
413,179,32,4,,,,,,302.0,,
414,179,32,4,,,,,,301.0,,
415,179,32,4,,,,,,301.0,,
416,177,32,4,,,,,,306.0,,
417,177,32,4,,,,,,306.0,,
418,177,32,4,,,,,,306.0,,
419,177,32,4,,,,,,306.0,,
420,172,32,4,,,,,,316.0,,
421,172,32,4,,,,,,316.0,,
422,173,32,4,,,,,,314.0,,
423,174,32,4,,,,,313.0,,,
424,174,32,4,,,,,314.0,,,
425,174,32,4,,,,,314.0,,,
426,174,32,4,,,,,315.0,,,
427,174,32,4,,,,,314.0,,,
428,175,32,4,,,,,311.0,,,
429,175,32,4,,,,,311.0,,,
430,176,32,4,,,,,312.0,,,
431,176,32,4,,,,,312.0,,,
432,179,32,4,,,,,312.0,,,
433,179,32,4,,,,,312.0,,,
434,179,32,4,,,,,312.0,,,
435,179,32,4,,,,,312.0,,,
436,179,32,4,,,,,312.0,,,
437,179,32,4,,,,,312.0,,,
438,187,32,12,,,,,296.0,,,
439,187,32,12,,,,,296.0,,,
440,185,32,12,,,,,302.0,,,
441,188,32,12,,,,,300.0,,,
442,188,32,12,,,,,300.0,,,
443,188,32,12,,,,,300.0,,,
444,190,32,12,,,,,298.0,,,
445,190,32,12,,,,,297.0,,,
446,190,32,12,,,,,296.0,,,
447,190,32,12,,,,,295.0,,,
448,190,32,12,,,,,295.0,,,
449,191,30,12,,,,,295.0,,,
450,188,27,12,,,,,305.0,,,
451,190,27,12,,,,,302.0,,,
452,186,27,12,,,,,308.0,,,
453,186,27,12,,,,,308.0,,,
454,186,27,12,,,,,308.0,,,
455,186,27,12,,,,,308.0,,,
456,187,27,12,,,,,311.0,,,
457,187,27,12,,,,,311.0,,,
458,187,27,12,,,,,312.0,,,
459,188,29,12,,,,,307.0,,,
460,186,29,12,,,,,312.0,,,
461,188,35,12,,,,,303.0,,,
462,188,35,12,,,,,305.0,,,
463,189,35,12,,,,,303.0,,,
464,187,35,12,,,,,307.0,,,
465,187,35,12,,,,,308.0,,,
466,188,35,12,,,,,310.0,,,
467,188,35,12,,,,,310.0,,,
468,185,35,12,,,,,314.0,,,
469,185,38,12,,,,,310.0,,,
470,185,38,12,,,,,310.0,,,
471,185,38,12,,,,,310.0,,,
472,186,38,12,,,,,313.0,,,
473,186,38,12,,,,,313.0,,,
474,187,38,12,,,,,314.0,,,
475,188,38,12,,,,,312.0,,,
476,176,33,8,,,,,335.0,,,
477,176,33,8,,,,,337.0,,,
478,178,35,8,,,,,335.0,,,
479,180,35,8,,,,,332.0,,,
480,180,35,8,,,,,332.0,,,
481,180,35,8,,,,,331.0,,,
482,181,35,8,,,,,331.0,,,
483,182,35,8,,,,,331.0,,,
484,184,37,8,,,,,327.0,,,
485,184,37,8,,,,,327.0,,,
486,185,37,8,,,,,327.0,,,
487,185,40,8,,,,,323.0,,,
488,183,40,8,,,,,329.0,,,
489,189,40,12,,,,,318.0,,,
490,193,38,12,,,,,321.0,,,
491,194,41,12,,,,,316.0,,,
492,197,41,12,,,,,313.0,,,
493,197,41,12,,,,,313.0,,,
494,198,41,12,,,,,313.0,,,
495,198,41,16,,,,,307.0,,,
496,201,43,16,,,,,304.0,,,
497,202,41,16,,,,,303.0,,,
498,203,41,16,,,,,305.0,,,
499,203,41,16,,,,,305.0,,,
500,204,41,16,,,,,305.0,,,
501,206,46,16,,,,,295.0,,,
502,204,48,16,,,,,296.0,,,
503,204,48,16,,,,,296.0,,,
504,205,52,22,,,,,285.0,,,
505,207,52,22,,,,,285.0,,,
506,208,52,22,,,,,285.0,,,
507,208,52,22,,,,,285.0,,,
508,208,52,22,,,,,286.0,,,
509,208,52,26,,,,,281.0,,,
510,208,50,31,,,,,281.0,,,
511,207,48,26,,,,,290.0,,,
512,208,48,26,,,,,290.0,,,
513,211,54,18,,,,,289.0,,,
514,211,54,18,,,,,290.0,,,
515,212,54,18,,,,,290.0,,,
516,212,54,18,,,,,288.0,,,
517,212,54,18,,,,,288.0,,,
518,213,54,18,,,,,288.0,,,
519,214,57,23,,,,,278.0,,,
520,211,47,17,,,,,299.0,,,
521,211,47,17,,,,,299.0,,,
522,213,47,17,,,,,301.0,,,
523,213,51,17,,,,,296.0,,,
524,214,51,22,,,,,289.0,,,
525,215,51,22,,,,,290.0,,,
526,216,51,22,,,,,291.0,,,
527,216,51,22,,,,,290.0,,,
528,217,53,18,,,,,292.0,,,
529,217,53,18,,,,,292.0,,,
530,217,53,18,,,,,293.0,,,
531,213,51,18,,,,,301.0,,,
532,214,51,18,,,,,301.0,,,
533,214,51,18,,,,,301.0,,,
534,213,51,18,,,,,304.0,,,
535,213,51,18,,,,,303.0,,,
536,212,49,18,,,,,308.0,,,
537,212,49,18,,,,,309.0,,,
538,212,49,18,,,,,309.0,,,
539,212,49,18,,,,,309.0,,,
540,208,45,18,,,,,330.0,,,
541,209,47,18,,,,,326.0,,,
542,209,47,18,,,,,326.0,,,
543,210,47,18,,,,,325.0,,,
544,209,47,31,,,,,316.0,,,
545,209,47,31,,,,,316.0,,,
546,208,44,31,,,,,323.0,,,
547,208,48,26,,,,,323.0,,,
548,208,48,26,,,,,324.0,,,
549,209,46,26,,,,,324.0,,,
550,208,46,21,,,,,331.0,,,
551,208,46,21,,,,,330.0,,,
552,203,49,21,,,,,339.0,,,
553,203,49,21,,,,,339.0,,,
554,207,52,21,,,,,330.0,,,
555,207,52,21,,,,,329.0,,,
556,209,52,21,,,,,329.0,,,
557,209,52,21,,,,,329.0,,,
558,210,52,21,,,,,329.0,,,
559,212,49,21,,,,,329.0,,,
560,210,43,21,,,,,347.0,,,
561,210,43,21,,,,,347.0,,,
562,210,43,21,,,,,347.0,,,
563,210,43,21,,,,,347.0,,,
564,211,51,21,4,,,,334.0,,,
565,211,51,21,4,,,,334.0,,,
566,211,51,21,4,,,,333.0,,,
567,212,51,21,4,,,,333.0,,,
568,213,51,21,4,,,,333.0,,,
569,218,51,26,4,,,,320.0,,,
570,212,51,26,4,,,,336.0,,,
571,212,51,25,4,,,,335.0,,,
572,212,51,25,4,,,,335.0,,,
573,212,51,25,4,,,,335.0,,,
574,212,51,25,4,,,,335.0,,,
575,212,51,25,4,,,,335.0,,,
576,213,51,25,4,,,,340.0,,,
577,214,51,25,4,,,,338.0,,,
578,214,51,25,4,,,,338.0,,,
579,214,51,25,4,,,,338.0,,,
580,212,52,25,4,,,,343.0,,,
581,212,52,25,4,,,,343.0,,,
582,214,52,25,4,,,,342.0,,,
583,214,52,25,4,,,,341.0,,,
584,214,52,25,4,,,,341.0,,,
585,214,52,25,4,,,,340.0,,,
586,214,52,25,4,,,,340.0,,,
587,214,52,25,4,,,,339.0,,,
588,214,52,25,4,,,,343.0,,,
589,215,52,25,4,,,,341.0,,,
590,216,52,25,4,,,,341.0,,,
591,216,52,25,4,,,,340.0,,,
592,217,42,25,4,,,,353.0,,,
593,217,42,25,4,,,,351.0,,,
594,215,42,25,4,,,,359.0,,,
595,215,42,25,4,,,,359.0,,,
596,215,42,25,4,,,,359.0,,,
597,216,46,25,4,,,,352.0,,,
598,217,46,25,4,,,,350.0,,,
599,217,54,25,4,,,,341.0,,,
600,219,54,25,4,,,,342.0,,,
601,218,54,25,4,,,,342.0,,,
602,219,54,25,4,,,,342.0,,,
603,220,54,25,4,,,,341.0,,,
604,220,54,25,4,,,,341.0,,,
605,220,54,25,4,,,,341.0,,,
606,220,54,25,4,,,,340.0,,,
607,220,54,25,4,,,,340.0,,,
608,219,54,25,4,,,,340.0,,,
609,219,54,25,4,,,,340.0,,,
610,220,51,29,4,,,,339.0,,,
611,220,53,42,4,,,,323.0,,,
612,221,53,42,4,,,,323.0,,,
613,221,53,42,4,,,,322.0,,,
614,221,53,50,4,,,,315.0,,,
615,221,53,50,4,,,,315.0,,,
616,219,50,50,4,,,,323.0,,,
617,219,50,50,4,,,,323.0,,,
618,219,50,50,4,,,,323.0,,,
619,219,50,49,4,,,,323.0,,,
620,219,50,49,4,,,,323.0,,,
621,219,50,49,4,,,,323.0,,,
622,221,52,49,4,,,,319.0,,,
623,221,52,49,4,,,,318.0,,,
624,221,52,49,4,,,,319.0,,,
625,220,51,49,4,,,,319.0,,,
626,219,53,48,4,,,,319.0,,,
627,219,53,48,4,,,,319.0,,,
628,220,53,48,4,,,,319.0,,,
629,220,53,48,4,,,,319.0,,,
630,217,53,49,4,,,,324.0,,,
631,217,53,49,4,,,,324.0,,,
632,218,53,49,4,,,,324.0,,,
633,218,53,49,4,,,,324.0,,,
634,218,53,49,4,,,,324.0,,,
635,218,53,49,4,,,,324.0,,,
636,220,53,49,4,,,,326.0,,,
637,217,50,40,4,,,,341.0,,,
638,217,50,40,4,,,,341.0,,,
639,217,48,40,4,,,,341.0,,,
640,222,51,40,4,,,,336.0,,,
641,222,51,40,4,,,,336.0,,,
642,223,51,40,4,,,,336.0,,,
643,225,51,40,4,,,,333.0,,,
644,225,51,40,4,,,,331.0,,,
645,225,51,40,4,,,,331.0,,,
646,225,51,40,4,,,,330.0,,,
647,226,51,40,4,,,,328.0,,,
648,224,55,40,4,,,,332.0,,,
649,227,60,49,4,,,,314.0,,,
650,228,60,49,4,,,,312.0,,,
651,228,64,49,4,,,,307.0,,,
652,228,62,49,4,,,,312.0,,,
653,229,62,49,4,,,,310.0,,,
654,229,62,49,4,,,,310.0,,,
655,231,64,49,4,,,,304.0,,,
656,232,66,49,4,,,,302.0,,,
657,232,66,49,4,,,,302.0,,,
658,232,66,49,4,,,,302.0,,,
659,232,66,49,4,,,,302.0,,,
660,230,69,49,4,,,,306.0,,,
661,230,69,49,4,,,,306.0,,,
662,231,69,49,4,,,,306.0,,,
663,231,69,49,4,,,,306.0,,,
664,230,71,49,4,,,,306.0,,,
665,226,69,49,4,,,,312.0,,,
666,226,69,49,4,,,,312.0,,,
667,226,69,49,4,,,,312.0,,,
668,227,69,49,4,,,,311.0,,,
669,227,69,49,4,,,,311.0,,,
670,227,69,49,4,,,,311.0,,,
671,227,69,49,4,,,,311.0,,,
672,226,71,49,4,,,,312.0,,,
673,226,71,49,4,,,,312.0,,,
674,229,73,49,4,,,,305.0,,,
675,231,73,49,4,,,,306.0,,,
676,231,74,49,4,,,,306.0,,,
677,231,74,49,4,,,,306.0,,,
678,232,74,49,4,,,,307.0,,,
679,232,74,49,4,,,,306.0,,,
680,233,74,54,4,,,,301.0,,,
681,229,71,54,4,,,,309.0,,,
682,232,69,54,4,,,,308.0,,,
683,232,69,57,,,,,308.0,,,
684,232,69,56,,,,,310.0,,,
685,233,69,56,,,,,310.0,,,
686,237,69,56,,,,,308.0,,,
687,237,69,56,,,,,308.0,,,
688,235,69,56,,,,,312.0,,,
689,235,73,51,,,,,312.0,,,
690,236,73,51,,,,,312.0,,,
691,236,73,51,,,,,311.0,,,
692,235,71,51,,,,,316.0,,,
693,235,71,51,,,,,316.0,,,
694,235,71,51,,,,,316.0,,,
695,239,74,51,,,,,308.0,,,
696,239,74,51,,,,,310.0,,,
697,239,74,51,,,,,310.0,,,
698,240,85,51,,,,,295.0,,,
699,240,85,51,,,,,295.0,,,
700,239,87,44,7,,,,295.0,,,
701,239,90,44,7,,,,290.0,,,
702,240,90,44,7,,,,290.0,,,
703,240,90,44,7,,,,290.0,,,
704,239,88,44,8,,,,295.0,,,
705,242,88,44,8,,,,291.0,,,
706,242,88,44,8,,,,290.0,,,
707,242,88,44,8,,,,290.0,,,
708,245,88,44,8,,,,290.0,,,
709,245,88,44,8,,,,290.0,,,
710,245,83,44,,,,,306.0,,,
711,244,81,44,,,,,310.0,,,
712,246,81,44,,,,,310.0,,,
713,247,85,44,,,,,304.0,,,
714,246,87,44,,,,,303.0,,,
715,247,89,44,,,,,300.0,,,
716,247,89,44,,,,,301.0,,,
717,247,89,44,,,,,301.0,,,
718,248,89,44,,,,,300.0,,,
719,248,89,44,,,,,300.0,,,
720,247,83,40,,,,,316.0,,,
721,247,83,40,,,,,316.0,,,
722,247,83,40,,,,,316.0,,,
723,248,85,40,,,,,312.0,,,
724,249,87,40,,,,,308.0,,,
725,249,87,40,,,,,308.0,,,
726,249,87,40,,,,,309.0,,,
727,249,87,40,,,,,309.0,,,
728,250,92,40,8,,,,294.0,,,
729,253,96,44,8,,,,282.0,,,
730,251,92,53,8,,,,282.0,,,
731,251,92,53,8,,,,282.0,,,
732,252,94,49,13,,,,279.0,,,
733,252,94,49,13,,,,279.0,,,
734,252,94,49,13,,,,279.0,,,
735,255,94,49,13,,,,279.0,,,
736,255,94,49,13,,,,279.0,,,
737,255,94,49,13,,,,278.0,,,
738,254,96,49,13,,,,278.0,,,
739,254,96,49,13,,,,278.0,,,
740,253,96,49,13,,,,280.0,,,
741,253,96,49,13,,,,280.0,,,
742,253,96,49,13,,,,279.0,,,
743,253,96,49,13,,,,279.0,,,
744,253,96,49,13,,,,277.0,,,
745,254,96,49,13,,,,277.0,,,
746,254,96,49,13,,,,276.0,,,
747,255,98,49,13,,,272.0,,,,
748,255,98,49,13,,,272.0,,,,
749,255,98,49,13,,,272.0,,,,
750,254,100,49,8,8,,271.0,,,,
751,254,100,49,8,8,,271.0,,,,
752,254,100,49,8,8,,271.0,,,,
753,254,100,49,8,8,,270.0,,,,
754,255,100,49,8,8,,268.0,,,,
755,255,100,49,8,8,,268.0,,,,
756,255,100,49,8,8,,268.0,,,,
757,255,100,49,8,8,,268.0,,,,
758,258,102,49,8,8,,261.0,,,,
759,258,102,49,8,8,,261.0,,,,
760,255,96,41,8,8,,280.0,,,,
761,255,96,41,8,8,,280.0,,,,
762,246,79,32,8,8,,316.0,,,,
763,246,79,32,8,8,,315.0,,,,
764,246,79,32,8,8,,315.0,,,,
765,246,79,32,8,8,,315.0,,,,
766,246,79,32,8,8,,315.0,,,,
767,246,79,32,8,8,,315.0,,,,
768,247,79,32,8,8,,316.0,,,,
769,247,81,32,8,8,,312.0,,,,
770,247,81,32,8,8,,313.0,,,,
771,247,81,32,8,8,,313.0,,,,
772,248,81,32,8,8,,313.0,,,,
773,248,81,32,8,8,,313.0,,,,
774,248,81,32,8,8,,313.0,,,,
775,258,98,40,8,8,,278.0,,,,
776,257,93,40,8,8,,289.0,,,,
777,258,93,48,8,8,,280.0,,,,
778,258,93,48,8,8,,280.0,,,,
779,258,93,48,8,8,,280.0,,,,
780,260,93,48,8,8,,282.0,,,,
781,260,93,48,8,8,,282.0,,,,
782,261,93,48,8,8,,280.0,,,,
783,261,93,48,8,8,,280.0,,,,
784,262,93,48,8,8,,280.0,,,,
785,263,99,48,8,8,,272.0,,,,
786,265,99,48,8,8,,268.0,,,,
787,265,99,48,8,8,,268.0,,,,
788,263,99,42,8,8,,277.0,,,,
789,263,99,42,8,8,,277.0,,,,
790,263,99,42,8,8,,277.0,,,,
791,263,99,42,8,8,,276.0,,,,
792,265,101,42,8,8,,273.0,,,,
793,267,104,42,8,8,,267.0,,,,
794,267,104,42,8,8,,267.0,,,,
795,266,104,42,8,,,277.0,,,,
796,266,104,42,8,,,277.0,,,,
797,266,104,42,8,,,277.0,,,,
798,268,104,42,8,,,277.0,,,,
799,268,106,42,8,,,274.0,,,,
800,268,106,42,8,,,274.0,,,,
801,270,106,42,8,,,272.0,,,,
802,270,106,42,8,,,272.0,,,,
803,270,108,42,8,,,268.0,,,,
804,266,102,53,8,,,268.0,,,,
805,266,102,53,8,,,268.0,,,,
806,266,102,53,8,,,268.0,,,,
807,267,102,53,13,,,261.0,,,,
808,267,102,53,13,,,261.0,,,,
809,269,102,56,13,13,,242.0,,,,
810,256,78,34,13,13,,304.0,,,,
811,256,78,34,13,13,,304.0,,,,
812,256,78,34,13,13,,307.0,,,,
813,257,78,34,13,13,,308.0,,,,
814,257,78,34,13,13,,308.0,,,,
815,257,78,37,13,13,,305.0,,,,
816,257,76,37,13,13,,310.0,,,,
817,257,76,37,13,13,,310.0,,,,
818,257,76,37,13,13,,310.0,,,,
819,261,80,42,13,13,,295.0,,,,
820,264,80,42,13,13,,295.0,,,,
821,271,80,46,13,13,,283.0,,,,
822,271,83,46,13,13,,279.0,,,,
823,271,83,46,13,13,,279.0,,,,
824,271,83,46,13,13,,281.0,,,,
825,271,83,46,13,13,,281.0,,,,
826,273,85,46,13,13,,277.0,,,,
827,273,85,46,13,13,,277.0,,,,
828,272,87,53,13,13,,273.0,,,,
829,272,87,53,13,13,,273.0,,,,
830,272,87,53,13,13,,273.0,,,,
831,272,87,53,13,13,,272.0,,,,
832,272,87,53,13,13,,272.0,,,,
833,272,87,53,13,13,,272.0,,,,
834,272,87,53,13,13,,272.0,,,,
835,272,87,53,13,13,,272.0,,,,
836,273,100,53,13,13,,256.0,,,,
837,276,100,53,13,13,,257.0,,,,
838,276,100,53,13,13,,256.0,,,,
839,276,100,53,13,13,,254.0,,,,
840,276,100,46,13,13,,264.0,,,,
841,277,100,49,13,8,,264.0,,,,
842,277,100,49,13,8,,264.0,,,,
843,278,103,49,13,8,,259.0,,,,
844,278,103,49,13,8,,258.0,,,,
845,277,103,49,13,8,,258.0,,,,
846,276,101,49,13,8,,263.0,,,,
847,276,101,49,13,8,,262.0,,,,
848,277,101,49,13,8,,261.0,,,,
849,277,101,49,13,8,,260.0,,,,
850,276,99,49,13,8,,264.0,,,,
851,278,101,44,13,8,,264.0,,,,
852,276,99,41,13,8,,276.0,,,,
853,275,99,41,13,8,,276.0,,,,
854,276,101,41,13,8,,273.0,,,,
855,275,101,33,13,8,,283.0,,,,
856,277,103,33,13,8,,281.0,,,,
857,277,103,33,13,8,,281.0,,,,
858,277,103,33,13,8,,281.0,,,,
859,277,103,33,13,8,,281.0,,,,
860,277,103,33,13,8,,281.0,,,,
861,277,103,33,13,8,,281.0,,,,
862,277,103,33,13,8,,279.0,,,,
863,277,103,33,13,8,,279.0,,,,
864,275,106,33,13,8,,279.0,,,,
865,275,106,33,13,8,,279.0,,,,
866,276,106,33,13,8,277.0,,,,,
867,277,106,33,13,8,276.0,,,,,
868,271,103,33,5,8,298.0,,,,,
869,271,103,33,5,8,298.0,,,,,
870,272,103,33,5,8,298.0,,,,,
871,272,103,33,5,8,297.0,,,,,
872,271,103,33,5,8,300.0,,,,,
873,271,103,48,5,8,286.0,,,,,
874,271,103,48,5,8,286.0,,,,,
875,272,100,48,5,,298.0,,,,,
876,267,98,31,5,,328.0,,,,,
877,267,98,44,5,,314.0,,,,,
878,267,98,44,5,,314.0,,,,,
879,260,90,31,5,,344.0,,,,,
880,262,90,31,5,,346.0,,,,,
881,262,90,31,5,,345.0,,,,,
882,262,90,31,5,,345.0,,,,,
883,263,94,31,5,,338.0,,,,,
884,264,94,31,5,,340.0,,,,,
885,265,94,31,5,,339.0,,,,,
886,265,94,31,5,,339.0,,,,,
887,265,94,31,5,338,,,,,,
888,266,94,31,5,338,,,,,,
889,266,94,31,5,338,,,,,,
890,267,94,31,5,337,,,,,,
891,267,94,31,5,337,,,,,,
892,267,94,31,5,336,,,,,,
893,267,94,31,5,336,,,,,,
894,263,89,31,5,348,,,,,,
895,263,89,31,5,348,,,,,,
896,272,97,52,13,302,,,,,,
897,272,97,52,13,302,,,,,,
898,271,97,52,13,301,,,,,,
899,271,97,52,13,301,,,,,,
900,269,97,52,13,305,,,,,,
901,269,97,52,13,305,,,,,,
902,270,99,52,13,300,,,,,,
903,270,99,52,13,300,,,,,,
904,271,99,52,13,301,,,,,,
905,271,99,52,13,301,,,,,,
906,275,106,52,13,290,,,,,,
907,275,106,52,13,290,,,,,,
908,275,106,52,13,290,,,,,,
909,276,106,52,13,288,,,,,,
910,279,109,69,13,266,,,,,,
911,279,109,69,13,266,,,,,,
912,274,112,56,13,285,,,,,,
913,274,112,56,13,285,,,,,,
914,274,116,65,13,271,,,,,,
915,275,114,65,13,271,,,,,,
916,275,114,65,13,272,,,,,,
917,271,104,65,13,287,,,,,,
918,273,108,65,13,281,,,,,,
919,273,108,65,13,281,,,,,,
920,271,108,65,13,286,,,,,,
921,272,108,65,13,286,,,,,,
922,274,108,65,13,283,,,,,,
923,275,110,82,13,261,,,,,,
924,275,110,82,13,264,,,,,,
925,275,110,82,13,265,,,,,,
926,277,112,89,5,260,,,,,,
927,277,112,89,5,260,,,,,,
928,279,112,89,5,257,,,,,,
929,279,112,89,5,257,,,,,,
930,279,112,89,5,258,,,,,,
931,272,107,42,5,318,,,,,,
932,273,107,42,5,319,,,,,,
933,276,113,42,5,309,,,,,,
934,276,113,42,5,309,,,,,,
935,276,113,42,5,309,,,,,,
936,278,118,42,5,309,,,,,,
937,278,118,50,5,300,,,,,,
938,278,118,50,5,300,,,,,,
939,276,121,50,10,296,,,,,,
940,276,106,46,10,316,,,,,,
941,276,106,46,10,316,,,,,,
942,276,106,46,10,316,,,,,,
943,276,106,46,10,316,,,,,,
944,278,112,46,10,308,,,,,,
945,280,112,46,10,308,,,,,,
946,280,112,46,10,307,,,,,,
947,280,112,46,10,305,,,,,,
948,280,112,46,10,306,,,,,,
949,280,112,46,10,306,,,,,,
950,280,112,46,10,306,,,,,,
951,280,112,46,10,306,,,,,,
952,278,109,46,10,313,,,,,,
953,278,109,46,10,313,,,,,,
954,276,106,46,10,320,,,,,,
955,277,106,82,28,265,,,,,,
956,279,106,80,28,265,,,,,,
957,279,106,80,28,265,,,,,,
958,279,106,80,28,265,,,,,,
959,279,106,80,28,265,,,,,,
960,281,106,80,28,268,,,,,,
961,281,106,80,28,268,,,,,,
962,281,106,80,28,268,,,,,,
963,281,106,80,28,267,,,,,,
964,281,106,80,28,267,,,,,,
965,281,106,80,28,266,,,,,,
966,282,104,72,28,276,,,,,,
967,282,104,72,28,276,,,,,,
968,283,104,72,28,277,,,,,,
969,284,104,99,28,248,,,,,,
970,284,104,99,28,248,,,,,,
971,284,104,99,28,248,,,,,,
972,285,104,99,28,248,,,,,,
973,287,104,97,28,248,,,,,,
974,287,104,97,28,247,,,,,,
975,287,104,97,28,247,,,,,,
976,288,107,90,28,249,,,,,,
977,288,107,98,28,240,,,,,,
978,289,107,98,28,241,,,,,,
979,289,107,98,28,240,,,,,,
980,291,107,103,57,204,,,,,,
981,291,107,103,57,204,,,,,,
982,291,107,103,57,204,,,,,,
983,291,107,103,57,203,,,,,,
984,290,103,103,258,8,,,,,,
985,292,103,103,255,8,,,,,,
986,292,103,103,255,8,,,,,,
987,288,108,104,252,8,,,,,,
988,288,123,88,252,8,,,,,,
989,288,123,88,251,8,,,,,,
990,289,123,88,252,8,,,,,,
991,288,123,88,252,8,,,,,,
992,285,104,88,276,8,,,,,,
993,282,102,57,28,295,,,,,,
994,282,102,57,28,295,,,,,,
995,283,102,57,28,293,,,,,,
996,283,102,57,28,295,,,,,,
997,283,102,57,28,295,,,,,,
998,283,102,57,28,295,,,,,,
999,283,102,57,28,296,,,,,,
1000,286,102,57,28,295,,,,,,
1001,288,102,64,28,285,,,,,,
1002,288,102,64,28,287,,,,,,
1003,288,104,64,28,284,,,,,,
1004,288,104,64,28,284,,,,,,
1005,290,104,64,28,282,,,,,,
1006,290,104,64,28,282,,,,,,
1007,290,104,64,28,281,,,,,,
1008,283,102,61,23,300,,,,,,
1009,283,102,61,23,300,,,,,,
1010,283,102,61,23,300,,,,,,
1011,284,102,61,23,297,,,,,,
1012,285,102,61,23,295,,,,,,
1013,287,102,61,23,292,,,,,,
1014,286,102,61,23,292,,,,,,
1015,286,102,61,23,292,,,,,,
1016,286,102,61,23,291,,,,,,
1017,286,102,61,23,290,,,,,,
1018,285,102,61,23,290,,,,,,
1019,285,102,61,23,290,,,,,,
1020,283,107,62,23,290,,,,,,
1021,283,107,62,23,289,,,,,,
1022,290,113,65,28,267,,,,,,
1023,292,115,115,232,8,,,,,,
1024,287,113,106,23,235,,,,,,
1025,287,113,106,23,235,,,,,,
1026,288,113,104,23,235,,,,,,
1027,288,113,104,23,235,,,,,,
1028,288,113,104,23,235,,,,,,
1029,287,113,104,23,237,,,,,,
1030,289,110,104,23,238,,,,,,
1031,289,110,104,23,238,,,,,,
1032,290,110,104,23,238,,,,,,
1033,291,108,104,23,238,,,,,,
1034,291,108,104,23,238,,,,,,
1035,291,108,104,23,238,,,,,,
1036,290,106,104,23,242,,,,,,
1037,292,108,104,252,8,,,,,,
1038,291,105,104,256,8,,,,,,
1039,291,105,104,256,8,,,,,,
1040,295,107,104,250,8,,,,,,
1041,294,107,104,251,8,,,,,,
1042,295,107,104,249,8,,,,,,
1043,295,107,104,249,8,,,,,,
1044,298,113,94,249,8,,,,,,
1045,299,119,94,240,8,,,,,,
1046,299,119,94,240,8,,,,,,
1047,299,119,104,228,8,,,,,,
1048,294,119,112,228,8,,,,,,
1049,293,119,129,210,8,,,,,,
1050,289,116,139,210,8,,,,,,
1051,288,116,139,210,8,,,,,,
1052,288,116,139,210,8,,,,,,
1053,288,116,139,209,8,,,,,,
1054,288,116,139,209,8,,,,,,
1055,288,116,138,209,8,,,,,,
1056,285,116,107,10,247,,,,,,
1057,285,116,107,10,247,,,,,,
1058,285,116,107,10,247,,,,,,
1059,288,121,107,10,237,,,,,,
1060,293,121,107,10,232,,,,,,
1061,293,121,107,10,232,,,,,,
1062,292,118,107,10,238,,,,,,
1063,292,118,107,10,238,,,,,,
1064,292,118,107,10,238,,,,,,
1065,288,113,82,10,8,271.0,,,,,
1066,288,113,82,10,8,271.0,,,,,
1067,288,113,94,10,8,257.0,,,,,
1068,289,113,94,10,8,255.0,,,,,
1069,290,113,94,10,8,252.0,,,,,
1070,290,113,94,10,8,252.0,,,,,
1071,290,113,94,10,8,252.0,,,,,
1072,291,113,94,10,8,251.0,,,,,
1073,291,113,94,10,8,251.0,,,,,
1074,291,113,94,10,8,251.0,,,,,
1075,291,113,94,10,8,251.0,,,,,
1076,294,115,105,10,8,235.0,,,,,
1077,294,115,105,10,8,234.0,,,,,
1078,294,115,105,10,8,234.0,,,,,
1079,294,117,105,10,8,231.0,,,,,
1080,293,117,97,10,8,243.0,,,,,
1081,292,117,97,10,8,242.0,,,,,
1082,292,117,97,10,8,242.0,,,,,
1083,293,117,133,10,210,,,,,,
1084,293,117,133,10,210,,,,,,
1085,293,121,128,10,211,,,,,,
1086,292,125,106,10,230,,,,,,
1087,294,123,106,10,228,,,,,,
1088,294,123,105,10,228,,,,,,
1089,294,123,105,10,228,,,,,,
1090,296,121,105,10,231,,,,,,
1091,298,126,111,32,194,,,,,,
1092,298,126,111,32,194,,,,,,
1093,298,126,111,32,194,,,,,,
1094,298,126,116,32,188,,,,,,
1095,297,128,116,32,188,,,,,,
1096,297,128,116,32,188,,,,,,
1097,297,128,116,32,187,,,,,,
1098,293,117,116,5,232,,,,,,
1099,293,117,116,5,232,,,,,,
1100,295,117,116,5,230,,,,,,
1101,297,114,116,5,229,,,,,,
1102,297,114,116,5,229,,,,,,
1103,298,114,124,5,219,,,,,,
1104,301,111,124,5,219,,,,,,
1105,301,111,124,5,219,,,,,,
1106,301,111,124,5,218,,,,,,
1107,301,111,124,5,218,,,,,,
1108,301,111,124,5,218,,,,,,
1109,301,113,124,10,210,,,,,,
1110,301,113,124,10,209,,,,,,
1111,306,124,133,36,157,,,,,,
1112,306,124,133,36,157,,,,,,
1113,308,122,133,36,157,,,,,,
1114,309,122,152,15,157,,,,,,
1115,309,130,147,15,152,,,,,,
1116,310,123,155,63,102,,,,,,
1117,311,123,155,61,102,,,,,,
1118,312,123,155,59,102,,,,,,
1119,313,125,151,59,102,,,,,,
1120,312,127,151,59,102,,,,,,
1121,312,127,151,59,102,,,,,,
1122,312,127,151,59,102,,,,,,
1123,313,127,149,59,102,,,,,,
1124,313,130,145,59,102,,,,,,
1125,306,126,145,59,114,,,,,,
1126,306,126,145,59,114,,,,,,
1127,306,126,145,59,115,,,,,,
1128,307,126,145,57,116,,,,,,
1129,306,126,145,57,116,,,,,,
1130,303,131,145,57,116,,,,,,
1131,303,130,145,57,116,,,,,,
1132,303,130,145,57,116,,,,,,
1133,303,130,145,57,116,,,,,,
1134,300,130,149,57,115,,,,,,
1135,300,130,149,57,115,,,,,,
1136,300,130,150,57,115,,,,,,
1137,300,130,150,57,115,,,,,,
1138,300,130,150,57,115,,,,,,
1139,307,142,142,57,102,,,,,,
1140,307,140,148,57,102,,,,,,
1141,307,140,148,56,102,,,,,,
1142,307,140,147,56,101,,,,,,
1143,307,140,147,56,101,,,,,,
1144,306,140,147,56,101,,,,,,
1145,306,144,147,56,96,,,,,,
1146,303,144,143,15,145,,,,,,
1147,304,144,143,15,143,,,,,,
1148,304,144,143,15,143,,,,,,
1149,305,142,143,15,143,,,,,,
1150,305,142,134,15,152,,,,,,
1151,305,142,133,15,152,,,,,,
1152,306,142,128,15,159,,,,,,
1153,306,142,128,15,159,,,,,,
1154,306,144,125,15,159,,,,,,
1155,306,144,125,15,159,,,,,,
1156,306,144,125,15,159,,,,,,
1157,306,144,125,15,159,,,,,,
1158,308,144,125,15,156,,,,,,
1159,308,144,125,15,156,,,,,,
1160,310,144,122,15,156,,,,,,
1161,312,144,119,15,156,,,,,,
1162,312,144,119,15,156,,,,,,
1163,311,144,119,15,156,,,,,,
1164,311,144,119,15,155,,,,,,
1165,312,144,119,63,104,,,,,,
1166,312,144,119,63,104,,,,,,
1167,313,146,115,63,104,,,,,,
1168,314,148,121,105,51,,,,,,
1169,314,148,121,105,51,,,,,,
1170,315,146,124,105,51,,,,,,
1171,315,146,124,105,51,,,,,,
1172,317,148,121,102,51,,,,,,
1173,317,148,121,102,51,,,,,,
1174,316,148,121,102,51,,,,,,
1175,316,148,121,102,51,,,,,,
1176,314,148,127,102,51,,,,,,
1177,314,148,127,102,51,,,,,,
1178,314,148,127,102,51,,,,,,
1179,314,148,127,102,51,,,,,,
1180,314,148,126,102,51,,,,,,
1181,314,148,126,102,51,,,,,,
1182,314,148,126,101,51,,,,,,
1183,313,150,126,101,51,,,,,,
1184,312,150,126,100,51,,,,,,
1185,312,150,126,99,51,,,,,,
1186,312,150,126,99,51,,,,,,
1187,312,150,126,99,51,,,,,,
1188,311,144,136,99,51,,,,,,
1189,311,144,136,99,51,,,,,,
1190,313,144,137,99,51,,,,,,
1191,313,144,137,99,51,,,,,,
1192,315,146,149,83,51,,,,,,
1193,315,146,149,83,51,,,,,,
1194,315,146,149,83,51,,,,,,
1195,311,144,127,83,80,,,,,,
1196,311,144,127,83,80,,,,,,
1197,314,144,127,78,80,,,,,,
1198,316,146,123,78,78,,,,,,
1199,316,148,120,78,78,,,,,,
1200,316,146,120,73,86,,,,,,
1201,316,146,120,73,86,,,,,,
1202,316,146,120,73,86,,,,,,
1203,316,146,120,73,86,,,,,,
1204,316,146,120,73,86,,,,,,
1205,316,146,120,73,86,,,,,,
1206,316,146,120,73,86,,,,,,
1207,315,146,120,73,86,,,,,,
1208,314,147,120,73,86,,,,,,
1209,316,151,130,73,68,,,,,,
1210,316,151,130,73,68,,,,,,
1211,316,151,130,73,68,,,,,,
1212,314,147,130,73,75,,,,,,
1213,314,147,130,73,75,,,,,,
1214,313,147,130,73,75,,,,,,
1215,313,147,130,73,75,,,,,,
1216,306,145,102,73,112,,,,,,
1217,306,147,102,73,109,,,,,,
1218,307,147,102,73,111,,,,,,
1219,307,147,102,73,111,,,,,,
1220,307,147,102,73,111,,,,,,
1221,307,147,102,73,111,,,,,,
1222,307,147,102,73,111,,,,,,
1223,312,154,106,73,93,,,,,,
1224,313,152,106,73,94,,,,,,
1225,312,152,106,73,94,,,,,,
1226,312,152,106,73,94,,,,,,
1227,313,150,106,73,94,,,,,,
1228,313,150,106,73,94,,,,,,
1229,313,150,106,73,94,,,,,,
1230,312,148,106,73,99,,,,,,
1231,312,148,106,73,99,,,,,,
1232,312,148,106,73,98,,,,,,
1233,312,148,106,73,98,,,,,,
1234,312,148,106,73,98,,,,,,
1235,312,148,106,73,98,,,,,,
1236,309,140,84,42,162,,,,,,
1237,310,140,89,42,155,,,,,,
1238,310,140,89,42,155,,,,,,
1239,310,140,89,42,155,,,,,,
1240,311,141,96,37,151,,,,,,
1241,311,143,102,37,142,,,,,,
1242,313,151,86,37,149,,,,,,
1243,312,151,86,37,149,,,,,,
1244,312,151,86,37,149,,,,,,
1245,312,151,86,37,149,,,,,,
1246,311,151,86,37,149,,,,,,
1247,311,151,86,37,149,,,,,,
1248,311,149,86,37,153,,,,,,
1249,311,151,93,37,142,,,,,,
1250,311,148,79,37,159,,,,,,
1251,312,148,79,37,159,,,,,,
1252,312,148,79,37,159,,,,,,
1253,312,148,85,37,153,,,,,,
1254,312,148,85,37,155,,,,,,
1255,312,148,86,37,155,,,,,,
1256,312,148,86,37,155,,,,,,
1257,312,148,86,37,155,,,,,,
1258,314,148,86,34,155,,,,,,
1259,319,152,99,34,132,,,,,,
1260,318,154,99,33,135,,,,,,
1261,320,165,146,33,73,,,,,,
1262,320,165,146,33,73,,,,,,
1263,320,165,146,33,73,,,,,,
1264,322,161,146,33,75,,,,,,
1265,321,161,146,33,75,,,,,,
1266,321,161,146,33,75,,,,,,
1267,321,161,146,33,75,,,,,,
1268,321,161,146,33,75,,,,,,
1269,321,161,146,33,75,,,,,,
1270,324,161,147,33,72,,,,,,
1271,324,161,147,33,72,,,,,,
1272,320,159,141,33,84,,,,,,
1273,322,161,146,33,74,,,,,,
1274,322,161,146,33,74,,,,,,
1275,322,161,146,33,74,,,,,,
1276,323,161,146,33,72,,,,,,
1277,323,161,146,33,72,,,,,,
1278,325,163,144,29,73,,,,,,
1279,325,163,144,29,73,,,,,,
1280,323,166,144,29,73,,,,,,
1281,323,168,144,29,73,,,,,,
1282,323,168,144,29,73,,,,,,
1283,323,168,144,29,73,,,,,,
1284,323,168,144,29,73,,,,,,
1285,322,168,144,29,73,,,,,,
1286,322,168,144,29,73,,,,,,
1287,318,168,84,29,140,,,,,,
1288,318,168,84,29,140,,,,,,
1289,321,170,84,29,134,,,,,,
1290,320,171,84,29,134,,,,,,
1291,320,171,84,29,134,,,,,,
1292,321,171,84,29,131,,,,,,
1293,321,171,84,29,131,,,,,,
1294,321,171,83,29,131,,,,,,
1295,324,167,83,29,131,,,,,,
1296,316,167,70,10,,173.0,,,,,
1297,317,169,70,10,,169.0,,,,,
1298,317,169,70,10,,169.0,,,,,
1299,317,169,70,10,,169.0,,,,,
1300,318,169,70,10,,171.0,,,,,
1301,318,169,70,10,,170.0,,,,,
1302,314,163,70,10,,188.0,,,,,
1303,314,163,70,10,,188.0,,,,,
1304,314,163,70,10,,189.0,,,,,
1305,314,163,70,10,,189.0,,,,,
1306,314,163,69,10,,189.0,,,,,
1307,314,163,69,10,,189.0,,,,,
1308,313,153,68,10,,203.0,,,,,
1309,313,153,68,10,,203.0,,,,,
1310,313,153,68,10,,206.0,,,,,
1311,314,151,68,10,,205.0,,,,,
1312,313,149,68,10,,209.0,,,,,
1313,313,149,68,10,,209.0,,,,,
1314,311,147,68,10,,214.0,,,,,
1315,311,147,68,10,,215.0,,,,,
1316,312,147,68,10,,216.0,,,,,
1317,314,150,68,10,,210.0,,,,,
1318,314,150,68,10,,210.0,,,,,
1319,314,150,68,10,,209.0,,,,,
1320,316,150,68,10,,208.0,,,,,
1321,316,150,68,10,,207.0,,,,,
1322,318,163,74,10,,185.0,,,,,
1323,317,163,74,10,,187.0,,,,,
1324,317,163,71,10,,192.0,,,,,
1325,317,163,71,10,,192.0,,,,,
1326,317,163,71,10,,191.0,,,,,
1327,317,163,71,10,,191.0,,,,,
1328,317,163,71,10,,191.0,,,,,
1329,317,163,71,10,,191.0,,,,,
1330,317,163,71,10,,190.0,,,,,
1331,317,163,71,10,,189.0,,,,,
1332,318,163,71,10,,190.0,,,,,
1333,319,163,71,10,,188.0,,,,,
1334,319,163,71,10,,187.0,,,,,
1335,319,163,71,10,,187.0,,,,,
1336,319,163,71,10,,187.0,,,,,
1337,320,163,88,21,157,,,,,,
1338,317,151,66,21,200,,,,,,
1339,317,151,66,21,200,,,,,,
1340,318,155,66,21,194,,,,,,
1341,318,155,66,21,193,,,,,,
1342,319,155,71,21,186,,,,,,
1343,319,155,71,21,186,,,,,,
1344,320,158,71,21,183,,,,,,
1345,320,158,71,21,183,,,,,,
1346,320,158,71,21,183,,,,,,
1347,320,158,71,21,182,,,,,,
1348,322,161,71,21,176,,,,,,
1349,322,161,71,21,176,,,,,,
1350,328,161,84,21,162,,,,,,
1351,328,161,84,21,162,,,,,,
1352,327,161,84,21,162,,,,,,
1353,327,161,84,21,161,,,,,,
1354,327,161,84,21,161,,,,,,
1355,327,161,84,21,161,,,,,,
1356,325,161,84,21,165,,,,,,
1357,325,161,84,21,165,,,,,,
1358,325,161,100,21,148,,,,,,
1359,327,161,120,21,126,,,,,,
1360,328,157,106,16,149,,,,,,
1361,328,157,106,16,149,,,,,,
1362,327,157,106,16,151,,,,,,
1363,327,157,106,16,151,,,,,,
1364,327,157,106,16,151,,,,,,
1365,328,157,106,16,151,,,,,,
1366,329,157,106,16,149,,,,,,
1367,329,157,106,16,149,,,,,,
1368,328,155,106,16,154,,,,,,
1369,328,165,119,16,129,,,,,,
1370,328,165,119,16,129,,,,,,
1371,328,165,119,16,129,,,,,,
1372,327,163,119,16,133,,,,,,
1373,327,163,119,16,132,,,,,,
1374,328,167,136,16,111,,,,,,
1375,328,167,136,16,111,,,,,,
1376,329,167,134,16,111,,,,,,
1377,330,165,134,16,111,,,,,,
1378,332,162,134,16,111,,,,,,
1379,332,162,134,16,111,,,,,,
1380,330,160,134,16,117,,,,,,
1381,330,160,134,16,117,,,,,,
1382,330,160,134,16,116,,,,,,
1383,330,160,134,16,116,,,,,,
1384,329,162,134,16,116,,,,,,
1385,329,162,134,16,116,,,,,,
1386,328,159,134,16,119,,,,,,
1387,328,159,134,16,119,,,,,,
1388,328,159,134,16,119,,,,,,
1389,328,159,134,16,119,,,,,,
1390,329,159,134,16,119,,,,,,
1391,329,161,134,16,115,,,,,,
1392,327,161,117,16,138,,,,,,
1393,327,161,117,16,138,,,,,,
1394,327,161,117,16,138,,,,,,
1395,327,161,117,16,137,,,,,,
1396,328,161,117,16,137,,,,,,
1397,328,161,117,16,137,,,,,,
1398,328,164,123,16,128,,,,,,
1399,328,164,123,16,128,,,,,,
1400,317,152,104,5,182,,,,,,
1401,319,152,104,5,179,,,,,,
1402,319,152,104,5,179,,,,,,
1403,317,152,104,5,179,,,,,,
1404,317,152,104,5,179,,,,,,
1405,317,152,104,5,179,,,,,,
1406,317,152,104,5,178,,,,,,
1407,317,152,104,5,178,,,,,,
1408,318,152,104,5,178,,,,,,
1409,318,152,104,5,178,,,,,,
1410,317,152,104,5,180,,,,,,
1411,328,162,123,16,127,,,,,,
1412,328,162,123,16,127,,,,,,
1413,328,162,123,16,127,,,,,,
1414,329,170,114,16,127,,,,,,
1415,329,170,114,16,127,,,,,,
1416,323,160,112,14,147,,,,,,
1417,323,160,138,29,105,,,,,,
1418,323,160,138,29,104,,,,,,
1419,323,160,138,29,104,,,,,,
1420,323,160,105,64,104,,,,,,
1421,323,160,105,64,104,,,,,,
1422,324,158,105,65,104,,,,,,
1423,324,158,105,65,104,,,,,,
1424,324,158,105,65,104,,,,,,
1425,325,161,108,65,96,,,,,,
1426,326,165,108,65,90,,,,,,
1427,326,165,108,65,90,,,,,,
1428,326,168,107,65,86,,,,,,
1429,326,168,107,65,86,,,,,,
1430,328,171,103,73,77,,,,,,
1431,328,171,103,73,77,,,,,,
1432,328,171,103,73,77,,,,,,
1433,328,171,103,73,77,,,,,,
1434,320,167,93,22,150,,,,,,
1435,320,167,93,22,150,,,,,,
1436,320,167,93,22,150,,,,,,
1437,325,169,107,22,128,,,,,,
1438,326,183,93,98,49,,,,,,
1439,326,183,93,98,49,,,,,,
1440,327,183,93,98,49,,,,,,
1441,327,183,93,98,49,,,,,,
1442,325,183,93,98,49,,,,,,
1443,325,183,93,98,49,,,,,,
1444,325,183,93,97,49,,,,,,
1445,335,191,123,48,49,,,,,,
1446,335,191,123,48,49,,,,,,
1447,335,190,123,48,49,,,,,,
1448,335,190,123,48,49,,,,,,
1449,335,190,123,48,48,,,,,,
1450,335,190,123,48,48,,,,,,
1451,336,190,123,46,48,,,,,,
1452,337,190,123,46,48,,,,,,
1453,337,190,123,46,48,,,,,,
1454,337,190,123,46,48,,,,,,
1455,337,190,123,46,48,,,,,,
1456,337,194,120,46,48,,,,,,
1457,336,194,120,46,48,,,,,,
1458,338,202,123,31,48,,,,,,
1459,340,199,123,31,48,,,,,,
1460,341,197,126,31,48,,,,,,
1461,341,197,126,31,48,,,,,,
1462,341,197,126,31,48,,,,,,
1463,342,207,115,31,46,,,,,,
1464,342,207,115,31,46,,,,,,
1465,342,214,106,31,46,,,,,,
1466,342,214,106,31,46,,,,,,
1467,341,214,106,31,46,,,,,,
1468,341,214,106,31,46,,,,,,
1469,341,214,106,31,46,,,,,,
1470,339,217,106,31,46,,,,,,
1471,340,221,100,31,46,,,,,,
1472,343,229,88,31,46,,,,,,
1473,345,229,96,31,35,,,,,,
1474,345,229,96,31,35,,,,,,
1475,346,229,94,31,35,,,,,,
1476,346,229,94,31,35,,,,,,
1477,347,229,92,31,35,,,,,,
1478,347,229,92,31,35,,,,,,
1479,347,229,92,31,35,,,,,,
1480,348,225,92,38,35,,,,,,
1481,348,225,92,38,35,,,,,,
1482,348,225,92,38,35,,,,,,
1483,348,225,92,38,35,,,,,,
1484,348,225,92,38,35,,,,,,
1485,350,225,90,38,35,,,,,,
1486,350,225,90,38,35,,,,,,
1487,350,225,90,38,35,,,,,,
1488,350,225,90,38,35,,,,,,
1489,350,225,90,38,35,,,,,,
1490,347,227,90,40,35,,,,,,
1491,347,227,90,40,35,,,,,,
1492,347,227,90,40,35,,,,,,
1493,348,229,86,40,35,,,,,,
1494,349,231,83,40,35,,,,,,
1495,349,231,83,40,35,,,,,,
1496,349,231,83,40,35,,,,,,
1497,351,233,83,56,13,,,,,,
1498,351,233,83,56,13,,,,,,
1499,351,239,83,49,13,,,,,,
1500,350,212,72,93,13,,,,,,
1501,350,212,72,93,13,,,,,,
1502,350,217,66,93,13,,,,,,
1503,350,217,66,93,13,,,,,,
1504,350,217,66,93,13,,,,,,
1505,349,217,66,96,13,,,,,,
1506,349,217,66,96,13,,,,,,
1507,351,237,66,73,13,,,,,,
1508,351,239,77,59,13,,,,,,
1509,352,239,77,57,13,,,,,,
1510,349,239,77,61,13,,,,,,
1511,349,239,77,61,13,,,,,,
1512,349,239,77,61,13,,,,,,
1513,349,239,77,61,13,,,,,,
1514,349,239,77,60,13,,,,,,
1515,351,239,77,56,13,,,,,,
1516,351,239,77,56,13,,,,,,
1517,350,238,77,56,13,,,,,,
1518,350,238,77,56,13,,,,,,
1519,350,238,77,56,13,,,,,,
1520,354,234,77,57,13,,,,,,
1521,355,232,77,57,13,,,,,,
1522,355,232,83,50,13,,,,,,
1523,356,234,79,50,13,,,,,,
1524,356,234,79,50,13,,,,,,
1525,356,234,79,50,13,,,,,,
1526,359,234,79,46,13,,,,,,
1527,360,234,79,44,13,,,,,,
1528,357,232,85,44,13,,,,,,
1529,359,232,86,39,13,,,,,,
1530,355,223,80,26,47,,,,,,
1531,356,221,80,26,47,,,,,,
1532,355,221,80,26,47,,,,,,
1533,354,223,80,26,47,,,,,,
1534,354,223,80,26,47,,,,,,
1535,354,223,80,26,47,,,,,,
1536,354,223,80,26,47,,,,,,
1537,354,223,80,26,47,,,,,,
1538,354,222,80,26,47,,,,,,
1539,351,216,70,46,47,,,,,,
1540,351,216,70,18,77,,,,,,
1541,351,216,70,18,77,,,,,,
1542,350,214,68,18,82,,,,,,
1543,351,214,68,18,80,,,,,,
1544,352,214,68,18,80,,,,,,
1545,357,221,74,18,60,,,,,,
1546,357,221,74,18,60,,,,,,
1547,357,221,74,18,60,,,,,,
1548,358,221,74,18,60,,,,,,
1549,358,221,74,18,60,,,,,,
1550,357,223,74,18,60,,,,,,
1551,359,221,80,18,52,,,,,,
1552,361,223,80,18,47,,,,,,
1553,362,223,80,18,45,,,,,,
1554,367,231,80,35,13,,,,,,
1555,368,229,80,34,13,,,,,,
1556,368,228,80,34,13,,,,,,
1557,369,225,80,34,13,,,,,,
1558,369,227,77,34,13,,,,,,
1559,369,227,77,34,13,,,,,,
1560,366,227,77,39,13,,,,,,
1561,366,227,77,39,13,,,,,,
1562,366,227,77,39,13,,,,,,
1563,366,227,77,39,13,,,,,,
1564,366,227,77,39,13,,,,,,
1565,367,227,77,37,13,,,,,,
1566,368,225,77,38,13,,,,,,
1567,368,225,77,38,13,,,,,,
1568,368,225,77,38,13,,,,,,
1569,368,225,77,37,13,,,,,,
1570,369,224,80,37,13,,,,,,
1571,368,224,80,37,13,,,,,,
1572,368,224,80,37,13,,,,,,
1573,368,224,80,37,13,,,,,,
1574,368,227,80,33,13,,,,,,
1575,370,227,84,27,13,,,,,,
1576,370,227,84,27,13,,,,,,
1577,371,225,84,27,13,,,,,,
1578,373,222,84,27,13,,,,,,
1579,373,222,84,27,13,,,,,,
1580,372,225,84,27,13,,,,,,
1581,373,223,84,27,13,,,,,,
1582,373,223,84,27,13,,,,,,
1583,374,223,87,22,13,,,,,,
1584,374,223,87,22,13,,,,,,
1585,371,228,87,22,13,,,,,,
1586,372,228,85,22,13,,,,,,
1587,374,228,81,22,13,,,,,,
1588,374,228,81,22,13,,,,,,
1589,375,226,81,22,13,,,,,,
1590,376,224,81,22,13,,,,,,
1591,376,224,81,22,13,,,,,,
1592,375,224,81,22,13,,,,,,
1593,375,224,81,22,13,,,,,,
1594,375,224,81,22,13,,,,,,
1595,376,228,76,22,13,,,,,,
1596,377,228,76,22,13,,,,,,
1597,376,228,76,22,13,,,,,,
1598,375,228,76,22,13,,,,,,
1599,377,224,76,22,13,,,,,,
1600,377,223,76,22,13,,,,,,
1601,377,223,76,22,13,,,,,,
1602,375,225,76,22,13,,,,,,
1603,376,225,76,22,13,,,,,,
1604,375,225,75,22,13,,,,,,
1605,375,225,75,22,13,,,,,,
1606,376,223,75,22,13,,,,,,
1607,379,219,75,22,13,,,,,,
1608,378,217,78,22,13,,,,,,
1609,378,217,78,22,13,,,,,,
1610,379,200,94,22,13,,,,,,
1611,381,197,94,22,13,,,,,,
1612,381,197,94,22,13,,,,,,
1613,380,197,94,22,13,,,,,,
1614,380,197,94,22,13,,,,,,
1615,381,207,81,22,13,,,,,,
1616,381,207,81,22,13,,,,,,
1617,380,207,81,22,13,,,,,,
1618,380,207,81,22,13,,,,,,
1619,380,206,81,22,13,,,,,,
1620,381,206,81,22,13,,,,,,
1621,382,204,81,22,13,,,,,,
1622,384,202,79,22,13,,,,,,
1623,384,202,79,22,13,,,,,,
1624,377,174,113,22,13,,,,,,
1625,378,174,113,22,13,,,,,,
1626,378,174,113,22,13,,,,,,
1627,378,174,113,22,13,,,,,,
1628,378,174,113,22,13,,,,,,
1629,378,174,113,22,13,,,,,,
1630,380,174,113,22,13,,,,,,
1631,380,174,112,22,13,,,,,,
1632,380,174,112,22,13,,,,,,
1633,379,174,112,22,13,,,,,,
1634,379,174,112,22,13,,,,,,
1635,388,200,75,22,13,,,,,,
1636,391,209,61,22,13,,,,,,
1637,392,209,58,22,13,,,,,,
1638,391,209,58,22,13,,,,,,
1639,390,208,58,22,13,,,,,,
1640,384,190,58,48,13,,,,,,
1641,385,188,58,48,13,,,,,,
1642,385,188,57,48,13,,,,,,
1643,385,188,57,48,13,,,,,,
1644,385,188,57,48,13,,,,,,
1645,385,188,57,48,13,,,,,,
1646,385,188,57,48,13,,,,,,
1647,385,188,57,48,13,,,,,,
1648,387,185,57,49,13,,,,,,
1649,387,185,57,49,13,,,,,,
1650,392,199,57,29,13,,,,,,
1651,392,199,57,28,13,,,,,,
1652,393,197,57,28,13,,,,,,
1653,394,195,57,28,13,,,,,,
1654,395,193,57,28,13,,,,,,
1655,395,193,57,28,13,,,,,,
1656,396,191,57,28,13,,,,,,
1657,396,191,57,28,13,,,,,,
1658,396,191,57,28,13,,,,,,
1659,392,183,50,48,13,,,,,,
1660,392,183,50,50,13,,,,,,
1661,392,183,50,50,13,,,,,,
1662,395,185,50,43,13,,,,,,
1663,395,185,50,43,13,,,,,,
1664,396,185,50,42,13,,,,,,
1665,397,185,50,47,6,,,,,,
1666,396,185,50,47,6,,,,,,
1667,396,185,50,47,6,,,,,,
1668,396,183,50,51,6,,,,,,
1669,396,183,50,51,6,,,,,,
1670,396,183,50,52,6,,,,,,
1671,396,183,50,52,6,,,,,,
1672,396,183,50,51,6,,,,,,
1673,396,183,50,51,6,,,,,,
1674,399,186,53,42,6,,,,,,
1675,399,186,53,42,6,,,,,,
1676,399,186,53,42,6,,,,,,
1677,400,194,53,31,6,,,,,,
1678,400,194,53,31,6,,,,,,
1679,400,193,53,31,6,,,,,,
1680,393,182,76,26,6,,,,,,
1681,393,182,76,26,6,,,,,,
1682,393,182,76,26,6,,,,,,
1683,393,180,78,26,6,,,,,,
1684,394,178,78,26,6,,,,,,
1685,396,175,78,26,6,,,,,,
1686,396,175,78,26,6,,,,,,
1687,396,175,78,26,6,,,,,,
1688,397,175,78,26,6,,,,,,
1689,399,193,57,26,6,,,,,,
1690,399,195,54,26,6,,,,,,
1691,398,195,54,26,6,,,,,,
1692,395,176,50,21,36,,,,,,
1693,396,176,50,21,34,,,,,,
1694,396,176,50,21,35,,,,,,
1695,403,176,50,21,28,,,,,,
1696,403,176,50,21,28,,,,,,
1697,403,176,50,21,28,,,,,,
1698,405,173,50,21,28,,,,,,
1699,405,173,50,21,28,,,,,,
1700,407,171,44,21,35,,,,,,
1701,408,171,44,21,35,,,,,,
1702,408,170,44,21,35,,,,,,
1703,408,173,40,21,35,,,,,,
1704,408,174,40,21,34,,,,,,
1705,408,174,40,21,34,,,,,,
1706,407,174,40,21,34,,,,,,
1707,408,172,40,21,34,,,,,,
1708,407,172,46,21,27,,,,,,
1709,411,178,50,26,6,,,,,,
1710,411,174,56,26,6,,,,,,
1711,412,170,56,26,6,,,,,,
1712,412,170,56,26,6,,,,,,
1713,413,167,56,26,6,,,,,,
1714,414,171,50,26,6,,,,,,
1715,413,171,50,26,6,,,,,,
1716,414,169,50,26,6,,,,,,
1717,414,169,50,26,6,,,,,,
1718,415,166,50,26,6,,,,,,
1719,411,161,43,43,6,,,,,,
1720,411,157,77,18,6,,,,,,
1721,411,157,77,18,6,,,,,,
1722,411,157,77,18,6,,,,,,
1723,411,157,77,18,6,,,,,,
1724,411,157,77,18,6,,,,,,
1725,412,155,77,18,6,,,,,,
1726,415,155,73,18,6,,,,,,
1727,415,154,73,18,6,,,,,,
1728,407,148,41,72,6,,,,,,
1729,408,148,41,70,6,,,,,,
1730,408,148,41,70,6,,,,,,
1731,408,155,40,62,6,,,,,,
1732,408,155,40,62,6,,,,,,
1733,408,155,40,62,6,,,,,,
1734,407,158,40,59,6,,,,,,
1735,407,158,40,59,6,,,,,,
1736,408,158,40,57,6,,,,,,
1737,402,150,40,73,6,,,,,,
1738,403,156,40,65,6,,,,,,
1739,404,154,40,65,6,,,,,,
1740,408,161,72,22,6,,,,,,
1741,408,165,67,22,6,,,,,,
1742,408,165,67,22,6,,,,,,
1743,408,168,63,22,6,,,,,,
1744,415,173,49,22,6,,,,,,
1745,414,166,56,22,6,,,,,,
1746,415,165,56,22,6,,,,,,
1747,418,160,56,22,6,,,,,,
1748,418,160,56,22,6,,,,,,
1749,417,160,56,22,6,,,,,,
1750,413,151,71,22,6,,,,,,
1751,413,151,71,22,6,,,,,,
1752,412,151,73,22,6,,,,,,
1753,412,151,73,22,6,,,,,,
1754,412,151,73,22,6,,,,,,
1755,413,156,68,22,6,,,,,,
1756,412,156,68,22,6,,,,,,
1757,412,156,68,22,6,,,,,,
1758,409,151,78,22,6,,,,,,
1759,409,151,78,22,6,,,,,,
1760,409,151,79,22,6,,,,,,
1761,409,151,79,22,6,,,,,,
1762,409,151,78,22,6,,,,,,
1763,408,151,78,22,6,,,,,,
1764,400,139,42,18,74,,,,,,
1765,398,139,38,18,81,,,,,,
1766,399,137,38,18,81,,,,,,
1767,399,137,38,18,81,,,,,,
1768,400,137,38,28,69,,,,,,
1769,400,137,38,28,69,,,,,,
1770,398,130,38,28,81,,,,,,
1771,396,127,35,24,96,,,,,,
1772,396,127,35,24,96,,,,,,
1773,396,127,35,24,96,,,,,,
1774,396,130,35,24,91,,,,,,
1775,396,130,35,24,91,,,,,,
1776,394,128,35,24,96,,,,,,
1777,396,131,35,24,90,,,,,,
1778,396,131,35,24,90,,,,,,
1779,396,131,35,24,90,,,,,,
1780,396,131,35,107,6,,,,,,
1781,396,131,35,106,6,,,,,,
1782,393,130,35,111,6,,,,,,
1783,394,128,35,111,6,,,,,,
1784,395,128,35,111,6,,,,,,
1785,397,130,35,106,6,,,,,,
1786,397,130,35,106,6,,,,,,
1787,401,130,35,101,6,,,,,,
1788,404,136,38,88,6,,,,,,
1789,404,136,38,88,6,,,,,,
1790,404,136,38,88,6,,,,,,
1791,406,133,61,68,6,,,,,,
1792,406,133,61,70,6,,,,,,
1793,408,141,59,59,6,,,,,,
1794,408,141,59,59,6,,,,,,
1795,409,139,59,59,6,,,,,,
1796,409,139,59,59,6,,,,,,
1797,411,144,51,59,6,,,,,,
1798,411,144,51,59,6,,,,,,
1799,411,144,51,59,6,,,,,,
1800,406,131,34,98,6,,,,,,
1801,406,131,34,98,6,,,,,,
1802,406,130,34,98,6,,,,,,
1803,405,130,34,98,6,,,,,,
1804,405,130,34,98,6,,,,,,
1805,405,130,34,98,6,,,,,,
1806,408,130,34,98,6,,,,,,
1807,407,132,34,95,6,,,,,,
1808,410,135,34,89,6,,,,,,
1809,410,139,25,96,6,,,,,,
1810,410,139,25,96,6,,,,,,
1811,410,139,25,96,6,,,,,,
1812,411,139,25,96,6,,,,,,
1813,411,139,25,96,6,,,,,,
1814,414,142,29,83,6,,,,,,
1815,415,142,29,81,6,,,,,,
1816,416,142,29,81,6,,,,,,
1817,418,142,29,77,6,,,,,,
1818,418,142,40,65,6,,,,,,
1819,418,141,40,65,6,,,,,,
1820,424,152,53,37,6,,,,,,
1821,423,152,53,37,6,,,,,,
1822,422,152,53,37,6,,,,,,
1823,424,152,53,34,6,,,,,,
1824,424,152,53,34,6,,,,,,
1825,424,152,53,34,6,,,,,,
1826,424,152,53,34,6,,,,,,
1827,425,154,50,34,6,,,,,,
1828,425,154,50,34,6,,,,,,
1829,425,154,50,34,6,,,,,,
1830,426,148,56,34,6,,,,,,
1831,426,147,56,34,6,,,,,,
1832,427,147,55,34,6,,,,,,
1833,427,147,55,34,6,,,,,,
1834,428,152,47,34,6,,,,,,
1835,429,154,42,34,6,,,,,,
1836,429,154,42,34,6,,,,,,
1837,429,154,42,34,6,,,,,,
1838,429,154,42,34,6,,,,,,
1839,429,154,42,34,6,,,,,,
1840,425,150,51,34,6,,,,,,
1841,425,151,48,34,6,,,,,,
1842,423,151,52,34,6,,,,,,
1843,424,149,52,34,6,,,,,,
1844,424,149,52,34,6,,,,,,
1845,423,149,54,34,6,,,,,,
1846,423,149,54,34,6,,,,,,
1847,426,147,51,34,6,,,,,,
1848,415,133,28,25,66,,,,,,
1849,415,133,28,25,66,,,,,,
1850,416,136,28,25,61,,,,,,
1851,416,136,28,25,61,,,,,,
1852,416,136,28,25,61,,,,,,
1853,416,136,28,25,61,,,,,,
1854,417,136,28,25,61,,,,,,
1855,417,136,28,25,61,,,,,,
1856,422,144,68,25,6,,,,,,
1857,424,148,61,25,6,,,,,,
1858,426,145,61,25,6,,,,,,
1859,426,145,61,25,6,,,,,,
1860,425,145,65,25,6,,,,,,
1861,425,145,65,25,6,,,,,,
1862,425,145,69,20,6,,,,,,
1863,425,145,69,20,6,,,,,,
1864,424,145,69,20,6,,,,,,
1865,427,141,69,20,6,,,,,,
1866,427,141,69,20,6,,,,,,
1867,428,141,66,20,6,,,,,,
1868,428,141,66,20,6,,,,,,
1869,428,141,66,20,6,,,,,,
1870,431,143,61,20,6,,,,,,
1871,431,143,61,20,6,,,,,,
1872,432,143,62,20,6,,,,,,
1873,432,143,62,20,6,,,,,,
1874,432,143,62,20,6,,,,,,
1875,432,145,58,20,6,,,,,,
1876,432,145,58,20,6,,,,,,
1877,432,147,55,20,6,,,,,,
1878,432,147,55,20,6,,,,,,
1879,431,147,55,20,6,,,,,,
1880,431,154,47,20,6,,,,,,
1881,432,154,47,20,6,,,,,,
1882,432,153,47,20,6,,,,,,
1883,433,151,47,20,6,,,,,,
1884,434,149,47,20,6,,,,,,
1885,436,146,47,20,6,,,,,,
1886,436,146,47,20,6,,,,,,
1887,436,146,47,20,6,,,,,,
1888,435,149,45,20,6,,,,,,
1889,435,149,45,20,6,,,,,,
1890,431,142,57,20,6,,,,,,
1891,431,142,57,20,6,,,,,,
1892,432,140,57,20,6,,,,,,
1893,432,140,60,16,6,,,,,,
1894,432,139,60,16,6,,,,,,
1895,432,139,60,16,6,,,,,,
1896,433,137,48,29,6,,,,,,
1897,433,137,48,29,6,,,,,,
1898,434,135,48,29,6,,,,,,
1899,427,133,48,40,6,,,,,,
1900,428,134,44,40,6,,,,,,
1901,429,134,44,38,6,,,,,,
1902,426,132,44,44,6,,,,,,
1903,426,131,44,44,6,,,,,,
1904,429,135,44,36,6,,,,,,
1905,429,135,44,36,6,,,,,,
1906,429,135,44,36,6,,,,,,
1907,429,135,44,36,6,,,,,,
1908,430,135,44,36,6,,,,,,
1909,430,135,61,18,6,,,,,,
1910,427,135,65,18,6,,,,,,
1911,432,137,57,16,6,,,,,,
1912,431,137,57,16,6,,,,,,
1913,430,137,57,16,6,,,,,,
1914,430,137,57,16,6,,,,,,
1915,432,137,53,16,6,,,,,,
1916,432,137,53,16,6,,,,,,
1917,430,135,59,16,6,,,,,,
1918,436,137,50,16,6,,,,,,
1919,436,136,50,16,6,,,,,,
1920,432,134,60,16,6,,,,,,
1921,431,134,60,16,6,,,,,,
1922,431,134,60,16,6,,,,,,
1923,432,132,58,16,6,,,,,,
1924,432,132,58,16,6,,,,,,
1925,432,132,58,16,6,,,,,,
1926,425,130,58,16,17,,,,,,
1927,425,130,58,16,17,,,,,,
1928,425,129,58,16,17,,,,,,
1929,425,129,58,16,17,,,,,,
1930,423,129,41,16,37,,,,,,
1931,423,129,41,16,36,,,,,,
1932,423,129,41,16,37,,,,,,
1933,423,129,41,16,37,,,,,,
1934,426,131,41,16,31,,,,,,
1935,424,129,41,16,37,,,,,,
1936,424,129,41,16,38,,,,,,
1937,424,129,41,16,38,,,,,,
1938,425,129,41,16,38,,,,,,
1939,427,131,38,16,36,,,,,,
1940,427,131,38,16,36,,,,,,
1941,427,131,38,16,36,,,,,,
1942,434,131,38,38,6,,,,,,
1943,434,131,38,38,6,,,,,,
1944,434,131,38,39,6,,,,,,
1945,436,133,38,33,6,,,,,,
1946,433,131,32,44,6,,,,,,
1947,433,131,32,44,6,,,,,,
1948,433,131,32,43,6,,,,,,
1949,433,131,32,43,6,,,,,,
1950,433,131,32,43,6,,,,,,
1951,438,139,35,25,6,,,,,,
1952,439,143,38,16,6,,,,,,
1953,439,143,38,16,6,,,,,,
1954,440,141,38,16,6,,,,,,
1955,440,141,38,16,6,,,,,,
1956,441,139,38,16,6,,,,,,
1957,441,139,38,16,6,,,,,,
1958,441,139,38,16,6,,,,,,
1959,441,139,38,16,6,,,,,,
1960,440,135,43,16,6,,,,,,
1961,443,130,43,16,6,,,,,,
1962,443,130,44,21,,,,,,,
1963,443,130,44,21,,,,,,,
1964,444,128,44,21,,,,,,,
1965,444,128,44,21,,,,,,,
1966,446,130,38,21,,,,,,,
1967,446,130,38,21,,,,,,,
1968,443,128,32,32,,,,,,,
1969,443,128,32,32,,,,,,,
1970,443,128,32,32,,,,,,,
1971,445,126,32,32,,,,,,,
1972,445,126,32,32,,,,,,,
1973,445,126,32,32,,,,,,,
1974,443,126,32,35,,,,,,,
1975,443,126,32,35,,,,,,,
1976,443,126,32,35,,,,,,,
1977,443,126,35,31,,,,,,,
1978,443,126,35,31,,,,,,,
1979,443,126,35,31,,,,,,,
1980,438,123,32,44,,,,,,,
1981,438,123,32,44,,,,,,,
1982,438,123,32,44,,,,,,,
1983,438,123,32,44,,,,,,,
1984,442,123,57,17,,,,,,,
1985,442,123,63,10,,,,,,,
1986,442,123,63,10,,,,,,,
1987,442,123,63,10,,,,,,,
1988,442,123,64,10,,,,,,,
1989,442,123,64,10,,,,,,,
1990,441,123,41,36,,,,,,,
1991,442,123,41,34,,,,,,,
1992,442,123,41,34,,,,,,,
1993,444,125,40,29,,,,,,,
1994,443,125,40,29,,,,,,,
1995,443,125,40,28,,,,,,,
1996,443,125,40,27,,,,,,,
1997,443,125,40,27,,,,,,,
1998,441,125,40,27,,,,,,,
1999,441,125,40,27,,,,,,,
2000,436,114,34,49,,,,,,,
2001,436,114,34,49,,,,,,,
2002,436,114,34,49,,,,,,,
2003,436,114,34,49,,,,,,,
2004,436,117,38,41,,,,,,,
2005,436,117,38,41,,,,,,,
2006,436,117,38,39,,,,,,,
2007,436,117,38,39,,,,,,,
2008,434,112,38,45,,,,,,,
2009,432,112,38,45,,,,,,,
2010,410,99,38,82,,,,,,,
2011,410,99,38,82,,,,,,,
2012,410,99,38,82,,,,,,,
2013,412,101,41,74,,,,,,,
2014,412,101,41,74,,,,,,,
2015,412,101,41,74,,,,,,,
2016,413,99,41,74,,,,,,,
2017,413,99,41,74,,,,,,,
2018,413,99,41,74,,,,,,,
2019,415,102,41,68,,,,,,,
2020,415,102,41,68,,,,,,,
2021,418,108,41,58,,,,,,,
2022,418,108,41,58,,,,,,,
2023,418,108,41,58,,,,,,,
2024,442,124,47,10,,,,,,,
2025,442,124,47,10,,,,,,,
2026,443,122,46,10,,,,,,,
2027,443,122,46,10,,,,,,,
2028,443,121,49,5,,,,,,,
2029,443,121,49,5,,,,,,,
2030,442,119,49,5,,,,,,,
2031,442,119,49,5,,,,,,,
2032,442,119,49,5,,,,,,,
2033,442,121,46,5,,,,,,,
2034,443,120,36,17,,,,,,,
2035,443,120,36,17,,,,,,,
2036,443,120,36,17,,,,,,,
2037,443,118,36,19,,,,,,,
2038,443,125,41,5,,,,,,,
2039,443,125,41,5,,,,,,,
2040,440,123,47,5,,,,,,,
2041,440,123,47,5,,,,,,,
2042,440,123,47,5,,,,,,,
2043,436,120,56,5,,,,,,,
2044,435,124,52,5,,,,,,,
2045,435,124,52,5,,,,,,,
2046,435,124,52,5,,,,,,,
2047,435,124,52,5,,,,,,,
2048,435,126,49,5,,,,,,,
2049,434,126,49,5,,,,,,,
2050,437,124,49,5,,,,,,,
2051,432,130,49,6,,,,,,,
2052,432,130,49,6,,,,,,,
2053,432,130,49,6,,,,,,,
2054,433,130,47,6,,,,,,,
2055,433,130,47,6,,,,,,,
2056,438,133,37,6,,,,,,,
2057,438,133,37,6,,,,,,,
2058,440,130,37,6,,,,,,,
2059,440,130,37,6,,,,,,,
2060,437,124,48,6,,,,,,,
2061,434,124,55,6,,,,,,,
2062,434,124,55,6,,,,,,,
2063,434,124,55,6,,,,,,,
2064,434,124,55,6,,,,,,,
2065,434,123,56,6,,,,,,,
2066,439,116,56,6,,,,,,,
2067,439,116,56,6,,,,,,,
2068,440,114,56,6,,,,,,,
2069,440,118,51,6,,,,,,,
2070,435,118,59,6,,,,,,,
2071,435,116,59,6,,,,,,,
2072,435,116,59,6,,,,,,,
2073,435,116,58,6,,,,,,,
2074,436,116,56,6,,,,,,,
2075,436,116,55,6,,,,,,,
2076,436,116,55,6,,,,,,,
2077,440,120,46,6,,,,,,,
2078,440,120,46,6,,,,,,,
2079,441,118,46,6,,,,,,,
2080,442,118,46,6,,,,,,,
2081,442,118,46,6,,,,,,,
2082,442,118,46,6,,,,,,,
2083,442,118,46,6,,,,,,,
2084,442,118,46,6,,,,,,,
2085,442,118,46,6,,,,,,,
2086,447,118,39,6,,,,,,,
2087,447,118,39,6,,,,,,,
2088,442,127,39,6,,,,,,,
2089,443,125,39,6,,,,,,,
2090,444,123,39,6,,,,,,,
2091,444,123,39,6,,,,,,,
2092,444,125,36,6,,,,,,,
2093,443,127,36,6,,,,,,,
2094,445,129,31,5,,,,,,,
2095,446,126,31,5,,,,,,,
2096,446,126,31,5,,,,,,,
2097,445,109,25,28,,,,,,,
2098,445,109,25,28,,,,,,,
2099,445,107,25,28,,,,,,,
2100,436,107,25,39,,,,,,,
2101,436,107,25,39,,,,,,,
2102,436,107,25,39,,,,,,,
2103,438,107,25,36,,,,,,,
2104,438,107,25,36,,,,,,,
2105,438,107,25,36,,,,,,,
2106,439,107,25,37,,,,,,,
2107,440,107,25,35,,,,,,,
2108,440,107,25,35,,,,,,,
2109,448,105,25,27,,,,,,,
2110,448,105,25,26,,,,,,,
2111,448,105,25,26,,,,,,,
2112,448,105,25,26,,,,,,,
2113,448,105,24,26,,,,,,,
2114,448,105,24,26,,,,,,,
2115,445,102,24,31,,,,,,,
2116,445,102,24,31,,,,,,,
2117,445,104,21,31,,,,,,,
2118,445,104,21,31,,,,,,,
2119,447,104,21,28,,,,,,,
2120,444,104,21,33,,,,,,,
2121,443,104,21,34,,,,,,,
2122,443,104,21,34,,,,,,,
2123,443,104,21,34,,,,,,,
2124,443,104,21,34,,,,,,,
2125,443,104,21,34,,,,,,,
2126,445,100,21,34,,,,,,,
2127,447,107,25,20,,,,,,,
2128,446,105,25,23,,,,,,,
2129,446,105,25,23,,,,,,,
2130,438,103,25,40,,,,,,,
2131,438,103,25,40,,,,,,,
2132,440,99,25,40,,,,,,,
2133,441,99,25,40,,,,,,,
2134,441,99,25,40,,,,,,,
2135,441,99,25,40,,,,,,,
2136,441,117,25,21,,,,,,,
2137,441,117,25,21,,,,,,,
2138,441,117,25,21,,,,,,,
2139,441,117,25,20,,,,,,,
2140,434,127,25,20,,,,,,,
2141,436,131,33,5,,,,,,,
2142,437,130,33,5,,,,,,,
2143,437,129,33,5,,,,,,,
2144,437,118,30,20,,,,,,,
2145,437,118,30,20,,,,,,,
2146,437,118,30,20,,,,,,,
2147,440,114,30,20,,,,,,,
2148,441,114,30,18,,,,,,,
2149,438,114,30,23,,,,,,,
2150,445,113,22,23,,,,,,,
2151,446,109,22,26,,,,,,,
2152,446,111,22,25,,,,,,,
2153,447,109,22,25,,,,,,,
2154,447,109,22,25,,,,,,,
2155,448,107,22,23,,,,,,,
2156,448,107,22,23,,,,,,,
2157,450,104,22,23,,,,,,,
2158,450,104,22,22,,,,,,,
2159,450,104,22,22,,,,,,,
2160,451,102,22,23,,,,,,,
2161,452,100,22,23,,,,,,,
2162,452,100,22,23,,,,,,,
2163,449,100,18,31,,,,,,,
2164,449,100,18,31,,,,,,,
2165,449,100,18,30,,,,,,,
2166,450,98,18,30,,,,,,,
2167,450,98,18,30,,,,,,,
2168,444,98,18,37,,,,,,,
2169,446,98,18,38,,,,,,,
2170,446,98,18,39,,,,,,,
2171,448,98,18,36,,,,,,,
2172,448,98,18,37,,,,,,,
2173,449,96,18,36,,,,,,,
2174,449,96,18,36,,,,,,,
2175,449,96,18,36,,,,,,,
2176,454,94,21,28,,,,,,,
2177,454,94,21,28,,,,,,,
2178,444,92,21,43,,,,,,,
2179,444,92,21,43,,,,,,,
2180,444,92,21,45,,,,,,,
2181,445,126,25,5,,,,,,,
2182,445,126,25,5,,,,,,,
2183,446,123,25,5,,,,,,,
2184,444,129,25,5,,,,,,,
2185,444,129,25,5,,,,,,,
2186,448,124,25,5,,,,,,,
2187,452,119,25,5,,,,,,,
2188,452,119,25,5,,,,,,,
2189,452,119,25,5,,,,,,,
2190,453,119,25,5,,,,,,,
2191,454,117,25,5,,,,,,,
2192,454,117,25,5,,,,,,,
2193,454,117,25,5,,,,,,,
2194,454,115,25,5,,,,,,,
2195,456,112,25,5,,,,,,,
2196,458,109,25,5,,,,,,,
2197,458,109,25,5,,,,,,,
2198,461,105,25,5,,,,,,,
2199,461,105,25,5,,,,,,,
2200,454,116,25,5,,,,,,,
2201,455,113,25,5,,,,,,,
2202,455,113,25,5,,,,,,,
2203,456,111,25,5,,,,,,,
2204,456,111,25,5,,,,,,,
2205,452,115,25,5,,,,,,,
2206,452,115,25,5,,,,,,,
2207,455,113,22,5,,,,,,,
2208,455,113,22,5,,,,,,,
2209,455,113,22,5,,,,,,,
2210,460,108,22,5,,,,,,,
2211,460,108,22,5,,,,,,,
2212,457,111,22,5,,,,,,,
2213,457,111,22,5,,,,,,,
2214,459,108,22,5,,,,,,,
2215,459,108,22,5,,,,,,,
2216,459,106,22,5,,,,,,,
2217,459,105,22,5,,,,,,,
2218,462,100,22,5,,,,,,,
2219,462,100,22,5,,,,,,,
2220,464,98,22,5,,,,,,,
2221,465,96,22,5,,,,,,,
2222,465,96,22,5,,,,,,,
2223,465,96,22,5,,,,,,,
2224,466,96,22,5,,,,,,,
2225,467,94,22,5,,,,,,,
2226,467,93,22,5,,,,,,,
2227,467,93,22,5,,,,,,,
2228,467,93,22,5,,,,,,,
2229,473,85,22,5,,,,,,,
2230,473,85,22,5,,,,,,,
2231,474,82,22,5,,,,,,,
2232,475,77,28,5,,,,,,,
2233,476,75,28,5,,,,,,,
2234,476,75,28,5,,,,,,,
2235,477,73,28,5,,,,,,,
2236,478,71,28,5,,,,,,,
2237,479,69,28,5,,,,,,,
2238,479,71,24,5,,,,,,,
2239,479,71,24,5,,,,,,,
2240,471,71,37,5,,,,,,,
2241,471,71,37,5,,,,,,,
2242,472,69,37,5,,,,,,,
2243,472,69,36,5,,,,,,,
2244,472,69,36,5,,,,,,,
2245,472,69,36,5,,,,,,,
2246,472,74,30,5,,,,,,,
2247,465,71,41,5,,,,,,,
2248,466,71,39,5,,,,,,,
2249,466,71,38,5,,,,,,,
2250,471,66,40,5,,,,,,,
2251,471,66,40,5,,,,,,,
2252,471,66,40,5,,,,,,,
2253,473,83,20,5,,,,,,,
2254,469,90,20,5,,,,,,,
2255,470,88,20,5,,,,,,,
2256,469,90,20,5,,,,,,,
2257,474,88,14,5,,,,,,,
2258,474,88,14,5,,,,,,,
2259,477,82,14,4,,,,,,,
2260,473,87,14,4,,,,,,,
2261,471,90,14,4,,,,,,,
2262,471,90,14,4,,,,,,,
2263,470,92,11,4,,,,,,,
2264,459,77,11,32,,,,,,,
2265,458,77,11,32,,,,,,,
2266,458,77,11,32,,,,,,,
2267,463,70,11,32,,,,,,,
2268,463,70,11,32,,,,,,,
2269,464,68,11,32,,,,,,,
2270,464,68,11,32,,,,,,,
2271,463,68,11,32,,,,,,,
2272,463,68,11,32,,,,,,,
2273,463,78,11,21,,,,,,,
2274,463,78,11,21,,,,,,,
2275,462,78,11,21,,,,,,,
2276,464,75,11,21,,,,,,,
2277,476,78,11,4,,,,,,,
2278,476,77,11,4,,,,,,,
2279,476,77,11,4,,,,,,,
2280,474,80,11,4,,,,,,,
2281,478,75,11,4,,,,,,,
2282,471,87,11,4,,,,,,,
2283,473,83,11,4,,,,,,,
2284,475,80,11,4,,,,,,,
2285,475,80,11,4,,,,,,,
2286,480,76,11,4,,,,,,,
2287,480,75,11,4,,,,,,,
2288,480,77,11,4,,,,,,,
2289,480,75,11,4,,,,,,,
2290,480,75,11,4,,,,,,,
2291,480,75,14,,,,,,,,
2292,479,75,14,,,,,,,,
2293,479,75,14,,,,,,,,
2294,480,75,11,,,,,,,,
2295,482,73,11,,,,,,,,
2296,482,73,11,,,,,,,,
2297,482,73,11,,,,,,,,
2298,482,76,7,,,,,,,,
2299,482,76,7,,,,,,,,
2300,484,72,7,,,,,,,,
2301,484,72,7,,,,,,,,
2302,484,73,4,,,,,,,,
2303,485,73,4,,,,,,,,
2304,491,64,4,,,,,,,,
2305,492,62,4,,,,,,,,
2306,493,64,,,,,,,,,
2307,493,64,,,,,,,,,
2308,496,59,,,,,,,,,
2309,496,59,,,,,,,,,
2310,495,59,,,,,,,,,
2311,496,57,,,,,,,,,
2312,498,53,,,,,,,,,
2313,499,51,,,,,,,,,
2314,501,47,,,,,,,,,
2315,501,47,,,,,,,,,
2316,502,45,,,,,,,,,
2317,502,45,,,,,,,,,
2318,501,45,,,,,,,,,
2319,502,43,,,,,,,,,
2320,496,52,,,,,,,,,
2321,497,49,,,,,,,,,
2322,494,53,,,,,,,,,
2323,495,51,,,,,,,,,
2324,496,50,,,,,,,,,
2325,495,50,,,,,,,,,
2326,495,49,,,,,,,,,
2327,499,43,,,,,,,,,
2328,499,44,,,,,,,,,
2329,500,41,,,,,,,,,
2330,501,39,,,,,,,,,
2331,503,36,,,,,,,,,
2332,503,36,,,,,,,,,
2333,503,36,,,,,,,,,
2334,510,27,,,,,,,,,
2335,510,27,,,,,,,,,
2336,509,28,,,,,,,,,
2337,508,28,,,,,,,,,
2338,509,26,,,,,,,,,
2339,509,24,,,,,,,,,
2340,509,26,,,,,,,,,
2341,511,22,,,,,,,,,
2342,511,22,,,,,,,,,
2343,511,22,,,,,,,,,
2344,511,22,,,,,,,,,
2345,511,22,,,,,,,,,
2346,512,20,,,,,,,,,
2347,512,20,,,,,,,,,
2348,514,15,,,,,,,,,
2349,515,15,,,,,,,,,
2350,512,15,,,,,,,,,
2351,512,15,,,,,,,,,
2352,511,15,,,,,,,,,
2353,511,15,,,,,,,,,
2354,510,15,,,,,,,,,
2355,510,15,,,,,,,,,
2356,510,15,,,,,,,,,
2357,510,15,,,,,,,,,
2358,506,19,,,,,,,,,
2359,511,14,,,,,,,,,
2360,510,14,,,,,,,,,
2361,511,12,,,,,,,,,
2362,511,12,,,,,,,,,
2363,510,12,,,,,,,,,
2364,510,12,,,,,,,,,
2365,509,12,,,,,,,,,
2366,512,8,,,,,,,,,
2367,505,22,,,,,,,,,
2368,504,22,,,,,,,,,
2369,504,22,,,,,,,,,
2370,504,22,,,,,,,,,
2371,504,22,,,,,,,,,
2372,503,22,,,,,,,,,
2373,502,22,,,,,,,,,
2374,502,22,,,,,,,,,
2375,503,19,,,,,,,,,
2376,500,22,,,,,,,,,
2377,500,21,,,,,,,,,
2378,499,21,,,,,,,,,
2379,503,15,,,,,,,,,
2380,497,22,,,,,,,,,
2381,496,22,,,,,,,,,
2382,496,22,,,,,,,,,
2383,497,20,,,,,,,,,
2384,498,20,,,,,,,,,
2385,502,15,,,,,,,,,
2386,502,15,,,,,,,,,
2387,501,17,,,,,,,,,
2388,501,17,,,,,,,,,
2389,501,17,,,,,,,,,
2390,497,24,,,,,,,,,
2391,497,24,,,,,,,,,
2392,496,24,,,,,,,,,
2393,501,18,,,,,,,,,
2394,499,18,,,,,,,,,
2395,499,18,,,,,,,,,
2396,499,16,,,,,,,,,
2397,500,14,,,,,,,,,
2398,498,14,,,,,,,,,
2399,497,14,,,,,,,,,
2400,496,16,,,,,,,,,
2401,499,12,,,,,,,,,
2402,499,12,,,,,,,,,
2403,499,12,,,,,,,,,
2404,499,12,,,,,,,,,
2405,500,8,,,,,,,,,
2406,500,8,,,,,,,,,
2407,498,8,,,,,,,,,
2408,498,8,,,,,,,,,
2409,497,8,,,,,,,,,
2410,497,8,,,,,,,,,
2411,497,8,,,,,,,,,
2412,494,11,,,,,,,,,
2413,493,11,,,,,,,,,
2414,493,11,,,,,,,,,
2415,491,11,,,,,,,,,
2416,488,15,,,,,,,,,
2417,487,15,,,,,,,,,
2418,487,15,,,,,,,,,
2419,486,15,,,,,,,,,
2420,488,12,,,,,,,,,
2421,486,13,,,,,,,,,
2422,486,13,,,,,,,,,
2423,484,13,,,,,,,,,
2424,484,13,,,,,,,,,
2425,481,13,,,,,,,,,
2426,481,13,,,,,,,,,
2427,480,13,,,,,,,,,
2428,480,13,,,,,,,,,
2429,479,13,,,,,,,,,
2430,479,13,,,,,,,,,
2431,479,13,,,,,,,,,
2432,476,16,,,,,,,,,
2433,475,16,,,,,,,,,
2434,475,16,,,,,,,,,
2435,474,16,,,,,,,,,
2436,473,16,,,,,,,,,
2437,473,16,,,,,,,,,
2438,472,16,,,,,,,,,
2439,472,16,,,,,,,,,
2440,471,16,,,,,,,,,
2441,471,16,,,,,,,,,
2442,477,8,,,,,,,,,
2443,477,8,,,,,,,,,
2444,477,8,,,,,,,,,
2445,477,8,,,,,,,,,
2446,477,6,,,,,,,,,
2447,477,6,,,,,,,,,
2448,474,8,,,,,,,,,
2449,473,8,,,,,,,,,
2450,473,8,,,,,,,,,
2451,471,8,,,,,,,,,
2452,471,8,,,,,,,,,
2453,470,8,,,,,,,,,
2454,470,8,,,,,,,,,
2455,468,8,,,,,,,,,
2456,466,10,,,,,,,,,
2457,467,8,,,,,,,,,
2458,466,8,,,,,,,,,
2459,466,8,,,,,,,,,
2460,465,8,,,,,,,,,
2461,464,8,,,,,,,,,
2462,463,8,,,,,,,,,
2463,462,8,,,,,,,,,
2464,462,8,,,,,,,,,
2465,461,8,,,,,,,,,
2466,460,8,,,,,,,,,
2467,459,8,,,,,,,,,
2468,459,8,,,,,,,,,
2469,459,8,,,,,,,,,
2470,458,10,,,,,,,,,
2471,458,10,,,,,,,,,
2472,458,10,,,,,,,,,
2473,456,10,,,,,,,,,
2474,455,10,,,,,,,,,
2475,455,8,,,,,,,,,
2476,454,8,,,,,,,,,
2477,452,8,,,,,,,,,
2478,451,8,,,,,,,,,
2479,451,8,,,,,,,,,
2480,445,19,,,,,,,,,
2481,443,19,,,,,,,,,
2482,443,19,,,,,,,,,
2483,441,19,,,,,,,,,
2484,440,20,,,,,,,,,
2485,438,24,,,,,,,,,
2486,438,24,,,,,,,,,
2487,438,24,,,,,,,,,
2488,437,27,,,,,,,,,
2489,436,27,,,,,,,,,
2490,435,28,,,,,,,,,
2491,435,28,,,,,,,,,
2492,435,28,,,,,,,,,
2493,435,26,,,,,,,,,
2494,435,26,,,,,,,,,
2495,435,26,,,,,,,,,
2496,437,26,,,,,,,,,
2497,436,26,,,,,,,,,
2498,436,25,,,,,,,,,
2499,432,28,,,,,,,,,
2500,432,28,,,,,,,,,
2501,433,26,,,,,,,,,
2502,434,26,,,,,,,,,
2503,433,26,,,,,,,,,
2504,434,26,,,,,,,,,
2505,434,26,,,,,,,,,
2506,433,28,,,,,,,,,
2507,432,28,,,,,,,,,
2508,432,28,,,,,,,,,
2509,432,28,,,,,,,,,
2510,432,28,,,,,,,,,
2511,432,27,,,,,,,,,
2512,435,23,,,,,,,,,
2513,438,19,,,,,,,,,
2514,442,13,,,,,,,,,
2515,442,13,,,,,,,,,
2516,441,13,,,,,,,,,
2517,447,6,,,,,,,,,
2518,446,6,,,,,,,,,
2519,445,6,,,,,,,,,
2520,444,6,,,,,,,,,
2521,442,6,,,,,,,,,
2522,441,6,,,,,,,,,
2523,441,6,,,,,,,,,
2524,439,6,,,,,,,,,
2525,438,6,,,,,,,,,
2526,436,6,,,,,,,,,
2527,430,12,,,,,,,,,
2528,429,12,,,,,,,,,
2529,427,15,,,,,,,,,
2530,427,15,,,,,,,,,
2531,426,15,,,,,,,,,
2532,426,15,,,,,,,,,
2533,425,15,,,,,,,,,
2534,418,23,,,,,,,,,
2535,418,23,,,,,,,,,
2536,419,24,,,,,,,,,
2537,418,24,,,,,,,,,
2538,420,21,,,,,,,,,
2539,421,19,,,,,,,,,
2540,418,25,,,,,,,,,
2541,419,21,,,,,,,,,
2542,419,21,,,,,,,,,
2543,418,20,,,,,,,,,
2544,418,20,,,,,,,,,
2545,419,18,,,,,,,,,
2546,419,18,,,,,,,,,
2547,421,18,,,,,,,,,
2548,419,21,,,,,,,,,
2549,420,18,,,,,,,,,
2550,424,15,,,,,,,,,
2551,427,9,,,,,,,,,
2552,426,11,,,,,,,,,
2553,428,8,,,,,,,,,
2554,428,8,,,,,,,,,
2555,427,8,,,,,,,,,
2556,427,8,,,,,,,,,
2557,426,8,,,,,,,,,
2558,426,8,,,,,,,,,
2559,426,8,,,,,,,,,
2560,424,10,,,,,,,,,
2561,424,10,,,,,,,,,
2562,424,8,,,,,,,,,
2563,423,8,,,,,,,,,
2564,422,8,,,,,,,,,
2565,422,8,,,,,,,,,
2566,423,6,,,,,,,,,
2567,423,6,,,,,,,,,
2568,422,6,,,,,,,,,
2569,422,6,,,,,,,,,
2570,421,8,,,,,,,,,
2571,421,8,,,,,,,,,
2572,420,8,,,,,,,,,
2573,420,8,,,,,,,,,
2574,419,8,,,,,,,,,
2575,419,8,,,,,,,,,
2576,419,6,,,,,,,,,
2577,419,6,,,,,,,,,
2578,416,6,,,,,,,,,
2579,417,4,,,,,,,,,
2580,415,4,,,,,,,,,
2581,415,4,,,,,,,,,
2582,415,4,,,,,,,,,
2583,415,4,,,,,,,,,
2584,413,4,,,,,,,,,
2585,412,4,,,,,,,,,
2586,411,4,,,,,,,,,
2587,409,4,,,,,,,,,
2588,408,4,,,,,,,,,
2589,407,4,,,,,,,,,
2590,407,4,,,,,,,,,
2591,407,4,,,,,,,,,
2592,407,4,,,,,,,,,
2593,407,4,,,,,,,,,
2594,407,4,,,,,,,,,
2595,405,4,,,,,,,,,
2596,404,4,,,,,,,,,
2597,403,4,,,,,,,,,
2598,403,4,,,,,,,,,
2599,403,4,,,,,,,,,
2600,400,10,,,,,,,,,
2601,396,17,,,,,,,,,
2602,396,15,,,,,,,,,
2603,395,15,,,,,,,,,
2604,395,15,,,,,,,,,
2605,396,13,,,,,,,,,
2606,396,13,,,,,,,,,
2607,396,12,,,,,,,,,
2608,396,12,,,,,,,,,
2609,395,12,,,,,,,,,
2610,390,18,,,,,,,,,
2611,390,18,,,,,,,,,
2612,393,13,,,,,,,,,
2613,392,13,,,,,,,,,
2614,392,13,,,,,,,,,
2615,395,9,,,,,,,,,
2616,397,7,,,,,,,,,
2617,400,2,,,,,,,,,
2618,400,2,,,,,,,,,
2619,395,7,,,,,,,,,
2620,391,15,,,,,,,,,
2621,390,15,,,,,,,,,
2622,391,13,,,,,,,,,
2623,389,13,,,,,,,,,
2624,389,13,,,,,,,,,
2625,389,13,,,,,,,,,
2626,389,13,,,,,,,,,
2627,387,13,,,,,,,,,
2628,383,18,,,,,,,,,
2629,383,18,,,,,,,,,
2630,386,12,,,,,,,,,
2631,386,12,,,,,,,,,
2632,382,16,,,,,,,,,
2633,381,16,,,,,,,,,
2634,381,16,,,,,,,,,
2635,383,13,,,,,,,,,
2636,383,13,,,,,,,,,
2637,384,11,,,,,,,,,
2638,384,11,,,,,,,,,
2639,384,11,,,,,,,,,
2640,385,11,,,,,,,,,
2641,385,11,,,,,,,,,
2642,386,9,,,,,,,,,
2643,384,9,,,,,,,,,
2644,384,9,,,,,,,,,
2645,382,9,,,,,,,,,
2646,380,11,,,,,,,,,
2647,379,11,,,,,,,,,
2648,379,11,,,,,,,,,
2649,384,4,,,,,,,,,
2650,384,4,,,,,,,,,
2651,382,4,,,,,,,,,
2652,382,4,,,,,,,,,
2653,381,4,,,,,,,,,
2654,381,4,,,,,,,,,
2655,381,2,,,,,,,,,
2656,377,7,,,,,,,,,
2657,373,7,,,,,,,,,
2658,373,7,,,,,,,,,
2659,372,7,,,,,,,,,
2660,370,10,,,,,,,,,
2661,370,10,,,,,,,,,
2662,370,10,,,,,,,,,
2663,369,10,,,,,,,,,
2664,365,15,,,,,,,,,
2665,363,15,,,,,,,,,
2666,367,10,,,,,,,,,
2667,367,10,,,,,,,,,
2668,367,10,,,,,,,,,
2669,367,10,,,,,,,,,
2670,368,10,,,,,,,,,
2671,368,10,,,,,,,,,
2672,353,25,,,,,,,,,
2673,347,31,,,,,,,,,
2674,349,28,,,,,,,,,
2675,348,28,,,,,,,,,
2676,347,28,,,,,,,,,
2677,346,28,,,,,,,,,
2678,350,22,,,,,,,,,
2679,349,22,,,,,,,,,
2680,344,30,,,,,,,,,
2681,342,30,,,,,,,,,
2682,339,35,,,,,,,,,
2683,339,35,,,,,,,,,
2684,339,35,,,,,,,,,
2685,358,15,,,,,,,,,
2686,357,15,,,,,,,,,
2687,357,15,,,,,,,,,
2688,357,14,,,,,,,,,
2689,356,14,,,,,,,,,
2690,355,16,,,,,,,,,
2691,354,16,,,,,,,,,
2692,354,16,,,,,,,,,
2693,354,16,,,,,,,,,
2694,352,16,,,,,,,,,
2695,351,16,,,,,,,,,
2696,351,16,,,,,,,,,
2697,350,16,,,,,,,,,
2698,350,16,,,,,,,,,
2699,350,16,,,,,,,,,
2700,348,23,,,,,,,,,
2701,348,23,,,,,,,,,
2702,359,9,,,,,,,,,
2703,359,9,,,,,,,,,
2704,352,17,,,,,,,,,
2705,352,17,,,,,,,,,
2706,352,17,,,,,,,,,
2707,351,17,,,,,,,,,
2708,351,17,,,,,,,,,
2709,355,10,,,,,,,,,
2710,355,10,,,,,,,,,
2711,354,10,,,,,,,,,
2712,354,10,,,,,,,,,
2713,355,8,,,,,,,,,
2714,355,8,,,,,,,,,
2715,355,8,,,,,,,,,
2716,358,4,,,,,,,,,
2717,358,4,,,,,,,,,
2718,355,4,,,,,,,,,
2719,355,4,,,,,,,,,
2720,355,2,,,,,,,,,
2721,355,2,,,,,,,,,
2722,353,2,,,,,,,,,
2723,353,2,,,,,,,,,
2724,352,2,,,,,,,,,
2725,352,2,,,,,,,,,
2726,352,2,,,,,,,,,
2727,347,8,,,,,,,,,
2728,347,8,,,,,,,,,
2729,347,8,,,,,,,,,
2730,248,2,106,,,,,,,,
2731,248,2,106,,,,,,,,
2732,247,2,106,,,,,,,,
2733,246,2,106,,,,,,,,
2734,247,2,104,,,,,,,,
2735,245,2,104,,,,,,,,
2736,243,2,107,,,,,,,,
2737,243,2,107,,,,,,,,
2738,243,2,107,,,,,,,,
2739,243,2,107,,,,,,,,
2740,242,2,107,,,,,,,,
2741,241,2,107,,,,,,,,
2742,241,2,107,,,,,,,,
2743,341,6,,,,,,,,,
2744,341,6,,,,,,,,,
2745,340,6,,,,,,,,,
2746,340,6,,,,,,,,,
2747,340,6,,,,,,,,,
2748,339,6,,,,,,,,,
2749,339,6,,,,,,,,,
2750,334,13,,,,,,,,,
2751,335,9,,,,,,,,,
2752,335,10,,,,,,,,,
2753,334,10,,,,,,,,,
2754,333,12,,,,,,,,,
2755,332,12,,,,,,,,,
2756,332,12,,,,,,,,,
2757,331,11,,,,,,,,,
2758,331,11,,,,,,,,,
2759,331,11,,,,,,,,,
2760,324,22,,,,,,,,,
2761,329,16,,,,,,,,,
2762,329,16,,,,,,,,,
2763,327,16,,,,,,,,,
2764,327,16,,,,,,,,,
2765,325,16,,,,,,,,,
2766,325,16,,,,,,,,,
2767,323,16,,,,,,,,,
2768,315,25,,,,,,,,,
2769,312,25,,,,,,,,,
2770,312,25,,,,,,,,,
2771,311,25,,,,,,,,,
2772,309,26,,,,,,,,,
2773,309,26,,,,,,,,,
2774,311,23,,,,,,,,,
2775,311,23,,,,,,,,,
2776,311,23,,,,,,,,,
2777,310,23,,,,,,,,,
2778,317,15,,,,,,,,,
2779,317,15,,,,,,,,,
2780,317,13,,,,,,,,,
2781,317,14,,,,,,,,,
2782,322,6,,,,,,,,,
2783,322,6,,,,,,,,,
2784,321,4,,,,,,,,,
2785,321,4,,,,,,,,,
2786,321,2,,,,,,,,,
2787,320,2,,,,,,,,,
2788,319,2,,,,,,,,,
2789,319,2,,,,,,,,,
2790,317,2,,,,,,,,,
2791,317,2,,,,,,,,,
2792,317,2,,,,,,,,,
2793,316,2,,,,,,,,,
2794,316,2,,,,,,,,,
2795,316,2,,,,,,,,,
2796,316,2,,,,,,,,,
2797,316,2,,,,,,,,,
2798,315,2,,,,,,,,,
2799,315,2,,,,,,,,,
2800,313,5,,,,,,,,,
2801,313,5,,,,,,,,,
2802,311,5,,,,,,,,,
2803,311,5,,,,,,,,,
2804,311,5,,,,,,,,,
2805,308,5,,,,,,,,,
2806,308,5,,,,,,,,,
2807,306,5,,,,,,,,,
2808,306,5,,,,,,,,,
2809,306,5,,,,,,,,,
2810,305,5,,,,,,,,,
2811,305,5,,,,,,,,,
2812,305,5,,,,,,,,,
2813,304,5,,,,,,,,,
2814,304,5,,,,,,,,,
2815,304,5,,,,,,,,,
2816,300,10,,,,,,,,,
2817,298,10,,,,,,,,,
2818,298,10,,,,,,,,,
2819,296,10,,,,,,,,,
2820,296,10,,,,,,,,,
2821,300,5,,,,,,,,,
2822,300,5,,,,,,,,,
2823,299,5,,,,,,,,,
2824,300,4,,,,,,,,,
2825,299,4,,,,,,,,,
2826,299,4,,,,,,,,,
2827,298,4,,,,,,,,,
2828,298,4,,,,,,,,,
2829,298,2,,,,,,,,,
2830,297,2,,,,,,,,,
2831,295,2,,,,,,,,,
2832,295,,,,,,,,,,
2833,293,,,,,,,,,,
2834,291,,,,,,,,,,
2835,291,,,,,,,,,,
2836,288,,,,,,,,,,
2837,287,,,,,,,,,,
2838,287,,,,,,,,,,
2839,286,,,,,,,,,,
2840,279,8,,,,,,,,,
2841,279,8,,,,,,,,,
2842,277,8,,,,,,,,,
2843,275,8,,,,,,,,,
2844,274,8,,,,,,,,,
2845,272,8,,,,,,,,,
2846,271,8,,,,,,,,,
2847,269,8,,,,,,,,,
2848,268,8,,,,,,,,,
2849,267,8,,,,,,,,,
2850,266,8,,,,,,,,,
2851,265,8,,,,,,,,,
2852,264,8,,,,,,,,,
2853,271,,,,,,,,,,
2854,271,,,,,,,,,,
2855,271,,,,,,,,,,
2856,272,,,,,,,,,,
2857,271,,,,,,,,,,
2858,271,,,,,,,,,,
2859,269,,,,,,,,,,
2860,269,,,,,,,,,,
2861,266,,,,,,,,,,
2862,266,,,,,,,,,,
2863,265,,,,,,,,,,
2864,265,,,,,,,,,,
2865,264,,,,,,,,,,
2866,264,,,,,,,,,,
2867,264,,,,,,,,,,
2868,262,,,,,,,,,,
2869,262,,,,,,,,,,
2870,255,8,,,,,,,,,
2871,255,8,,,,,,,,,
2872,255,8,,,,,,,,,
2873,254,8,,,,,,,,,
2874,252,8,,,,,,,,,
2875,251,8,,,,,,,,,
2876,257,,,,,,,,,,
2877,257,,,,,,,,,,
2878,256,,,,,,,,,,
2879,255,,,,,,,,,,
2880,246,12,,,,,,,,,
2881,245,12,,,,,,,,,
2882,245,12,,,,,,,,,
2883,244,12,,,,,,,,,
2884,244,12,,,,,,,,,
2885,242,12,,,,,,,,,
2886,242,12,,,,,,,,,
2887,243,9,,,,,,,,,
2888,245,9,,,,,,,,,
2889,245,9,,,,,,,,,
2890,250,4,,,,,,,,,
2891,248,4,,,,,,,,,
2892,248,4,,,,,,,,,
2893,249,,,,,,,,,,
2894,249,,,,,,,,,,
2895,247,,,,,,,,,,
2896,246,,,,,,,,,,
2897,246,,,,,,,,,,
2898,245,,,,,,,,,,
2899,244,,,,,,,,,,
2900,245,,,,,,,,,,
2901,244,,,,,,,,,,
2902,242,,,,,,,,,,
2903,241,,,,,,,,,,
2904,240,,,,,,,,,,
2905,239,,,,,,,,,,
2906,239,,,,,,,,,,
2907,237,,,,,,,,,,
2908,236,,,,,,,,,,
2909,235,,,,,,,,,,
2910,232,4,,,,,,,,,
2911,232,4,,,,,,,,,
2912,231,4,,,,,,,,,
2913,231,4,,,,,,,,,
2914,229,4,,,,,,,,,
2915,229,4,,,,,,,,,
2916,228,4,,,,,,,,,
2917,228,4,,,,,,,,,
2918,227,4,,,,,,,,,
2919,226,4,,,,,,,,,
2920,225,4,,,,,,,,,
2921,223,4,,,,,,,,,
2922,223,4,,,,,,,,,
2923,222,4,,,,,,,,,
2924,225,,,,,,,,,,
2925,224,,,,,,,,,,
2926,222,,,,,,,,,,
2927,221,,,,,,,,,,
2928,219,,,,,,,,,,
2929,218,,,,,,,,,,
2930,218,,,,,,,,,,
2931,217,,,,,,,,,,
2932,216,,,,,,,,,,
2933,216,,,,,,,,,,
2934,214,,,,,,,,,,
2935,213,,,,,,,,,,
2936,212,,,,,,,,,,
2937,212,,,,,,,,,,
2938,211,,,,,,,,,,
2939,211,,,,,,,,,,
2940,212,,,,,,,,,,
2941,211,,,,,,,,,,
2942,211,,,,,,,,,,
2943,210,,,,,,,,,,
2944,210,,,,,,,,,,
2945,210,,,,,,,,,,
2946,210,,,,,,,,,,
2947,209,,,,,,,,,,
2948,209,,,,,,,,,,
2949,206,,,,,,,,,,
2950,206,,,,,,,,,,
2951,203,,,,,,,,,,
2952,204,,,,,,,,,,
2953,204,,,,,,,,,,
2954,204,,,,,,,,,,
2955,204,,,,,,,,,,
2956,204,,,,,,,,,,
2957,203,,,,,,,,,,
2958,202,,,,,,,,,,
2959,201,,,,,,,,,,
2960,196,6,,,,,,,,,
2961,195,6,,,,,,,,,
2962,194,6,,,,,,,,,
2963,193,6,,,,,,,,,
2964,196,,,,,,,,,,
2965,194,,,,,,,,,,
2966,192,,,,,,,,,,
2967,191,,,,,,,,,,
2968,190,,,,,,,,,,
2969,190,,,,,,,,,,
2970,187,4,,,,,,,,,
2971,186,4,,,,,,,,,
2972,186,4,,,,,,,,,
2973,184,4,,,,,,,,,
2974,184,4,,,,,,,,,
2975,187,,,,,,,,,,
2976,187,,,,,,,,,,
2977,186,,,,,,,,,,
2978,186,,,,,,,,,,
2979,185,,,,,,,,,,
2980,184,,,,,,,,,,
2981,184,,,,,,,,,,
2982,182,,,,,,,,,,
2983,182,,,,,,,,,,
2984,181,,,,,,,,,,
2985,180,,,,,,,,,,
2986,179,,,,,,,,,,
2987,179,,,,,,,,,,
2988,177,,,,,,,,,,
2989,177,,,,,,,,,,
2990,175,,,,,,,,,,
2991,174,,,,,,,,,,
2992,173,,,,,,,,,,
2993,172,,,,,,,,,,
2994,171,,,,,,,,,,
2995,169,,,,,,,,,,
2996,168,,,,,,,,,,
2997,163,5,,,,,,,,,
2998,162,5,,,,,,,,,
2999,161,5,,,,,,,,,
3000,161,5,,,,,,,,,
3001,160,5,,,,,,,,,
3002,160,5,,,,,,,,,
3003,160,5,,,,,,,,,
3004,159,5,,,,,,,,,
3005,158,5,,,,,,,,,
3006,158,5,,,,,,,,,
3007,162,,,,,,,,,,
3008,162,,,,,,,,,,
3009,161,,,,,,,,,,
3010,159,,,,,,,,,,
3011,157,,,,,,,,,,
3012,156,,,,,,,,,,
3013,155,,,,,,,,,,
3014,154,,,,,,,,,,
3015,153,,,,,,,,,,
3016,152,,,,,,,,,,
3017,151,,,,,,,,,,
3018,150,,,,,,,,,,
3019,148,,,,,,,,,,
3020,145,4,,,,,,,,,
3021,144,4,,,,,,,,,
3022,144,4,,,,,,,,,
3023,144,4,,,,,,,,,
3024,143,4,,,,,,,,,
3025,141,4,,,,,,,,,
3026,140,4,,,,,,,,,
3027,138,4,,,,,,,,,
3028,140,,,,,,,,,,
3029,140,,,,,,,,,,
3030,140,,,,,,,,,,
3031,139,,,,,,,,,,
3032,139,,,,,,,,,,
3033,135,4,,,,,,,,,
3034,135,4,,,,,,,,,
3035,135,4,,,,,,,,,
3036,135,4,,,,,,,,,
3037,134,4,,,,,,,,,
3038,134,4,,,,,,,,,
3039,133,4,,,,,,,,,
3040,130,6,,,,,,,,,
3041,129,6,,,,,,,,,
3042,127,6,,,,,,,,,
3043,130,2,,,,,,,,,
3044,127,2,,,,,,,,,
3045,127,2,,,,,,,,,
3046,127,2,,,,,,,,,
3047,126,2,,,,,,,,,
3048,126,2,,,,,,,,,
3049,126,2,,,,,,,,,
3050,126,2,,,,,,,,,
3051,125,2,,,,,,,,,
3052,125,2,,,,,,,,,
3053,122,2,,,,,,,,,
3054,121,2,,,,,,,,,
3055,120,2,,,,,,,,,
3056,120,2,,,,,,,,,
3057,120,,,,,,,,,,
3058,120,,,,,,,,,,
3059,119,,,,,,,,,,
3060,119,,,,,,,,,,
3061,118,,,,,,,,,,
3062,116,,,,,,,,,,
3063,116,,,,,,,,,,
3064,115,,,,,,,,,,
3065,115,,,,,,,,,,
3066,115,,,,,,,,,,
3067,114,,,,,,,,,,
3068,113,,,,,,,,,,
3069,111,,,,,,,,,,
3070,110,,,,,,,,,,
3071,110,,,,,,,,,,
3072,109,,,,,,,,,,
3073,108,,,,,,,,,,
3074,108,,,,,,,,,,
3075,108,,,,,,,,,,
3076,107,,,,,,,,,,
3077,105,,,,,,,,,,
3078,106,,,,,,,,,,
3079,104,,,,,,,,,,
3080,104,,,,,,,,,,
3081,103,,,,,,,,,,
3082,102,,,,,,,,,,
3083,102,,,,,,,,,,
3084,101,,,,,,,,,,
3085,99,,,,,,,,,,
3086,99,,,,,,,,,,
3087,98,,,,,,,,,,
3088,96,,,,,,,,,,
3089,95,,,,,,,,,,
3090,93,,,,,,,,,,
3091,92,,,,,,,,,,
3092,91,,,,,,,,,,
3093,91,,,,,,,,,,
3094,90,,,,,,,,,,
3095,90,,,,,,,,,,
3096,87,,,,,,,,,,
3097,87,,,,,,,,,,
3098,84,,,,,,,,,,
3099,84,,,,,,,,,,
3100,83,,,,,,,,,,
3101,83,,,,,,,,,,
3102,83,,,,,,,,,,
3103,82,,,,,,,,,,
3104,80,,,,,,,,,,
3105,75,6,,,,,,,,,
3106,74,6,,,,,,,,,
3107,73,6,,,,,,,,,
3108,72,6,,,,,,,,,
3109,72,6,,,,,,,,,
3110,76,,,,,,,,,,
3111,76,,,,,,,,,,
3112,74,,,,,,,,,,
3113,74,,,,,,,,,,
3114,73,,,,,,,,,,
3115,73,,,,,,,,,,
3116,72,,,,,,,,,,
3117,72,,,,,,,,,,
3118,71,,,,,,,,,,
3119,70,,,,,,,,,,
3120,67,5,,,,,,,,,
3121,67,5,,,,,,,,,
3122,66,5,,,,,,,,,
3123,65,7,,,,,,,,,
3124,64,7,,,,,,,,,
3125,63,7,,,,,,,,,
3126,62,7,,,,,,,,,
3127,63,5,,,,,,,,,
3128,62,5,,,,,,,,,
3129,62,5,,,,,,,,,
3130,62,5,,,,,,,,,
3131,62,3,,,,,,,,,
3132,59,7,,,,,,,,,
3133,58,7,,,,,,,,,
3134,59,4,,,,,,,,,
3135,59,4,,,,,,,,,
3136,58,4,,,,,,,,,
3137,58,4,,,,,,,,,
3138,57,4,,,,,,,,,
3139,60,,,,,,,,,,
3140,59,,,,,,,,,,
3141,57,,,,,,,,,,
3142,56,,,,,,,,,,
3143,55,,,,,,,,,,
3144,55,,,,,,,,,,
3145,55,,,,,,,,,,
3146,54,,,,,,,,,,
3147,54,,,,,,,,,,
3148,51,,,,,,,,,,
3149,51,,,,,,,,,,
3150,51,,,,,,,,,,
3151,51,,,,,,,,,,
3152,51,,,,,,,,,,
3153,50,,,,,,,,,,
3154,48,,,,,,,,,,
3155,47,,,,,,,,,,
3156,46,,,,,,,,,,
3157,45,,,,,,,,,,
3158,45,,,,,,,,,,
3159,40,5,,,,,,,,,
3160,40,5,,,,,,,,,
3161,40,5,,,,,,,,,
3162,40,5,,,,,,,,,
3163,38,5,,,,,,,,,
3164,38,5,,,,,,,,,
3165,38,5,,,,,,,,,
3166,38,5,,,,,,,,,
3167,38,5,,,,,,,,,
3168,37,5,,,,,,,,,
3169,36,5,,,,,,,,,
3170,35,5,,,,,,,,,
3171,34,5,,,,,,,,,
3172,32,5,,,,,,,,,
3173,36,,,,,,,,,,
3174,36,,,,,,,,,,
3175,35,,,,,,,,,,
3176,35,,,,,,,,,,
3177,35,,,,,,,,,,
3178,34,,,,,,,,,,
3179,34,,,,,,,,,,
3180,34,,,,,,,,,,
3181,34,,,,,,,,,,
3182,34,,,,,,,,,,
3183,33,,,,,,,,,,
3184,32,,,,,,,,,,
3185,29,,,,,,,,,,
3186,22,8,,,,,,,,,
3187,22,8,,,,,,,,,
3188,22,8,,,,,,,,,
3189,22,8,,,,,,,,,
3190,20,8,,,,,,,,,
3191,18,8,,,,,,,,,
3192,18,8,,,,,,,,,
3193,18,8,,,,,,,,,
3194,18,8,,,,,,,,,
3195,18,9,,,,,,,,,
3196,18,9,,,,,,,,,
3197,17,9,,,,,,,,,
3198,16,9,,,,,,,,,
3199,16,9,,,,,,,,,
3200,17,9,,,,,,,,,
3201,21,4,,,,,,,,,
3202,21,4,,,,,,,,,
3203,21,4,,,,,,,,,
3204,21,4,,,,,,,,,
3205,24,,,,,,,,,,
3206,21,,,,,,,,,,
3207,20,,,,,,,,,,
3208,20,,,,,,,,,,
3209,20,,,,,,,,,,
3210,19,,,,,,,,,,
3211,19,,,,,,,,,,
3212,18,,,,,,,,,,
3213,18,,,,,,,,,,
3214,18,,,,,,,,,,
3215,17,,,,,,,,,,
3216,16,,,,,,,,,,
3217,15,,,,,,,,,,
3218,15,,,,,,,,,,
3219,15,,,,,,,,,,
3220,16,2,,,,,,,,,
3221,16,2,,,,,,,,,
3222,13,2,,,,,,,,,
3223,12,2,,,,,,,,,
3224,10,2,,,,,,,,,
3225,10,2,,,,,,,,,
3226,10,2,,,,,,,,,
3227,9,2,,,,,,,,,
3228,10,,,,,,,,,,
3229,10,,,,,,,,,,
3230,11,,,,,,,,,,
3231,11,,,,,,,,,,
3232,10,,,,,,,,,,
3233,9,,,,,,,,,,
3234,8,,,,,,,,,,
3235,8,,,,,,,,,,
3236,7,,,,,,,,,,
3237,6,,,,,,,,,,
3238,5,,,,,,,,,,
3239,4,,,,,,,,,,
3240,2,,,,,,,,,,
3241,2,,,,,,,,,,
3242,2,,,,,,,,,,
3243,1,,,,,,,,,,
,,,,,,,,,,,
,,,,,,,,,,,
,,,,,,,,,,,
,,,,,,,,,,,
,,,,,,,,,,,
,,,,,,,,,,,
3250,,,3,,,,,,,,
3251,,,3,,,,,,,,
3252,,2,,,,,,,,,
3253,,2,,,,,,,,,
3254,,2,,,,,,,,,
3255,,2,,,,,,,,,
3256,1,,,,,,,,,,
3257,1,,,,,,,,,,
,,,,,,,,,,,
,,,,,,,,,,,
,,,,,,,,,,,
,,,,,,,,,,,
,,,,,,,,,,,
,,,,,,,,,,,
,,,,,,,,,,,
,,,,,,,,,,,
,,,,,,,,,,,
,,,,,,,,,,,
,,,,,,,,,,,
,,,,,,,,,,,
,,,,,,,,,,,
,,,,,,,,,,,
,,,,,,,,,,,
,,,,,,,,,,,
,,,,,,,,,,,
,,,,,,,,,,,
,,,,,,,,,,,
,,,,,,,,,,,
,,,,,,,,,,,
,,,,,,,,,,,
,,,,,,,,,,,
,,,,,,,,,,,
,,,,,,,,,,,
,,,,,,,,,,,
,,,,,,,,,,,
,,,,,,,,,,,
,,,,,,,,,,,
,,,,,,,,,,,
,,,,,,,,,,,
,,,,,,,,,,,
3290,1,,,,,,,,,,
3291,1,,,,,,,,,,
3292,1,,,,,,,,,,
3293,1,,,,,,,,,,
3294,1,,,,,,,,,,
3295,1,,,,,,,,,,
,,,,,,,,,,,
,,,,,,,,,,,
,,,,,,,,,,,
,,,,,,,,,,,
3300,1,,,,,,,,,,
3301,1,,,,,,,,,,
,,,,,,,,,,,
,,,,,,,,,,,
,,,,,,,,,,,
,,,,,,,,,,,
,,,,,,,,,,,
,,,,,,,,,,,
,,,,,,,,,,,
,,,,,,,,,,,
3310,1,,,,,,,,,,
3311,1,,,,,,,,,,
,,,,,,,,,,,
,,,,,,,,,,,
,,,,,,,,,,,
,,,,,,,,,,,
,,,,,,,,,,,
,,,,,,,,,,,
,,,,,,,,,,,
,,,,,,,,,,,
3320,,2,,,,,,,,,
3321,,2,,,,,,,,,
3322,,2,,,,,,,,,
3323,,2,,,,,,,,,
3324,,2,,,,,,,,,
3325,,2,,,,,,,,,
3326,,2,,,,,,,,,
3327,,2,,,,,,,,,
3328,1,,,,,,,,,,
3329,1,,,,,,,,,,
,,,,,,,,,,,
,,,,,,,,,,,
,,,,,,,,,,,
,,,,,,,,,,,
,,,,,,,,,,,
,,,,,,,,,,,
,,,,,,,,,,,
,,,,,,,,,,,
,,,,,,,,,,,
,,,,,,,,,,,
3340,1,,,,,,,,,,
3341,1,,,,,,,,,,
3342,1,,,,,,,,,,
3343,1,,,,,,,,,,
3344,1,,,,,,,,,,
3345,1,,,,,,,,,,
3346,1,,,,,,,,,,
,,,,,,,,,,,
,,,,,,,,,,,
,,,,,,,,,,,
,,,,,,,,,,,
,,,,,,,,,,,
,,,,,,,,,,,
,,,,,,,,,,,
,,,,,,,,,,,
,,,,,,,,,,,
,,,,,,,,,,,
,,,,,,,,,,,
,,,,,,,,,,,
,,,,,,,,,,,
3360,1,,,,,,,,,,
3361,1,,,,,,,,,,
3362,1,,,,,,,,,,
3363,1,,,,,,,,,,
,,,,,,,,,,,
,,,,,,,,,,,
,,,,,,,,,,,
,,,,,,,,,,,
,,,,,,,,,,,
,,,,,,,,,,,
3370,1,,,,,,,,,,
3371,1,,,,,,,,,,
3372,1,,,,,,,,,,
3373,1,,,,,,,,,,
,,,,,,,,,,,
,,,,,,,,,,,
,,,,,,,,,,,
,,,,,,,,,,,
,,,,,,,,,,,
,,,,,,,,,,,
3380,,2,,,,,,,,,
3381,,2,,,,,,,,,
3382,,2,,,,,,,,,
3383,,2,,,,,,,,,
3384,,2,,,,,,,,,
3385,,2,,,,,,,,,
,,,,,,,,,,,
,,,,,,,,,,,
,,,,,,,,,,,
,,,,,,,,,,,
3390,,2,,,,,,,,,
3391,,2,,,,,,,,,
3392,,2,,,,,,,,,
3393,,2,,,,,,,,,
3394,,2,,,,,,,,,
3395,,2,,,,,,,,,
,,,,,,,,,,,
,,,,,,,,,,,
,,,,,,,,,,,
,,,,,,,,,,,
3400,1,,,,,,,,,,
3401,1,,,,,,,,,,
3402,1,,,,,,,,,,
3403,1,,,,,,,,,,
,,,,,,,,,,,
,,,,,,,,,,,
,,,,,,,,,,,
,,,,,,,,,,,
,,,,,,,,,,,
,,,,,,,,,,,
,,,,,,,,,,,
,,,,,,,,,,,
,,,,,,,,,,,
,,,,,,,,,,,
,,,,,,,,,,,
,,,,,,,,,,,
,,,,,,,,,,,
,,,,,,,,,,,
,,,,,,,,,,,
,,,,,,,,,,,
,,,,,,,,,,,
,,,,,,,,,,,
,,,,,,,,,,,
,,,,,,,,,,,
,,,,,,,,,,,
,,,,,,,,,,,
,,,,,,,,,,,
,,,,,,,,,,,
,,,,,,,,,,,
,,,,,,,,,,,
3430,1,,,,,,,,,,
3431,1,,,,,,,,,,
3432,1,,,,,,,,,,
,,,,,,,,,,,
,,,,,,,,,,,
,,,,,,,,,,,
,,,,,,,,,,,
,,,,,,,,,,,
,,,,,,,,,,,
,,,,,,,,,,,
3440,1,,,,,,,,,,
3441,1,,,,,,,,,,
3442,1,,,,,,,,,,
3443,1,,,,,,,,,,
,,,,,,,,,,,
,,,,,,,,,,,
,,,,,,,,,,,
,,,,,,,,,,,
,,,,,,,,,,,
,,,,,,,,,,,
3450,1,,,,,,,,,,
3451,1,,,,,,,,,,
3452,1,,,,,,,,,,
,,,,,,,,,,,
,,,,,,,,,,,
,,,,,,,,,,,
,,,,,,,,,,,
,,,,,,,,,,,
,,,,,,,,,,,
,,,,,,,,,,,
3460,1,,,,,,,,,,
3461,1,,,,,,,,,,
3462,1,,,,,,,,,,
3463,1,,,,,,,,,,
3464,1,,,,,,,,,,
,,,,,,,,,,,
,,,,,,,,,,,
,,,,,,,,,,,
,,,,,,,,,,,
,,,,,,,,,,,
3470,1,2,,,,,,,,,
3471,1,2,,,,,,,,,
3472,,2,,,,,,,,,
3473,,2,,,,,,,,,
3474,,2,,,,,,,,,
3475,,2,,,,,,,,,
3476,,2,,,,,,,,,
3477,1,,,,,,,,,,
3478,1,,,,,,,,,,
3479,1,,,,,,,,,,
3480,,2,,,,,,,,,
3481,,2,,,,,,,,,
,,,,,,,,,,,
,,,,,,,,,,,
,,,,,,,,,,,
,,,,,,,,,,,
,,,,,,,,,,,
,,,,,,,,,,,
,,,,,,,,,,,
,,,,,,,,,,,
3490,,2,,,,,,,,,
3491,,2,,,,,,,,,
3492,,2,,,,,,,,,
3493,,2,,,,,,,,,
,,,,,,,,,,,
,,,,,,,,,,,
,,,,,,,,,,,
,,,,,,,,,,,
,,,,,,,,,,,
,,,,,,,,,,,
3500,1,,,,,,,,,,
3501,1,,,,,,,,,,
3502,1,,,,,,,,,,
,,,,,,,,,,,
,,,,,,,,,,,
,,,,,,,,,,,
,,,,,,,,,,,
,,,,,,,,,,,
,,,,,,,,,,,
,,,,,,,,,,,
,,,,,,,,,,,
,,,,,,,,,,,
,,,,,,,,,,,
,,,,,,,,,,,
,,,,,,,,,,,
,,,,,,,,,,,
,,,,,,,,,,,
,,,,,,,,,,,
,,,,,,,,,,,
,,,,,,,,,,,
3520,1,,,,,,,,,,
3521,1,,,,,,,,,,
,,,,,,,,,,,
,,,,,,,,,,,
,,,,,,,,,,,
,,,,,,,,,,,
,,,,,,,,,,,
,,,,,,,,,,,
,,,,,,,,,,,
,,,,,,,,,,,
3530,1,,,,,13.0,,,,,
3531,1,,,,,13.0,,,,,
3532,1,,,,,13.0,,,,,
3533,1,,,,,13.0,,,,,
3534,1,,,,,13.0,,,,,
3535,1,,,,,13.0,,,,,
3536,1,,,,,13.0,,,,,
3537,1,,,,,13.0,,,,,
3538,1,,,,,13.0,,,,,
3539,1,,,,12,,,,,,
3540,1,,,,12,,,,,,
3541,1,,,,12,,,,,,
3542,1,,,,12,,,,,,
3543,1,,,,12,,,,,,
3544,1,,,11,,,,,,,
3545,1,,8,,,,,,,,
3546,2,,6,,,,,,,,
3547,1,,5,,,,,,,,
3548,1,,5,,,,,,,,
3549,1,2,,,,,,,,,
3550,,2,,,,,,,,,
3551,,2,,,,,,,,,
3552,,2,,,,,,,,,
,,,,,,,,,,,
,,,,,,,,,,,
,,,,,,,,,,,
,,,,,,,,,,,
,,,,,,,,,,,
,,,,,,,,,,,
,,,,,,,,,,,
,,,,,,,,,,,
,,,,,,,,,,,
,,,,,,,,,,,
,,,,,,,,,,,
,,,,,,,,,,,
,,,,,,,,,,,
,,,,,,,,,,,
,,,,,,,,,,,
,,,,,,,,,,,
,,,,,,,,,,,
3570,,2,,,,,,,,,
3571,,2,,,,,,,,,
3572,,2,,,,,,,,,
3573,,2,,,,,,,,,
3574,,2,,,,,,,,,
3575,1,,,,,,,,,,
,,,,,,,,,,,
,,,,,,,,,,,
,,,,,,,,,,,
,,,,,,,,,,,
3580,1,,,,,,,,,,
3581,1,,,,,,,,,,
3582,1,,,,,,,,,,
3583,1,,,,,,,,,,
,,,,,,,,,,,
,,,,,,,,,,,
,,,,,,,,,,,
,,,,,,,,,,,
,,,,,,,,,,,
,,,,,,,,,,,
,,,,,,,,,,,
,,,,,,,,,,,
,,,,,,,,,,,
,,,,,,,,,,,
,,,,,,,,,,,
,,,,,,,,,,,
,,,,,,,,,,,
,,,,,,,,,,,
,,,,,,,,,,,
,,,,,,,,,,,
3600,1,,,,,,,,,,
3601,1,,,,,,,,,,
,,,,,,,,,,,
,,,,,,,,,,,
,,,,,,,,,,,
,,,,,,,,,,,
,,,,,,,,,,,
,,,,,,,,,,,
,,,,,,,,,,,
,,,,,,,,,,,
