day_counter,0,1,2,3,4,5,6,7,8,9
0,,,3,,,,,,,
1,,,3,,,,,,,
2,,2,3,,,,,,,
3,,2,4,,,,,,,
4,1,4,4,,,,,,,
5,1,4,4,,,,,,,
6,3,4,6,,,,,,,
7,5,4,6,,,,,,,
8,7,4,6,,,,,,,
9,7,9,,,,,,,,
10,5,12,,,,,,,,
11,6,11,,,,,,,,
12,6,6,5,,,,,,,
13,6,6,5,,,,,,,
14,8,7,5,,,,,,,
15,8,6,5,,,,,,,
16,6,,16,,,,,,,
17,6,,16,,,,,,,
18,6,,16,,,,,,,
19,8,,16,,,,,,,
20,7,,19,,,,,,,
21,13,,15,,,,,,,
22,16,,15,,,,,,,
23,16,,15,,,,,,,
24,15,2,17,,,,,,,
25,14,2,20,,,,,,,
26,16,2,21,,,,,,,
27,17,2,22,,,,,,,
28,18,4,23,,,,,,,
29,19,4,23,,,,,,,
30,22,4,23,,,,,,,
31,24,4,21,,,,,,,
32,23,4,26,,,,,,,
33,23,4,26,,,,,,,
34,23,4,26,,,,,,,
35,20,4,34,,,,,,,
36,20,4,35,,,,,,,
37,20,4,35,,,,,,,
38,21,4,33,,,,,,,
39,21,4,34,,,,,,,
40,20,4,6,33,,,,,,
41,19,4,6,35,,,,,,
42,21,4,6,36,,,,,,
43,21,4,6,36,,,,,,
44,23,4,6,36,,,,,,
45,23,4,6,35,,,,,,
46,25,4,6,35,,,,,,
47,25,4,6,37,,,,,,
48,22,,6,47,,,,,,
49,4,,,,74,,,,,
50,5,,,,73,,,,,
51,5,,,,72,,,,,
52,5,,,,74,,,,,
53,6,,,,74,,,,,
54,7,,,,75,,,,,
55,7,,,,75,,,,,
56,7,,,,78,,,,,
57,8,,,,78,,,,,
58,8,,,,78,,,,,
59,8,,,,78,,,,,
60,9,,,,78,,,,,
61,9,,,,78,,,,,
62,10,,,,78,,,,,
63,11,,,,81,,,,,
64,12,,,,82,,,,,
65,30,2,6,,56,,,,,
66,33,4,6,,53,,,,,
67,32,4,6,,56,,,,,
68,33,4,6,,57,,,,,
69,35,4,6,,59,,,,,
70,32,4,6,,63,,,,,
71,32,4,6,,64,,,,,
72,33,4,6,,66,,,,,
73,33,6,6,,63,,,,,
74,32,8,6,,63,,,,,
75,33,8,6,,65,,,,,
76,35,15,6,,58,,,,,
77,35,15,6,,57,,,,,
78,32,13,6,,66,,,,,
79,32,13,6,,66,,,,,
80,28,13,6,,75,,,,,
81,29,13,6,,73,,,,,
82,29,13,6,,72,,,,,
83,30,13,6,,72,,,,,
84,28,12,6,,80,,,,,
85,29,12,6,,80,,,,,
86,30,14,6,,78,,,,,
87,31,14,6,,78,,,,,
88,33,12,6,,80,,,,,
89,33,12,6,,81,,,,,
90,35,12,6,,82,,,,,
91,35,12,6,,83,,,,,
92,35,14,6,,80,,,,,
93,36,12,6,,83,,,,,
94,36,12,6,,84,,,,,
95,40,14,6,,78,,,,,
96,36,8,,,,101.0,,,,
97,37,8,,,,101.0,,,,
98,38,8,,,,103.0,,,,
99,39,8,,,,104.0,,,,
100,37,8,,,,114.0,,,,
101,37,8,,,,114.0,,,,
102,37,8,,,,115.0,,,,
103,41,11,,,,107.0,,,,
104,41,11,,,,110.0,,,,
105,42,11,,,,113.0,,,,
106,44,11,,,,114.0,,,,
107,45,11,,,,112.0,,,,
108,46,11,,,,112.0,,,,
109,46,11,,,,112.0,,,,
110,51,10,3,,,113.0,,,,
111,51,10,3,,,113.0,,,,
112,49,6,3,,,120.0,,,,
113,49,6,3,,119,,,,,
114,49,6,3,,122,,,,,
115,49,6,3,,122,,,,,
116,49,6,3,,122,,,,,
117,51,6,3,,123,,,,,
118,52,6,3,,123,,,,,
119,52,6,3,,122,,,,,
120,50,6,3,,128,,,,,
121,50,6,3,,128,,,,,
122,50,6,3,,128,,,,,
123,50,6,3,,129,,,,,
124,49,6,3,,,133.0,,,,
125,50,6,3,,,133.0,,,,
126,51,6,3,,,136.0,,,,
127,52,6,3,,,136.0,,,,
128,51,13,3,,,130.0,,,,
129,51,13,3,,,130.0,,,,
130,54,13,3,,,130.0,,,,
131,54,13,3,,,130.0,,,,
132,53,8,3,,,138.0,,,,
133,55,8,3,,,138.0,,,,
134,55,8,9,,,132.0,,,,
135,55,8,9,,,132.0,,,,
136,56,8,9,,,132.0,,,,
137,56,8,9,,,132.0,,,,
138,56,8,9,,,132.0,,,,
139,56,8,9,,,131.0,,,,
140,58,8,9,,,134.0,,,,
141,58,8,9,,,134.0,,,,
142,58,8,9,,,135.0,,,,
143,58,8,9,,,134.0,,,,
144,58,8,9,,,136.0,,,,
145,58,8,9,,,136.0,,,,
146,59,8,9,,,137.0,,,,
147,59,8,9,,,138.0,,,,
148,57,6,9,,,147.0,,,,
149,57,6,9,,,147.0,,,,
150,57,6,9,,,147.0,,,,
151,58,6,9,,,147.0,,,,
152,57,6,9,,,149.0,,,,
153,60,9,9,,,146.0,,,,
154,62,9,9,,,147.0,,,,
155,62,9,16,,,140.0,,,,
156,62,9,16,,,142.0,,,,
157,62,9,16,,,143.0,,,,
158,62,9,16,,,143.0,,,,
159,59,9,16,,,146.0,,,,
160,61,9,16,,,148.0,,,,
161,61,9,16,,,148.0,,,,
162,61,9,16,,,148.0,,,,
163,63,9,16,,,146.0,,,,
164,64,9,16,,,146.0,,,,
165,67,9,16,,,146.0,,,,
166,67,9,16,,,149.0,,,,
167,67,9,16,,,149.0,,,,
168,67,9,16,,,151.0,,,,
169,68,9,16,,,151.0,,,,
170,69,9,16,,,151.0,,,,
171,69,7,16,,,154.0,,,,
172,63,7,16,,,165.0,,,,
173,63,7,16,,,165.0,,,,
174,64,7,16,,,166.0,,,,
175,66,7,16,,,165.0,,,,
176,66,4,16,,,173.0,,,,
177,66,4,16,,,173.0,,,,
178,69,4,16,,,174.0,,,,
179,70,4,16,,,174.0,,,,
180,72,4,9,,,188.0,,,,
181,76,4,9,,,187.0,,,,
182,77,4,9,,,185.0,,,,
183,78,11,9,,,180.0,,,,
184,77,11,9,,,182.0,,,,
185,78,11,9,,,182.0,,,,
186,79,11,9,,,182.0,,,,
187,79,11,9,,,183.0,,,,
188,78,9,9,,,187.0,,,,
189,79,9,9,,,187.0,,,,
190,80,9,9,,,187.0,,,,
191,80,9,9,,,187.0,,,,
192,85,11,9,,,183.0,,,,
193,85,11,9,,,183.0,,,,
194,87,11,9,,,183.0,,,,
195,87,11,9,,,183.0,,,,
196,87,11,9,,,,185.0,,,
197,89,11,9,,,,184.0,,,
198,90,9,6,,,,190.0,,,
199,89,9,6,,,,193.0,,,
200,91,9,6,,,,196.0,,,
201,93,9,6,,,,196.0,,,
202,95,11,6,,,,199.0,,,
203,94,11,6,,,,201.0,,,
204,95,15,6,,,,198.0,,,
205,96,15,6,,,,197.0,,,
206,96,15,6,,,,197.0,,,
207,98,15,6,,,,197.0,,,
208,98,15,6,,,,202.0,,,
209,98,15,6,,,,202.0,,,
210,101,15,6,,,,204.0,,,
211,102,15,6,,,,204.0,,,
212,102,15,6,,,,204.0,,,
213,102,15,6,,,,204.0,,,
214,103,17,6,,,,201.0,,,
215,103,17,6,,,,202.0,,,
216,104,18,6,,,,202.0,,,
217,104,18,6,,,,202.0,,,
218,106,18,6,,,,202.0,,,
219,106,18,6,,,,202.0,,,
220,105,22,9,,,,200.0,,,
221,105,22,9,,,,199.0,,,
222,85,14,9,,,,228.0,,,
223,86,14,9,,,,228.0,,,
224,88,14,9,,,,228.0,,,
225,88,14,9,,,,229.0,,,
226,88,14,9,,,,229.0,,,
227,89,14,9,,,,228.0,,,
228,92,14,9,,,,230.0,,,
229,92,14,9,,,,230.0,,,
230,88,14,9,,,,238.0,,,
231,88,14,9,,,,239.0,,,
232,88,14,9,,,,239.0,,,
233,88,14,9,,,,239.0,,,
234,89,14,9,,,,240.0,,,
235,89,14,9,,,,241.0,,,
236,85,14,9,,,,248.0,,,
237,85,14,9,,,,248.0,,,
238,86,14,9,,,,250.0,,,
239,86,14,9,,,,249.0,,,
240,102,20,9,,,,227.0,,,
241,102,20,9,,,,227.0,,,
242,102,20,9,,,,228.0,,,
243,102,20,9,,,,228.0,,,
244,102,20,9,,,,229.0,,,
245,103,20,9,,,,228.0,,,
246,104,20,9,,,,228.0,,,
247,104,20,9,,,,228.0,,,
248,106,20,9,,,,231.0,,,
249,108,20,9,,,,232.0,,,
250,109,20,9,,,,233.0,,,
251,111,22,9,,,,227.0,,,
252,112,22,9,,,,227.0,,,
253,112,22,9,,,,227.0,,,
254,115,22,9,,,,228.0,,,
255,113,22,9,,,,231.0,,,
256,113,22,9,,,,231.0,,,
257,116,22,9,,,,228.0,,,
258,117,22,9,,,,228.0,,,
259,115,20,9,,,,234.0,,,
260,115,20,9,,,,237.0,,,
261,114,20,6,,,,241.0,,,
262,107,20,6,,,,252.0,,,
263,108,20,6,,,,253.0,,,
264,108,20,6,,,,253.0,,,
265,109,20,6,,,,253.0,,,
266,110,20,6,,,,251.0,,,
267,111,20,6,,,,253.0,,,
268,108,20,6,,,,258.0,,,
269,108,20,6,,,,258.0,,,
270,110,20,6,,,,,259.0,,
271,110,20,6,,,,,259.0,,
272,114,22,6,,,,,254.0,,
273,115,22,6,,,,,254.0,,
274,116,22,6,,,,,255.0,,
275,116,22,6,,,,,254.0,,
276,117,22,6,,,,,256.0,,
277,118,22,6,,,,,257.0,,
278,121,26,6,,,,,251.0,,
279,120,26,6,,,,,255.0,,
280,121,23,6,,,,,260.0,,
281,121,23,6,,,,,260.0,,
282,123,23,6,,,,,260.0,,
283,123,23,6,,,,,260.0,,
284,124,24,6,,,,,262.0,,
285,117,22,6,,,,,272.0,,
286,122,24,6,,,,,263.0,,
287,122,24,6,,,,,265.0,,
288,121,24,6,,,,,270.0,,
289,121,24,6,,,,,269.0,,
290,122,24,6,,,,,269.0,,
291,122,24,6,,,,,269.0,,
292,124,26,6,,,,,266.0,,
293,130,35,6,,,,,251.0,,
294,129,35,6,,,,,254.0,,
295,129,35,6,,,,,254.0,,
296,130,35,6,,,,,252.0,,
297,130,33,6,,,,,256.0,,
298,131,35,9,,,,,250.0,,
299,132,35,9,,,,,251.0,,
300,135,35,9,,,,,251.0,,
301,136,35,9,,,,,251.0,,
302,137,28,9,,,,,259.0,,
303,138,28,9,,,,,259.0,,
304,137,28,6,,,,,264.0,,
305,138,28,6,,,,,266.0,,
306,142,28,6,,,,,267.0,,
307,145,28,6,,,,,267.0,,
308,148,28,6,,,,,267.0,,
309,149,28,6,,,,,267.0,,
310,151,30,6,,,,,265.0,,
311,151,30,6,,,,,265.0,,
312,151,30,6,,,,,264.0,,
313,151,30,6,,,,,264.0,,
314,154,30,6,,,,,264.0,,
315,155,30,6,,,,,265.0,,
316,156,30,6,,,,,265.0,,
317,157,30,9,,,,,259.0,,
318,157,30,9,,,,,259.0,,
319,158,30,9,,,,,258.0,,
320,158,30,9,,,,,266.0,,
321,159,30,9,,,,,265.0,,
322,157,30,9,,,,,268.0,,
323,157,30,9,,,,,268.0,,
324,156,27,9,,,,,275.0,,
325,156,27,9,,,,,275.0,,
326,158,27,9,,,,,273.0,,
327,157,29,9,,,,,273.0,,
328,158,29,9,,,,,274.0,,
329,159,29,9,,,,,274.0,,
330,156,29,9,,,,,278.0,,
331,156,29,9,,,,,278.0,,
332,157,29,9,,,,,279.0,,
333,157,29,9,,,,,279.0,,
334,160,29,9,,,,,280.0,,
335,160,29,9,,,,,281.0,,
336,162,29,9,,,,,281.0,,
337,162,29,9,,,,,280.0,,
338,161,29,9,,,,,282.0,,
339,158,29,9,,,,,287.0,,
340,158,29,9,,,,,287.0,,
341,159,29,9,,,,,287.0,,
342,161,29,9,,,,,287.0,,
343,161,29,9,,,,,287.0,,
344,163,27,14,,,,,285.0,,
345,163,27,14,,,,,286.0,,
346,163,27,14,,,,,288.0,,
347,163,27,14,,,,,289.0,,
348,163,27,14,,,,,291.0,,
349,164,27,14,,,,,291.0,,
350,164,27,14,,,,,291.0,,
351,164,27,14,,,,,292.0,,
352,162,25,8,,,,,305.0,,
353,162,25,8,,,,,304.0,,
354,165,25,8,,,,,304.0,,
355,165,25,8,,,,,304.0,,
356,165,25,8,,,,,303.0,,
357,165,25,8,,,,,304.0,,
358,167,25,8,,,,,305.0,,
359,167,25,8,,,,,306.0,,
360,168,25,8,,,,,310.0,,
361,168,25,8,,,,,311.0,,
362,169,25,8,,,,,312.0,,
363,169,25,8,,,,,312.0,,
364,172,25,8,,,,,309.0,,
365,172,25,8,,,,,309.0,,
366,173,25,8,,,,,310.0,,
367,173,25,8,,,,,310.0,,
368,175,25,8,,,,,310.0,,
369,175,25,11,,,,,306.0,,
370,175,25,11,,,,,306.0,,
371,175,25,11,,,,,306.0,,
372,175,25,11,,,,,305.0,,
373,175,25,11,,,,,305.0,,
374,175,25,11,,,,,305.0,,
375,173,25,11,,,,,309.0,,
376,173,25,11,,,,,310.0,,
377,173,25,11,,,,,310.0,,
378,172,25,11,,,,,312.0,,
379,172,25,11,,,,,312.0,,
380,173,25,11,,,,,313.0,,
381,173,25,11,,,,,313.0,,
382,173,25,11,,,,,313.0,,
383,175,27,11,,,,,308.0,,
384,175,27,6,,,,,314.0,,
385,176,27,6,,,,,314.0,,
386,176,27,6,,,,,314.0,,
387,176,27,6,,,,,314.0,,
388,177,27,6,,,,,315.0,,
389,177,27,6,,,,,315.0,,
390,177,27,6,,,,,315.0,,
391,177,27,6,,,,,315.0,,
392,177,30,6,,,,,314.0,,
393,177,30,6,,,,,314.0,,
394,179,30,6,,,,,314.0,,
395,179,30,6,,,,,314.0,,
396,182,30,6,,,,,311.0,,
397,182,30,6,,,,,311.0,,
398,183,30,6,,,,,311.0,,
399,183,30,6,,,,,311.0,,
400,184,30,6,,,,,311.0,,
401,184,30,6,,,,,311.0,,
402,184,30,6,,,,,311.0,,
403,184,30,6,,,,,311.0,,
404,183,30,6,,,,,315.0,,
405,183,30,6,,,,,315.0,,
406,183,30,6,,,,,315.0,,
407,183,30,6,,,,,315.0,,
408,182,28,6,,,,,322.0,,
409,182,28,6,,,,,322.0,,
410,182,30,6,,,,,321.0,,
411,182,32,6,,,,,318.0,,
412,183,34,6,,,,,316.0,,
413,183,34,6,,,,,316.0,,
414,182,36,6,,,,,316.0,,
415,182,36,6,,,,,316.0,,
416,180,36,6,,,,,322.0,,
417,180,36,6,,,,,322.0,,
418,180,36,6,,,,,322.0,,
419,180,36,6,,,,,322.0,,
420,174,36,6,,,,,334.0,,
421,174,36,6,,,,,334.0,,
422,176,36,6,,,,,330.0,,
423,177,36,6,6,,,,324.0,,
424,177,36,6,6,,,,326.0,,
425,177,36,6,6,,,,326.0,,
426,177,38,6,6,,,,324.0,,
427,177,38,6,6,,,,324.0,,
428,177,38,6,6,,,,324.0,,
429,177,38,6,6,,,,324.0,,
430,178,36,9,6,,,,324.0,,
431,178,36,9,6,,,,324.0,,
432,181,36,9,6,,,,324.0,,
433,181,36,9,6,,,,324.0,,
434,181,36,9,6,,,,324.0,,
435,182,36,9,6,,,,322.0,,
436,182,36,9,6,,,,322.0,,
437,184,43,9,6,,,,312.0,,
438,185,43,9,6,,,,312.0,,
439,185,43,9,6,,,,312.0,,
440,185,43,9,6,,,,317.0,,
441,187,43,9,6,,,,316.0,,
442,187,43,9,6,,,,316.0,,
443,187,43,9,6,,,,316.0,,
444,188,43,9,6,,,,315.0,,
445,188,43,9,6,,,,314.0,,
446,188,43,9,6,,,,313.0,,
447,188,43,9,6,,,,313.0,,
448,188,43,9,6,,,,313.0,,
449,188,43,9,6,,,,313.0,,
450,186,43,9,6,,,,,319.0,
451,186,43,9,6,,,,,319.0,
452,184,43,9,6,,,,,323.0,
453,184,43,9,6,,,,,323.0,
454,184,43,9,6,,,,,323.0,
455,184,43,9,6,,,,,322.0,
456,185,43,9,6,,,,,325.0,
457,185,43,9,6,,,,,325.0,
458,189,43,9,6,,,,,321.0,
459,189,43,9,6,,,,,321.0,
460,186,43,9,6,,,,,327.0,
461,186,43,9,6,,,,,327.0,
462,186,43,9,6,,,,,329.0,
463,186,43,9,6,,,,,329.0,
464,185,43,9,6,,,,,332.0,
465,185,45,9,6,,,,,330.0,
466,186,45,9,6,,,,,332.0,
467,186,45,9,6,,,,,332.0,
468,186,48,9,6,,,,,329.0,
469,187,48,9,6,,,,,328.0,
470,187,48,9,6,,,,,328.0,
471,187,48,9,6,,,,,328.0,
472,190,46,9,6,,,,,331.0,
473,190,46,9,6,,,,,331.0,
474,191,46,9,6,,,,,332.0,
475,191,46,9,6,,,,,332.0,
476,188,46,9,6,,,,,336.0,
477,188,46,9,6,,,,,338.0,
478,189,46,9,6,,,,,340.0,
479,189,46,9,6,,,,,340.0,
480,189,46,9,6,,,,,340.0,
481,189,46,9,6,,,,,339.0,
482,190,46,9,6,,,,,339.0,
483,191,46,9,6,,,,,339.0,
484,192,46,9,6,,,,,339.0,
485,192,46,9,6,,,,,339.0,
486,193,50,9,6,,,,,334.0,
487,195,50,9,6,,,,,331.0,
488,195,45,9,,,,,,346.0,
489,195,45,9,,,,,,346.0,
490,199,45,9,,,,,,347.0,
491,199,45,9,,,,,,347.0,
492,200,45,9,,,,,,347.0,
493,202,45,9,,,,,,344.0,
494,203,45,9,,,,,,344.0,
495,203,45,9,,,,,,344.0,
496,203,45,9,,,,,,347.0,
497,204,45,9,,,,,,345.0,
498,205,43,9,,,,,,349.0,
499,207,45,9,,,,,,344.0,
500,208,45,9,,,,,,344.0,
501,208,45,9,,,,,,344.0,
502,207,45,6,,,,,,350.0,
503,207,45,6,,,,,,350.0,
504,208,45,6,,,,,,351.0,
505,210,45,6,,,,,,351.0,
506,211,45,6,,,,,,351.0,
507,211,45,6,,,,,,351.0,
508,211,45,6,,,,,,352.0,
509,212,45,6,,,,,,350.0,
510,213,45,6,,,,,,352.0,
511,212,41,6,,,,,,357.0,
512,213,41,6,,,,,,357.0,
513,215,41,6,,,,,,357.0,
514,215,41,6,,,,,,358.0,
515,216,41,6,,,,,,358.0,
516,216,41,6,,,,,,358.0,
517,216,41,6,,,,,,357.0,
518,217,41,6,,,,,,357.0,
519,217,41,6,,,,,,357.0,
520,214,37,6,,,,,,367.0,
521,214,37,6,,,,,,367.0,
522,216,37,6,,,,,,369.0,
523,217,39,9,,,,,,361.0,
524,217,39,9,,,,,,361.0,
525,218,39,9,,,,,,362.0,
526,219,39,9,,,,,,363.0,
527,219,39,9,,,,,,363.0,
528,220,39,9,,,,,,363.0,
529,220,39,9,,,,,,363.0,
530,220,39,9,,,,,,364.0,
531,220,37,9,,,,,,367.0,
532,221,37,9,,,,,,367.0,
533,221,37,9,,,,,,367.0,
534,220,37,9,,,,,,370.0,
535,220,37,9,,,,,,370.0,
536,220,37,9,,,,,,373.0,
537,220,37,9,,,,,,373.0,
538,220,42,9,,,,,,367.0,
539,220,42,9,,,,,,367.0,
540,222,42,9,,,,,,378.0,
541,222,42,9,,,,,,378.0,
542,221,44,9,,,,,,377.0,
543,222,44,9,,,,,,377.0,
544,219,44,9,,,,,,384.0,
545,219,44,9,,,,,,384.0,
546,219,44,9,,,,,,386.0,
547,219,44,9,,,,,,386.0,
548,219,44,9,,,,,,387.0,
549,219,44,9,,,,,,387.0,
550,219,44,9,,,,,,388.0,
551,219,44,9,,,,,,388.0,
552,218,42,9,,,,,,399.0,
553,218,42,9,,,,,,399.0,
554,219,42,9,,,,,,397.0,
555,219,42,9,,,,,,397.0,
556,219,40,9,,,,,,402.0,
557,220,40,9,,,,,,400.0,
558,221,40,9,,,,,,400.0,
559,221,40,9,,,,,,400.0,
560,217,40,9,,,,,,415.0,
561,217,40,9,,,,,,414.0,
562,217,40,9,,,,,,413.0,
563,217,40,9,,,,,,413.0,
564,218,40,9,,,,,,413.0,
565,218,40,9,,,,,,414.0,
566,218,40,9,,,,,,413.0,
567,219,40,9,,,,,,412.0,
568,220,40,9,,,,,,412.0,
569,220,40,9,,,,,,411.0,
570,217,38,9,,,,,,426.0,
571,217,38,9,,,,,,426.0,
572,217,38,9,,,,,,426.0,
573,217,38,9,,,,,,426.0,
574,217,38,9,,,,,,425.0,
575,218,38,9,,,,,,423.0,
576,218,40,9,,,,,,427.0,
577,218,40,9,,,,,,427.0,
578,218,40,9,,,,,,427.0,
579,218,40,9,,,,,,426.0,
580,217,40,9,,,,,,431.0,
581,217,40,9,,,,,,431.0,
582,219,40,9,,,,,,430.0,
583,219,40,9,,,,,,430.0,
584,219,40,9,,,,,,430.0,
585,219,42,9,,,,,,426.0,
586,219,42,9,,,,,,426.0,
587,219,42,9,,,,,,426.0,
588,218,35,19,,,,,,428.0,
589,220,37,19,,,,,,422.0,
590,221,37,19,,,,,,422.0,
591,221,37,19,,,,,,422.0,
592,220,32,9,,,,,,441.0,
593,220,32,9,,,,,,441.0,
594,219,32,9,,,,,,448.0,
595,219,32,9,,,,,,448.0,
596,219,32,9,,,,,,448.0,
597,219,35,9,,,,,,443.0,
598,219,35,9,,,,,,443.0,
599,219,35,9,,,,,,442.0,
600,221,35,9,,,,,,443.0,
601,221,35,9,,,,,,443.0,
602,222,35,9,,,,,,443.0,
603,223,48,9,,,,,,427.0,
604,223,48,9,,,,,,427.0,
605,223,48,9,,,,,,427.0,
606,223,48,9,,,,,,427.0,
607,223,48,9,,,,,,426.0,
608,225,45,9,,,,,,426.0,
609,225,45,9,,,,,,425.0,
610,226,45,9,,,,,,426.0,
611,226,45,9,,,,,,425.0,
612,227,45,9,,,,,,425.0,
613,227,45,9,,,,,,425.0,
614,228,45,9,,,,,,426.0,
615,228,45,9,,,,,,426.0,
616,227,39,9,,,,,,436.0,
617,228,43,9,,,,,,430.0,
618,228,43,9,,,,,,430.0,
619,228,43,9,,,,,,430.0,
620,228,43,9,,,,,,429.0,
621,228,43,9,,,,,,429.0,
622,229,43,9,,,,,,429.0,
623,229,43,9,,,,,,429.0,
624,228,43,9,,,,,,431.0,
625,228,43,9,,,,,,430.0,
626,227,45,9,,,,,,430.0,
627,227,45,9,,,,,,430.0,
628,228,45,9,,,,,,430.0,
629,228,45,9,,,,,,430.0,
630,227,45,9,,,,,,435.0,
631,227,45,9,,,,,,435.0,
632,228,45,9,,,,,,434.0,
633,228,45,9,,,,,,434.0,
634,228,45,9,,,,,,434.0,
635,228,45,9,,,,,,434.0,
636,229,47,9,,,,,,435.0,
637,229,44,9,,,,,,,439.0
638,229,44,9,,,,,,,439.0
639,229,44,9,,,,,,,440.0
640,231,44,9,,,,,,,442.0
641,231,44,9,,,,,,,442.0
642,232,44,9,,,,,,,442.0
643,232,44,9,,,,,,,442.0
644,232,44,9,,,,,,,442.0
645,232,44,9,,,,,,,442.0
646,232,44,9,,,,,,,442.0
647,232,44,9,,,,,,,442.0
648,232,44,9,,,,,,,447.0
649,232,44,9,,,,,,,447.0
650,233,44,9,,,,,,,445.0
651,233,44,9,,,,,,,445.0
652,230,48,9,,,,,,,447.0
653,230,48,9,,,,,,,447.0
654,230,48,9,,,,,,,446.0
655,230,48,9,,,,,,,446.0
656,231,49,9,,,,,,,446.0
657,231,49,9,,,,,,,446.0
658,231,49,9,,,,,,,446.0
659,231,49,9,,,,,,,446.0
660,229,51,9,,,,,,,451.0
661,229,51,9,,,,,,,451.0
662,230,51,9,,,,,,,451.0
663,230,51,9,,,,,,,451.0
664,230,54,9,,,,,,448.0,
665,228,54,9,,,,,,451.0,
666,228,54,9,,,,,,451.0,
667,228,54,9,,,,,,451.0,
668,229,54,9,,,,,,451.0,
669,229,54,9,,,,,,451.0,
670,230,54,9,,,,,,449.0,
671,230,54,9,,,,,,449.0,
672,231,57,9,,,,,,447.0,
673,231,57,9,,,,,,447.0,
674,231,57,9,,,,,,447.0,
675,233,57,9,,,,,,448.0,
676,235,58,9,,,,,,445.0,
677,235,58,9,,,,,,445.0,
678,235,64,9,,,,,,440.0,
679,235,64,9,,,,,,440.0,
680,236,64,9,,,,,,441.0,
681,233,62,9,,,,,,446.0,
682,235,62,9,,,,,,446.0,
683,235,62,9,,,,,,446.0,
684,236,62,9,,,,,,447.0,
685,237,62,9,,,,,,447.0,
686,242,62,9,,,,,,444.0,
687,242,62,9,,,,,,444.0,
688,242,62,9,,,,,,446.0,
689,242,62,9,,,,,,446.0,
690,243,62,9,,,,,,446.0,
691,243,62,9,,,,,,446.0,
692,244,62,9,,,,,,448.0,
693,244,62,9,,,,,,448.0,
694,244,62,9,,,,,,447.0,
695,247,64,9,,,,,,441.0,
696,247,64,9,,,,,,443.0,
697,247,64,9,,,,,,443.0,
698,247,64,9,,,,,,443.0,
699,247,64,9,,,,,,443.0,
700,248,64,6,,,,,,446.0,
701,248,64,6,,,,,,446.0,
702,249,64,6,,,,,,446.0,
703,249,64,6,,,,,,446.0,
704,249,56,6,,,,,,456.0,
705,249,56,6,,,,,,456.0,
706,249,56,6,,,,,,456.0,
707,249,56,6,,,,,,456.0,
708,252,56,6,,,,,,456.0,
709,252,56,6,,,,,,456.0,
710,252,50,6,,,,,,467.0,
711,251,48,6,,,,,,471.0,
712,253,48,6,,,,,,471.0,
713,253,48,6,,,,,,470.0,
714,253,48,6,,,,,,472.0,
715,254,48,6,,,,,,472.0,
716,255,45,6,,,,,,475.0,
717,255,45,6,,,,,,475.0,
718,256,45,6,,,,,,474.0,
719,256,45,6,,,,,,474.0,
720,257,42,6,,,,,,481.0,
721,257,42,6,,,,,,481.0,
722,258,42,6,,,,,,479.0,
723,258,42,6,,,,,,479.0,
724,258,42,6,,,,,,479.0,
725,259,44,6,,,,,,475.0,
726,259,44,6,,,,,,476.0,
727,259,44,6,,,,,,476.0,
728,261,44,6,,,,,,472.0,
729,261,44,6,,,,,,471.0,
730,259,44,6,,,,,,476.0,
731,259,44,9,,,,,,472.0,
732,260,44,9,,,,,,473.0,
733,260,44,9,,,,,,473.0,
734,260,44,9,,,,,,473.0,
735,263,44,9,,,,,,472.0,
736,263,44,9,,,,,,472.0,
737,264,50,9,,,,,,464.0,
738,264,50,9,,,,,,465.0,
739,264,50,9,,,,,,464.0,
740,262,53,9,,,,,,464.0,
741,262,53,9,,,,,,464.0,
742,262,53,9,,,,,,464.0,
743,262,53,9,,,,,,464.0,
744,262,53,9,,,,,,464.0,
745,263,53,9,,,,,,464.0,
746,263,53,9,,,,,,463.0,
747,263,53,9,,,,,,462.0,
748,263,53,9,,,,,,462.0,
749,263,53,9,,,,,,462.0,
750,263,55,9,,,,,,464.0,
751,263,55,9,,,,,,464.0,
752,263,55,9,,,,,,464.0,
753,263,55,9,,,,,,464.0,
754,264,55,9,,,,,,462.0,
755,264,55,9,,,,,,462.0,
756,264,55,18,,,,,,453.0,
757,264,55,18,,,,,,453.0,
758,264,55,18,,,,,,453.0,
759,264,55,18,,,,,,453.0,
760,259,53,18,,,,,,462.0,
761,259,53,18,,,,,,462.0,
762,254,51,15,,,,,,473.0,
763,254,51,15,,,,,,473.0,
764,254,53,15,,,,,,470.0,
765,254,53,15,,,,,,470.0,
766,254,53,15,,,,,,470.0,
767,254,53,15,,,,,,470.0,
768,255,47,15,,,,,,477.0,
769,255,47,15,,,,,,477.0,
770,256,47,15,,,,,,476.0,
771,256,47,15,,,,,,476.0,
772,257,47,15,,,,,,476.0,
773,257,47,15,,,,,,476.0,
774,257,47,15,,,,,,476.0,
775,258,47,15,,,,,,476.0,
776,256,47,6,,,,,,492.0,
777,256,47,6,,,,,,493.0,
778,256,47,6,,,,,,492.0,
779,266,51,6,,,,,,477.0,
780,269,57,6,,,,,,471.0,
781,270,57,6,,,,,,469.0,
782,270,57,6,,,,,,469.0,
783,270,57,6,,,,,,469.0,
784,271,57,6,,,,,,469.0,
785,271,57,6,,,,,,469.0,
786,271,59,6,,,,,,466.0,
787,271,59,6,,,,,,466.0,
788,269,59,6,,,,,,469.0,
789,269,59,6,,,,,,469.0,
790,269,59,6,,,,,,469.0,
791,270,59,6,,,,,,467.0,
792,272,59,9,,,,,,463.0,
793,272,59,9,,,,,,463.0,
794,272,59,9,,,,,,463.0,
795,272,59,9,,,,,,464.0,
796,272,59,9,,,,,,463.0,
797,272,59,9,,,,,,463.0,
798,274,59,9,,,,,,463.0,
799,274,59,9,,,,,,463.0,
800,274,59,9,,,,,,463.0,
801,275,59,9,,,,,,463.0,
802,275,59,9,,,,,,462.0,
803,275,59,9,,,,,,461.0,
804,274,59,9,,,,,,462.0,
805,274,59,9,,,,,,462.0,
806,274,59,9,,,,,,461.0,
807,274,59,9,,,,,,461.0,
808,274,59,9,,,,,,461.0,
809,274,59,9,,,,,,461.0,
810,265,55,9,,,,,,479.0,
811,265,55,9,,,,,,479.0,
812,265,55,9,,,,,,481.0,
813,266,55,9,,,,,,482.0,
814,267,55,9,,,,,,480.0,
815,267,55,9,,,,,,481.0,
816,267,55,9,,,,,,484.0,
817,267,55,9,,,,,,484.0,
818,267,55,9,,,,,,484.0,
819,267,55,9,,,,,,484.0,
820,270,55,9,,,,,,484.0,
821,270,55,9,,,,,,484.0,
822,270,55,9,,,,,,484.0,
823,270,55,9,,,,,,483.0,
824,270,55,9,,,,,,485.0,
825,276,57,9,,,,,,476.0,
826,276,57,9,,,,,,476.0,
827,276,57,9,,,,,,476.0,
828,273,57,9,,,,,,484.0,
829,273,57,9,,,,,,484.0,
830,275,57,9,,,,,,481.0,
831,275,57,9,,,,,,481.0,
832,275,57,9,,,,,,481.0,
833,275,57,9,,,,,,481.0,
834,275,57,18,,,,,,471.0,
835,275,57,18,,,,,,471.0,
836,275,57,18,,,,,,471.0,
837,278,57,18,,,,,,472.0,
838,278,57,18,,,,,,472.0,
839,279,57,18,,,,,,470.0,
840,277,57,18,,,,,,475.0,
841,277,57,18,,,,,,475.0,
842,277,57,18,,,,,,475.0,
843,277,57,18,,,,,,475.0,
844,277,57,18,,,,,,475.0,
845,277,57,18,,,,,,475.0,
846,280,57,18,,,,,,473.0,
847,280,57,18,,,,,,472.0,
848,281,57,18,,,,,,472.0,
849,281,57,18,,,,,,472.0,
850,280,57,18,,,,,,473.0,
851,280,57,18,,,,,,473.0,
852,278,57,18,,,,,,480.0,
853,278,57,18,,,,,,480.0,
854,279,57,18,,,,,,479.0,
855,278,54,18,,,,,,483.0,
856,278,54,18,,,,,,486.0,
857,278,54,18,,,,,,486.0,
858,278,54,18,,,,,,486.0,
859,278,54,18,,,,,,486.0,
860,278,54,18,,,,,,486.0,
861,278,54,18,,,,,,486.0,
862,278,54,18,,,,,,486.0,
863,278,54,18,,,,,,486.0,
864,278,54,18,,,,,,488.0,
865,278,54,18,,,,,,488.0,
866,278,54,18,,,,,,488.0,
867,279,54,18,,,,,,488.0,
868,272,46,18,,,,,,509.0,
869,272,46,18,,,,,,509.0,
870,273,46,18,,,,,,509.0,
871,273,46,18,,,,,,509.0,
872,268,46,18,,,,,,515.0,
873,268,46,18,,,,,,516.0,
874,268,46,18,,,,,,516.0,
875,268,44,18,,,,,,520.0,
876,265,41,12,,,,,,539.0,
877,265,41,12,,,,,,539.0,
878,265,41,12,,,,,,539.0,
879,265,41,12,,,,,,541.0,
880,266,41,12,,,,,,543.0,
881,266,41,12,,,,,,543.0,
882,266,41,12,,,,,,542.0,
883,266,41,12,,,,,,542.0,
884,266,41,12,,,,,,545.0,
885,267,41,12,,,,,,545.0,
886,267,41,12,,,,,,545.0,
887,267,41,12,,,,,,545.0,
888,268,41,12,,,,,,545.0,
889,268,41,12,,,,,,544.0,
890,269,41,12,,,,,,544.0,
891,269,41,12,,,,,,544.0,
892,269,41,12,,,,,,545.0,
893,269,41,12,,,,,,544.0,
894,267,41,12,,,,,,549.0,
895,267,41,12,,,,,,549.0,
896,269,41,12,,,,,,550.0,
897,269,41,12,,,,,,550.0,
898,270,41,12,,,,,,548.0,
899,270,41,12,,,,,,548.0,
900,272,41,12,,,,,,549.0,
901,272,41,12,,,,,,549.0,
902,272,41,12,,,,,,549.0,
903,272,41,12,,,,,,549.0,
904,273,41,12,,,,,,549.0,
905,273,41,12,,,,,,549.0,
906,274,41,12,,,,,,549.0,
907,274,41,12,,,,,,549.0,
908,274,41,12,,,,,,549.0,
909,274,41,12,,,,,,549.0,
910,274,41,12,,,,,,551.0,
911,274,41,12,,,,,,550.0,
912,273,39,12,,,,,,558.0,
913,273,39,12,,,,,,558.0,
914,273,39,12,,,,,,558.0,
915,273,39,12,,,,,,558.0,
916,274,43,12,,,,,,553.0,
917,270,43,12,,,,,,558.0,
918,270,43,12,,,,,,559.0,
919,276,51,12,,,,,,544.0,
920,276,51,12,,,,,,547.0,
921,277,51,12,,,,,,547.0,
922,277,51,12,,,,,,547.0,
923,277,51,12,,,,,,547.0,
924,277,51,12,,,,,,550.0,
925,277,51,12,,,,,,551.0,
926,277,51,12,,,,,,551.0,
927,277,51,12,,,,,,550.0,
928,277,51,12,,,,,,549.0,
929,277,51,12,,,,,,549.0,
930,277,51,12,,,,,,550.0,
931,272,47,12,,,,,,560.0,
932,273,47,12,,,,,,561.0,
933,273,47,12,,,,,,560.0,
934,274,49,12,,,,,,556.0,
935,274,49,12,,,,,,556.0,
936,276,49,12,,,,,,562.0,
937,276,49,12,,,,,,562.0,
938,276,49,12,,,,,,562.0,
939,276,49,12,,,,,,564.0,
940,274,49,12,,,,,,567.0,
941,274,49,12,,,,,,567.0,
942,274,49,12,,,,,,567.0,
943,274,49,12,,,,,,567.0,
944,275,49,12,,,,,,567.0,
945,277,49,12,,,,,,567.0,
946,277,49,12,,,,,,567.0,
947,277,49,12,,,,,,567.0,
948,277,49,12,,,,,,568.0,
949,277,49,12,,,,,,568.0,
950,278,49,12,,,,,,567.0,
951,278,49,12,,,,,,567.0,
952,278,47,12,,,,,,571.0,
953,278,47,12,,,,,,570.0,
954,276,47,12,,,,,,575.0,
955,276,47,12,,,,,,576.0,
956,277,47,12,,,,,,575.0,
957,277,47,12,,,,,,575.0,
958,277,47,12,,,,,,575.0,
959,277,47,12,,,,,,574.0,
960,279,47,12,,,,,,577.0,
961,279,47,12,,,,,,577.0,
962,279,47,12,,,,,,577.0,
963,279,47,12,,,,,,577.0,
964,279,47,12,,,,,,576.0,
965,279,47,12,,,,,,576.0,
966,277,47,12,,,,,,580.0,
967,277,47,12,,,,,,580.0,
968,278,47,12,,,,,,581.0,
969,278,47,12,,,,,,580.0,
970,278,47,12,,,,,,580.0,
971,279,47,12,,,,,,578.0,
972,280,47,12,,,,,,578.0,
973,281,47,12,,,,,,578.0,
974,281,47,12,,,,,,578.0,
975,281,51,12,,,,,,573.0,
976,280,51,12,,,,,,575.0,
977,280,51,12,,,,,,574.0,
978,279,51,12,,,,,,576.0,
979,279,51,12,,,,,,576.0,
980,280,51,12,,,,,,576.0,
981,280,51,12,,,,,,576.0,
982,280,51,12,,,,,,576.0,
983,282,51,12,,,,,,573.0,
984,282,51,12,,,,,,575.0,
985,282,51,12,,,,,,575.0,
986,284,51,12,,,,,,571.0,
987,281,51,12,,,,,,576.0,
988,281,51,12,,,,,,576.0,
989,281,51,12,,,,,,575.0,
990,282,51,12,,,,,,576.0,
991,282,51,12,,,,,,575.0,
992,281,49,12,,,,,,580.0,
993,277,47,12,,,,,,589.0,
994,277,47,12,,,,,,589.0,
995,277,47,12,,,,,,589.0,
996,277,47,12,,,,,,591.0,
997,277,47,12,,,,,,590.0,
998,277,47,12,,,,,,590.0,
999,277,47,12,,,,,,591.0,
1000,279,47,12,,,,,,592.0,
1001,279,47,12,,,,,,592.0,
1002,279,47,12,,,,,,594.0,
1003,279,47,12,,,,,,594.0,
1004,279,47,12,,,,,,593.0,
1005,280,47,12,,,,,,593.0,
1006,280,47,12,,,,,,593.0,
1007,280,47,12,,,,,,593.0,
1008,274,47,12,,,,,,601.0,
1009,274,47,12,,,,,,601.0,
1010,276,49,12,,,,,,596.0,
1011,277,49,12,,,,,,594.0,
1012,277,49,12,,,,,,594.0,
1013,277,49,12,,,,,,594.0,
1014,277,49,12,,,,,,594.0,
1015,277,49,12,,,,,,594.0,
1016,277,49,12,,,,,,594.0,
1017,277,49,12,,,,,,593.0,
1018,277,49,12,,,,,,593.0,
1019,277,49,12,,,,,,592.0,
1020,277,49,12,,,,,,596.0,
1021,277,49,12,,,,,,596.0,
1022,277,49,12,,,,,,595.0,
1023,277,49,12,,,,,,595.0,
1024,278,49,12,,,,,,596.0,
1025,278,49,12,,,,,,596.0,
1026,278,49,12,,,,,,596.0,
1027,278,49,12,,,,,,596.0,
1028,278,49,12,,,,,,595.0,
1029,278,49,12,,,,,,596.0,
1030,282,51,12,,,,,,590.0,
1031,282,51,12,,,,,,590.0,
1032,283,51,12,,,,,,590.0,
1033,283,51,12,,,,,,590.0,
1034,283,51,12,,,,,,590.0,
1035,283,51,12,,,,,,590.0,
1036,283,51,12,,,,,,591.0,
1037,283,51,12,,,,,,591.0,
1038,283,51,12,,,,,,592.0,
1039,284,51,12,,,,,,590.0,
1040,284,51,12,,,,,,590.0,
1041,284,51,12,,,,,,591.0,
1042,284,51,12,,,,,,591.0,
1043,284,51,12,,,,,,591.0,
1044,284,51,12,,,,,,591.0,
1045,284,51,12,,,,,,591.0,
1046,284,51,12,,,,,,591.0,
1047,284,51,12,,,,,,591.0,
1048,281,51,12,,,,,,596.0,
1049,281,51,12,,,,,,595.0,
1050,280,51,12,,,,,,599.0,
1051,280,51,12,,,,,,599.0,
1052,280,51,12,,,,,,598.0,
1053,280,51,12,,,,,,598.0,
1054,280,51,12,,,,,,598.0,
1055,280,51,12,,,,,,598.0,
1056,275,51,12,,,,,,609.0,
1057,276,51,12,,,,,,609.0,
1058,276,51,12,,,,,,608.0,
1059,276,51,12,,,,,,608.0,
1060,278,51,12,,,,,,608.0,
1061,278,51,12,,,,,,608.0,
1062,279,51,12,,,,,,608.0,
1063,279,51,12,,,,,,608.0,
1064,279,51,12,,,,,,607.0,
1065,274,53,12,,,,,,,617.0
1066,274,53,12,,,,,,,617.0
1067,274,53,12,,,,,,,617.0
1068,274,53,12,,,,,,,616.0
1069,274,53,12,,,,,,,616.0
1070,274,53,12,,,,,,,616.0
1071,274,53,12,,,,,,,616.0
1072,277,53,12,,,,,,,613.0
1073,277,53,12,,,,,,,613.0
1074,277,53,12,,,,,,,613.0
1075,277,53,12,,,,,,,613.0
1076,278,53,12,,,,,,,613.0
1077,279,53,12,,,,,,,611.0
1078,279,53,12,,,,,,,611.0
1079,279,53,12,,,,,,,611.0
1080,278,53,12,,,,,,,615.0
1081,278,53,12,,,,,,,615.0
1082,278,53,12,,,,,,,614.0
1083,278,53,12,,,,,,613.0,
1084,278,53,12,,,,,,613.0,
1085,278,53,12,,,,,,615.0,
1086,278,53,12,,,,,,615.0,
1087,278,53,12,,,,,,615.0,
1088,278,53,12,,,,,,615.0,
1089,278,53,12,,,,,,615.0,
1090,280,53,12,,,,,,616.0,
1091,281,61,12,,,,,,605.0,
1092,281,61,12,,,,,,605.0,
1093,281,61,12,,,,,,605.0,
1094,281,61,12,,,,,,605.0,
1095,281,61,12,,,,,,606.0,
1096,281,61,12,,,,,,606.0,
1097,281,61,12,,,,,,606.0,
1098,277,61,9,,,,,,616.0,
1099,277,61,9,,,,,,616.0,
1100,278,61,9,,,,,,616.0,
1101,278,61,9,,,,,,616.0,
1102,278,61,9,,,,,,616.0,
1103,278,61,9,,,,,,614.0,
1104,279,61,9,,,,,,614.0,
1105,279,61,9,,,,,,614.0,
1106,279,61,9,,,,,,614.0,
1107,279,61,9,,,,,,613.0,
1108,279,61,9,,,,,,613.0,
1109,279,61,9,,,,,,613.0,
1110,279,61,9,,,,,,613.0,
1111,279,61,9,,,,,,613.0,
1112,279,61,9,,,,,,612.0,
1113,280,61,9,,,,,,612.0,
1114,285,61,12,,,,,,603.0,
1115,286,61,12,,,,,,601.0,
1116,287,61,12,,,,,,602.0,
1117,287,61,12,,,,,,602.0,
1118,287,61,12,,,,,,602.0,
1119,287,61,12,,,,,,602.0,
1120,287,61,12,,,,,,602.0,
1121,287,61,12,,,,,,602.0,
1122,288,61,12,,,,,,600.0,
1123,288,61,12,,,,,,600.0,
1124,288,61,12,,,,,,600.0,
1125,287,54,9,,,,,,612.0,
1126,287,56,9,,,,,,609.0,
1127,287,56,9,,,,,,610.0,
1128,287,56,9,,,,,,611.0,
1129,287,56,9,,,,,,611.0,
1130,288,56,9,,,,,,613.0,
1131,288,56,9,,,,,,613.0,
1132,288,56,9,,,,,,613.0,
1133,288,56,9,,,,,,613.0,
1134,288,56,9,,,,,,614.0,
1135,288,56,9,,,,,,614.0,
1136,288,56,9,,,,,,615.0,
1137,288,58,9,,,,,,612.0,
1138,288,58,9,,,,,,612.0,
1139,288,58,9,,,,,,612.0,
1140,287,58,9,,,,,,617.0,
1141,287,58,9,,,,,,617.0,
1142,287,58,9,,,,,,617.0,
1143,287,58,9,,,,,,617.0,
1144,287,58,9,,,,,,617.0,
1145,287,58,9,,,,,,617.0,
1146,284,55,9,,,,,,624.0,
1147,284,55,9,,,,,,623.0,
1148,284,55,12,,,,,,619.0,
1149,284,55,12,,,,,,619.0,
1150,283,55,12,,,,,,621.0,
1151,283,55,12,,,,,,621.0,
1152,283,53,12,,,,,,,627.0
1153,283,53,12,,,,,,,627.0
1154,283,53,12,,,,,,,627.0
1155,283,53,12,,,,,,,627.0
1156,283,53,12,,,,,,,627.0
1157,285,56,12,,,,,,,621.0
1158,286,56,12,,,,,,,619.0
1159,286,56,12,,,,,,,618.0
1160,286,56,12,,,,,,,618.0
1161,286,56,12,,,,,,,618.0
1162,286,56,12,,,,,,,618.0
1163,286,56,12,,,,,,,617.0
1164,286,56,12,,,,,,,617.0
1165,286,56,12,,,,,,,617.0
1166,286,56,12,,,,,,,616.0
1167,286,56,12,,,,,,,615.0
1168,286,56,12,,,,,,,615.0
1169,286,56,12,,,,,,,615.0
1170,287,56,12,,,,,,,616.0
1171,287,56,12,,,,,,,616.0
1172,287,56,12,,,,,,,615.0
1173,287,58,12,,,,,,612.0,
1174,287,58,12,,,,,,612.0,
1175,287,58,12,,,,,,612.0,
1176,288,58,3,,,,,,625.0,
1177,288,58,3,,,,,,625.0,
1178,288,58,3,,,,,,625.0,
1179,288,58,3,,,,,,625.0,
1180,288,58,3,,,,,,625.0,
1181,288,58,3,,,,,,624.0,
1182,288,58,3,,,,,,624.0,
1183,290,55,3,,,,,,625.0,
1184,290,55,3,,,,,,625.0,
1185,290,55,3,,,,,,625.0,
1186,290,55,3,,,,,,625.0,
1187,290,55,3,,,,,,625.0,
1188,288,55,3,,,,,,630.0,
1189,288,55,3,,,,,,630.0,
1190,290,55,3,,,,,,631.0,
1191,290,55,3,,,,,,631.0,
1192,291,55,3,,,,,,630.0,
1193,291,55,3,,,,,,630.0,
1194,291,55,3,,,,,,629.0,
1195,288,55,3,,,,,,633.0,
1196,288,55,3,,,,,,633.0,
1197,288,55,3,,,,,,633.0,
1198,290,55,3,,,,,,630.0,
1199,290,55,3,,,,,,630.0,
1200,290,55,3,,,,,,631.0,
1201,290,55,3,,,,,,630.0,
1202,290,55,3,,,,,,630.0,
1203,290,55,3,,,,,,630.0,
1204,290,55,3,,,,,,630.0,
1205,290,55,3,,,,,,630.0,
1206,290,55,3,,,,,,630.0,
1207,290,55,3,,,,,,630.0,
1208,290,55,3,,,,,,631.0,
1209,290,55,3,,,,,,631.0,
1210,290,55,3,,,,,,631.0,
1211,290,55,3,,,,,,630.0,
1212,289,53,3,,,,,,635.0,
1213,291,53,3,,,,,,632.0,
1214,291,53,3,,,,,,632.0,
1215,291,53,3,,,,,,632.0,
1216,286,53,3,,,,,,638.0,
1217,287,53,3,,,,,,636.0,
1218,288,53,3,,,,,,638.0,
1219,288,53,3,,,,,,638.0,
1220,288,53,3,,,,,,638.0,
1221,288,53,3,,,,,,638.0,
1222,288,53,3,,,,,,638.0,
1223,288,53,3,,,,,,638.0,
1224,286,53,3,,,,,,640.0,
1225,286,53,3,,,,,,640.0,
1226,286,53,3,,,,,,640.0,
1227,286,53,3,,,,,,640.0,
1228,286,53,3,,,,,,640.0,
1229,286,53,3,,,,,,640.0,
1230,287,53,3,,,,,,642.0,
1231,287,57,3,,,,,,637.0,
1232,287,57,3,,,,,,636.0,
1233,287,57,3,,,,,,636.0,
1234,287,57,3,,,,,,636.0,
1235,287,57,3,,,,,,636.0,
1236,285,57,,,,,,,642.0,
1237,285,57,,,,,,,642.0,
1238,285,57,,,,,,,642.0,
1239,285,57,,,,,,,642.0,
1240,285,57,,,,,,,644.0,
1241,285,57,,,,,,,644.0,
1242,286,57,,,,,,,644.0,
1243,286,57,,,,,,,644.0,
1244,286,57,,,,,,,643.0,
1245,286,57,,,,,,,643.0,
1246,286,57,,,,,,,643.0,
1247,286,57,,,,,,,643.0,
1248,292,54,,,,,,,642.0,
1249,292,54,,,,,,,642.0,
1250,289,52,,,,,,,648.0,
1251,290,52,,,,,,,648.0,
1252,290,52,,,,,,,648.0,
1253,290,52,,,,,,,648.0,
1254,290,52,,,,,,,650.0,
1255,291,52,,,,,,,651.0,
1256,291,52,,,,,,,650.0,
1257,291,52,,,,,,,650.0,
1258,291,52,,,,,,,650.0,
1259,293,52,,,,,,,647.0,
1260,297,52,,,,,,,646.0,
1261,297,52,,,,,,,646.0,
1262,297,52,,,,,,,646.0,
1263,297,52,,,,,,,646.0,
1264,298,54,,,,,,,643.0,
1265,298,54,,,,,,,642.0,
1266,298,54,,,,,,,642.0,
1267,298,54,,,,,,,642.0,
1268,298,54,,,,,,,641.0,
1269,298,54,,,,,,,641.0,
1270,299,56,,,,,,,639.0,
1271,299,56,,,,,,,639.0,
1272,297,54,,,,,,,644.0,
1273,297,54,,,,,,,643.0,
1274,297,54,,,,,,,643.0,
1275,297,54,4,,,,,,637.0,
1276,297,54,4,,,,,,637.0,
1277,297,54,4,,,,,,637.0,
1278,297,52,4,,,,,,640.0,
1279,297,52,4,,,,,,640.0,
1280,298,52,4,,,,,,641.0,
1281,299,57,4,,,,,,636.0,
1282,299,57,4,,,,,,636.0,
1283,299,57,4,,,,,,636.0,
1284,300,60,4,,,,,,631.0,
1285,300,60,4,,,,,,631.0,
1286,300,60,4,,,,,,631.0,
1287,299,60,4,,,,,,636.0,
1288,299,60,4,,,,,,636.0,
1289,299,60,4,,,,,,636.0,
1290,299,60,4,,,,,,638.0,
1291,299,60,4,,,,,,638.0,
1292,301,62,4,,,,,,633.0,
1293,301,62,4,,,,,,633.0,
1294,301,62,4,,,,,,633.0,
1295,303,62,4,,,,,,630.0,
1296,298,56,4,,,,,,644.0,
1297,298,56,4,,,,,,644.0,
1298,298,56,4,,,,,,644.0,
1299,298,56,4,,,,,,644.0,
1300,300,56,4,,,,,,644.0,
1301,300,56,4,,,,,,643.0,
1302,289,56,4,,,,,,662.0,
1303,289,56,4,,,,,,662.0,
1304,289,56,4,,,,,,663.0,
1305,289,56,4,,,,,,663.0,
1306,289,56,4,,,,,,662.0,
1307,289,56,4,,,,,,662.0,
1308,288,56,4,,,,,,666.0,
1309,288,56,4,,,,,,666.0,
1310,288,56,4,,,,,,669.0,
1311,291,56,4,,,,,,665.0,
1312,292,56,4,,,,,,665.0,
1313,292,56,4,,,,,,665.0,
1314,292,56,4,,,,,,666.0,
1315,292,56,4,,,,,,667.0,
1316,293,56,4,,,,,,668.0,
1317,293,56,4,,,,,,667.0,
1318,293,56,4,,,,,,667.0,
1319,293,56,4,,,,,,667.0,
1320,295,56,4,,,,,,667.0,
1321,295,56,4,,,,,,667.0,
1322,295,56,4,,,,,,666.0,
1323,294,63,4,,,,,,660.0,
1324,295,56,4,,,,,,667.0,
1325,295,56,4,,,,,,667.0,
1326,295,56,4,,,,,,667.0,
1327,295,56,4,,,,,,667.0,
1328,295,56,4,,,,,,667.0,
1329,295,56,4,,,,,,667.0,
1330,295,56,4,,,,,,667.0,
1331,295,56,4,,,,,,667.0,
1332,296,56,4,,,,,,667.0,
1333,296,56,4,,,,,,667.0,
1334,296,56,4,,,,,,666.0,
1335,296,56,4,,,,,,666.0,
1336,296,56,4,,,,,,666.0,
1337,296,56,4,,,,,,666.0,
1338,289,54,4,,,,,,681.0,
1339,289,54,4,,,,,,681.0,
1340,289,54,4,,,,,,681.0,
1341,289,54,4,,,,,,680.0,
1342,289,54,4,,,,,,680.0,
1343,289,54,4,,,,,,680.0,
1344,289,54,4,,,,,,682.0,
1345,289,54,4,,,,,,682.0,
1346,289,54,4,,,,,,682.0,
1347,289,61,4,,,,,,674.0,
1348,291,64,4,,,,,,668.0,
1349,291,64,4,,,,,,668.0,
1350,294,66,4,,,,,,669.0,
1351,295,66,4,,,,,,667.0,
1352,295,66,4,,,,,,667.0,
1353,295,66,4,,,,,,666.0,
1354,295,66,4,,,,,,666.0,
1355,295,66,4,,,,,,666.0,
1356,296,62,4,,,,,,670.0,
1357,296,62,4,,,,,,670.0,
1358,296,62,4,,,,,,670.0,
1359,297,62,4,,,,,,669.0,
1360,295,62,4,,,,,,674.0,
1361,295,62,4,,,,,,674.0,
1362,295,64,4,,,,,,673.0,
1363,295,64,4,,,,,,673.0,
1364,295,64,4,,,,,,673.0,
1365,296,64,4,,,,,,673.0,
1366,296,64,4,,,,,,673.0,
1367,296,64,4,,,,,,673.0,
1368,295,62,4,,,,,,678.0,
1369,297,64,4,,,,,,672.0,
1370,297,64,11,,,,,,664.0,
1371,297,64,11,,,,,,664.0,
1372,297,64,11,,,,,,665.0,
1373,297,64,11,,,,,,665.0,
1374,296,64,11,,,,,,668.0,
1375,296,64,11,,,,,,668.0,
1376,296,64,11,,,,,,668.0,
1377,297,64,14,,,,,,663.0,
1378,297,64,14,,,,,,663.0,
1379,297,64,14,,,,,,662.0,
1380,301,66,14,,,,,,657.0,
1381,301,66,14,,,,,,657.0,
1382,301,66,14,,,,,,656.0,
1383,301,66,14,,,,,,656.0,
1384,301,66,14,,,,,,657.0,
1385,301,66,14,,,,,,657.0,
1386,301,68,14,,,,,,655.0,
1387,301,68,14,,,,,,655.0,
1388,301,68,14,,,,,,655.0,
1389,301,68,14,,,,,,654.0,
1390,302,68,14,,,,,,654.0,
1391,302,68,14,,,,,,653.0,
1392,299,64,14,,,,,,664.0,
1393,299,64,14,,,,,,664.0,
1394,300,64,14,,,,,,662.0,
1395,300,64,14,,,,,,662.0,
1396,301,64,14,,,,,,662.0,
1397,301,64,14,,,,,,662.0,
1398,301,64,14,,,,,,663.0,
1399,301,64,14,,,,,,663.0,
1400,295,55,14,,,,,,680.0,
1401,297,55,14,,,,,,677.0,
1402,297,55,14,,,,,,676.0,
1403,297,55,14,,,,,,676.0,
1404,298,55,14,,,,,,676.0,
1405,298,55,14,,,,,,675.0,
1406,298,55,14,,,,,,675.0,
1407,298,55,14,,,,,,675.0,
1408,299,55,14,,,,,,675.0,
1409,299,55,14,,,,,,675.0,
1410,298,55,14,,,,,,677.0,
1411,299,61,14,,,,,,669.0,
1412,305,70,14,,,,,,653.0,
1413,305,70,14,,,,,,653.0,
1414,306,70,14,,,,,,653.0,
1415,306,70,14,,,,,,653.0,
1416,302,67,14,,,,,,662.0,
1417,302,67,18,,,,,,657.0,
1418,302,67,18,,,,,,657.0,
1419,302,67,18,,,,,,657.0,
1420,301,67,18,,,,,,660.0,
1421,301,67,18,,,,,,660.0,
1422,301,67,18,,,,,,661.0,
1423,301,67,18,,,,,,661.0,
1424,302,67,18,,,,,,659.0,
1425,302,67,18,,,,,,658.0,
1426,302,67,18,,,,,,658.0,
1427,302,67,18,,,,,,658.0,
1428,302,67,18,,,,,,658.0,
1429,302,67,18,,,,,,658.0,
1430,304,67,18,,,,,,658.0,
1431,304,67,18,,,,,,658.0,
1432,304,67,18,,,,,,658.0,
1433,304,67,18,,,,,,657.0,
1434,299,55,18,,,,,,675.0,
1435,299,55,18,,,,,,675.0,
1436,299,55,18,,,,,,675.0,
1437,299,55,18,,,,,,675.0,
1438,299,55,18,,,,,,675.0,
1439,301,63,18,,,,,,664.0,
1440,303,63,18,,,,,,664.0,
1441,303,63,18,,,,,,664.0,
1442,303,63,18,,,,,,664.0,
1443,303,63,18,,,,,,664.0,
1444,303,63,18,,,,,,664.0,
1445,309,75,18,,,,,,646.0,
1446,309,75,18,,,,,,646.0,
1447,309,75,18,,,,,,646.0,
1448,309,75,18,,,,,,646.0,
1449,311,75,18,,,,,,643.0,
1450,311,75,18,,,,,,643.0,
1451,311,75,18,,,,,,643.0,
1452,312,75,18,,,,,,643.0,
1453,312,75,18,,,,,,643.0,
1454,312,75,18,,,,,,643.0,
1455,312,75,18,,,,,,643.0,
1456,312,77,18,,,,,,643.0,
1457,312,77,18,,,,,,643.0,
1458,312,77,18,,,,,,643.0,
1459,312,77,18,,,,,,643.0,
1460,312,79,18,,,,,,643.0,
1461,312,79,18,,,,,,643.0,
1462,312,79,18,,,,,,643.0,
1463,312,79,18,,,,,,642.0,
1464,312,79,18,,,,,,641.0,
1465,312,79,18,,,,,,641.0,
1466,312,79,18,,,,,,641.0,
1467,312,79,18,,,,,,641.0,
1468,312,79,18,,,,,,641.0,
1469,312,79,18,,,,,,641.0,
1470,311,79,18,,,,,,643.0,
1471,311,79,18,,,,,,643.0,
1472,312,79,18,,,,,,643.0,
1473,312,79,18,,,,,,643.0,
1474,312,79,18,,,,,642.0,,
1475,312,79,18,,,,,642.0,,
1476,312,79,18,,,,,642.0,,
1477,312,79,18,,,,,642.0,,
1478,312,79,18,,,,,642.0,,
1479,312,79,18,,,,,642.0,,
1480,313,77,18,,,,646.0,,,
1481,313,77,18,,,,646.0,,,
1482,313,77,18,,,,646.0,,,
1483,313,77,18,,,,646.0,,,
1484,313,77,18,,,,645.0,,,
1485,314,77,18,,,,645.0,,,
1486,314,77,18,,,,645.0,,,
1487,314,77,18,,,,644.0,,,
1488,314,77,18,,,,644.0,,,
1489,314,77,18,,,,644.0,,,
1490,310,79,18,,,,648.0,,,
1491,310,79,18,,,,648.0,,,
1492,310,79,18,,,,647.0,,,
1493,310,79,18,,,,645.0,,,
1494,311,79,18,,,,645.0,,,
1495,311,79,18,,,,645.0,,,
1496,311,79,18,,,,645.0,,,
1497,311,79,18,,,,645.0,,,
1498,311,79,18,,,,645.0,,,
1499,311,79,18,,,,645.0,,,
1500,307,79,18,,,,655.0,,,
1501,307,79,18,,,,655.0,,,
1502,309,79,18,,,,652.0,,,
1503,309,79,18,,,,652.0,,,
1504,309,79,18,,,,652.0,,,
1505,309,79,18,,,,653.0,,,
1506,309,79,18,,,,653.0,,,
1507,309,79,18,,,,653.0,,,
1508,309,79,18,,,,653.0,,,
1509,313,79,18,,,,648.0,,,
1510,311,79,18,,,,652.0,,,
1511,311,79,18,,,,652.0,,,
1512,311,79,18,,,,652.0,,,
1513,311,79,18,,,,652.0,,,
1514,311,79,18,,,,652.0,,,
1515,311,79,18,,,,652.0,,,
1516,311,79,18,,,,652.0,,,
1517,311,79,18,,,,652.0,,,
1518,311,79,18,,,,652.0,,,
1519,311,79,18,,,,652.0,,,
1520,313,79,18,,,,653.0,,,
1521,313,79,18,,,,652.0,,,
1522,313,79,18,,,,652.0,,,
1523,313,79,18,,,,652.0,,,
1524,315,79,18,,,,649.0,,,
1525,315,79,18,,,,649.0,,,
1526,315,79,18,,,,649.0,,,
1527,317,81,18,,,,644.0,,,
1528,315,79,18,,,,649.0,,,
1529,315,79,18,,,,649.0,,,
1530,314,77,15,,,,,656.0,,
1531,314,77,15,,,,,656.0,,
1532,314,77,15,,,,,656.0,,
1533,313,79,15,,,,,654.0,,
1534,313,79,15,,,,,654.0,,
1535,313,79,15,,,,,654.0,,
1536,313,79,15,,,,,654.0,,
1537,313,79,15,,,,,654.0,,
1538,313,79,15,,,,,654.0,,
1539,313,79,15,,,,,655.0,,
1540,315,79,18,,,,651.0,,,
1541,315,79,18,,,,651.0,,,
1542,315,79,18,,,,652.0,,,
1543,315,79,18,,,,652.0,,,
1544,318,81,18,,,,647.0,,,
1545,318,81,18,,,,647.0,,,
1546,318,81,18,,,,647.0,,,
1547,318,81,18,,,,647.0,,,
1548,319,81,18,,,,647.0,,,
1549,319,81,18,,,,647.0,,,
1550,319,81,18,,,,648.0,,,
1551,319,81,18,,,,647.0,,,
1552,319,81,18,,,,646.0,,,
1553,319,81,18,,,,646.0,,,
1554,319,81,18,,,,646.0,,,
1555,319,81,18,,,,645.0,,,
1556,319,81,18,,,,645.0,,,
1557,319,81,18,,,,644.0,,,
1558,319,81,18,,,,644.0,,,
1559,319,81,18,,,,644.0,,,
1560,318,81,18,,,,647.0,,,
1561,318,81,18,,,,647.0,,,
1562,318,81,18,,,,647.0,,,
1563,318,81,18,,,,647.0,,,
1564,318,81,18,,,,647.0,,,
1565,319,81,18,,,,645.0,,,
1566,319,81,18,,,,646.0,,,
1567,319,81,18,,,,645.0,,,
1568,319,81,18,,,,645.0,,,
1569,319,81,18,,,,645.0,,,
1570,320,79,18,,,,649.0,,,
1571,320,79,18,,,,649.0,,,
1572,320,79,18,,,,649.0,,,
1573,320,79,18,,,,649.0,,,
1574,320,79,18,,,,649.0,,,
1575,321,79,18,,,,649.0,,,
1576,321,79,18,,,,649.0,,,
1577,321,79,18,,,,649.0,,,
1578,321,79,18,,,,649.0,,,
1579,322,79,18,,,,647.0,,,
1580,321,79,18,,,,651.0,,,
1581,321,79,18,,,,651.0,,,
1582,321,79,18,,,,651.0,,,
1583,321,79,18,,,,650.0,,,
1584,321,81,18,,,,647.0,,,
1585,320,81,18,,,,,650.0,,
1586,320,81,18,,,,,650.0,,
1587,320,81,18,,,,,650.0,,
1588,320,81,18,,,,,650.0,,
1589,320,81,18,,,,,650.0,,
1590,320,81,18,,,,,650.0,,
1591,320,81,18,,,,,650.0,,
1592,320,81,18,,,,,650.0,,
1593,320,81,18,,,,,650.0,,
1594,320,81,18,,,,,650.0,,
1595,321,81,18,,,,,650.0,,
1596,322,81,18,,,,,652.0,,
1597,322,81,18,,,,,651.0,,
1598,322,81,18,,,,,651.0,,
1599,322,81,18,,,,,651.0,,
1600,322,81,18,,,,,650.0,,
1601,322,81,18,,,,,649.0,,
1602,321,81,18,,,,,651.0,,
1603,322,81,18,,,,,651.0,,
1604,322,81,18,,,,,651.0,,
1605,322,81,18,,,,,651.0,,
1606,322,81,18,,,,,651.0,,
1607,322,81,18,,,,,651.0,,
1608,322,81,18,,,,,652.0,,
1609,322,81,18,,,,,652.0,,
1610,318,81,11,,,,,665.0,,
1611,318,81,11,,,,,665.0,,
1612,318,81,11,,,,,665.0,,
1613,318,81,11,,,,,665.0,,
1614,318,81,11,,,,,664.0,,
1615,318,81,11,,,,,664.0,,
1616,318,81,11,,,,,664.0,,
1617,318,81,11,,,,,664.0,,
1618,319,81,11,,,,,662.0,,
1619,319,81,11,,,,,662.0,,
1620,320,81,11,,,,,662.0,,
1621,320,81,11,,,,,662.0,,
1622,320,81,11,,,,,662.0,,
1623,320,81,11,,,,,662.0,,
1624,313,81,11,,,,,,669.0,
1625,315,81,11,,,,,,667.0,
1626,315,81,11,,,,,,667.0,
1627,315,81,11,,,,,,667.0,
1628,315,81,11,,,,,,667.0,
1629,315,81,11,,,,,,666.0,
1630,317,81,11,,,,,,666.0,
1631,317,81,11,,,,,,666.0,
1632,317,81,11,,,,,,665.0,
1633,317,81,11,,,,,,665.0,
1634,317,81,11,,,,,,665.0,
1635,317,81,11,,,,,,665.0,
1636,325,81,11,,,,,656.0,,
1637,325,81,11,,,,,656.0,,
1638,325,81,11,,,,,656.0,,
1639,325,81,11,,,,,656.0,,
1640,320,81,11,,,,,,663.0,
1641,320,81,11,,,,,,663.0,
1642,320,81,11,,,,,,663.0,
1643,320,81,11,,,,,,663.0,
1644,323,81,18,,,,,,652.0,
1645,323,81,18,,,,,,652.0,
1646,323,81,18,,,,,,652.0,
1647,323,81,18,,,,,,652.0,
1648,323,81,18,,,,,,653.0,
1649,328,81,18,,,,,647.0,,
1650,328,81,18,,,,,647.0,,
1651,330,81,18,,,,,644.0,,
1652,330,81,18,,,,,644.0,,
1653,330,81,18,,,,,644.0,,
1654,330,81,18,,,,,644.0,,
1655,331,81,18,,,,,642.0,,
1656,332,81,18,,,,,640.0,,
1657,332,81,18,,,,,640.0,,
1658,332,81,18,,,,,640.0,,
1659,328,78,18,,,,,648.0,,
1660,328,78,18,,,,,650.0,,
1661,328,78,18,,,,,650.0,,
1662,329,78,18,,,,,648.0,,
1663,329,78,18,,,,,648.0,,
1664,330,78,18,,,,,647.0,,
1665,330,78,18,,,,,647.0,,
1666,330,78,18,,,,,647.0,,
1667,330,78,18,,,,,647.0,,
1668,327,78,18,,,,,652.0,,
1669,327,78,18,,,,,651.0,,
1670,327,78,18,,,,,652.0,,
1671,327,78,18,,,,,652.0,,
1672,327,78,18,,,,,652.0,,
1673,327,78,18,,,,,652.0,,
1674,329,78,18,,,,,650.0,,
1675,329,78,18,,,,,650.0,,
1676,333,81,18,,,,,642.0,,
1677,333,81,18,,,,,641.0,,
1678,333,81,18,,,,,641.0,,
1679,333,81,18,,,,,641.0,,
1680,331,79,18,,,,,646.0,,
1681,331,79,18,,,,,646.0,,
1682,331,79,18,,,,,646.0,,
1683,331,79,18,,,,,647.0,,
1684,331,79,18,,,,,646.0,,
1685,331,79,18,,,,,646.0,,
1686,331,79,18,,,,,646.0,,
1687,331,79,18,,,,,645.0,,
1688,332,79,18,,,,,645.0,,
1689,332,79,18,,,,,645.0,,
1690,332,79,18,,,,,645.0,,
1691,332,79,18,,,,,645.0,,
1692,330,79,18,,,,,648.0,,
1693,330,81,18,,,,,645.0,,
1694,330,81,18,,,,,645.0,,
1695,331,81,18,,,,,644.0,,
1696,331,81,18,,,,,644.0,,
1697,331,81,18,,,,,644.0,,
1698,331,81,18,,,,,644.0,,
1699,331,81,18,,,,,644.0,,
1700,332,81,18,,,,,645.0,,
1701,337,81,18,,,,,639.0,,
1702,337,81,18,,,,,639.0,,
1703,337,81,18,,,,,639.0,,
1704,338,81,18,,,,,638.0,,
1705,338,81,18,,,,,638.0,,
1706,338,83,18,,,,,635.0,,
1707,338,83,18,,,,,635.0,,
1708,338,83,18,,,,,635.0,,
1709,339,85,18,,,,,631.0,,
1710,340,78,18,,,,,640.0,,
1711,340,78,18,,,,,640.0,,
1712,341,78,18,,,,,638.0,,
1713,341,78,18,,,,,638.0,,
1714,341,78,18,,,,,636.0,,
1715,341,78,18,,,,,636.0,,
1716,341,78,18,,,,,636.0,,
1717,341,78,18,,,,,636.0,,
1718,341,78,18,,,,,636.0,,
1719,338,75,18,,,,,642.0,,
1720,340,75,18,,,,,647.0,,
1721,340,75,18,,,,,646.0,,
1722,340,75,18,,,,,646.0,,
1723,340,75,18,,,,,646.0,,
1724,340,75,18,,,,,646.0,,
1725,341,75,18,,,,,643.0,,
1726,341,75,18,,,,,643.0,,
1727,341,75,18,,,,,643.0,,
1728,340,75,11,,,,,659.0,,
1729,340,75,11,,,,,659.0,,
1730,340,75,11,,,,,658.0,,
1731,341,75,11,,,,,656.0,,
1732,341,75,11,,,,,656.0,,
1733,341,75,11,,,,,656.0,,
1734,341,75,11,,,,,657.0,,
1735,341,75,11,,,,,657.0,,
1736,341,75,11,,,,,656.0,,
1737,341,73,11,,,,,661.0,,
1738,341,73,11,,,,,661.0,,
1739,341,73,11,,,,,660.0,,
1740,341,73,11,,,,,661.0,,
1741,341,73,17,,,,,653.0,,
1742,341,73,17,,,,,653.0,,
1743,341,73,17,,,,,653.0,,
1744,341,73,17,,,,,652.0,,
1745,340,75,17,,,,,651.0,,
1746,341,75,17,,,,,651.0,,
1747,341,75,17,,,,,651.0,,
1748,341,75,17,,,,,651.0,,
1749,341,75,17,,,,,651.0,,
1750,338,68,17,,,,,663.0,,
1751,338,68,17,,,,,663.0,,
1752,338,68,17,,,,,664.0,,
1753,338,68,17,,,,,664.0,,
1754,338,68,17,,,,,663.0,,
1755,340,68,17,,,,,662.0,,
1756,340,71,17,,,,,658.0,,
1757,341,71,17,,,,,658.0,,
1758,339,72,13,,,,,664.0,,
1759,339,72,13,,,,,664.0,,
1760,339,72,13,,,,,665.0,,
1761,339,72,13,,,,,664.0,,
1762,339,72,13,,,,,664.0,,
1763,339,72,13,,,,,664.0,,
1764,335,72,13,,,,,676.0,,
1765,336,72,13,,,,,677.0,,
1766,336,72,13,,,,,677.0,,
1767,336,72,13,,,,,677.0,,
1768,336,72,13,,,,,677.0,,
1769,337,72,13,,,,,674.0,,
1770,338,72,13,,,,,677.0,,
1771,337,72,13,,,,,681.0,,
1772,337,72,13,,,,,680.0,,
1773,337,72,13,,,,,681.0,,
1774,337,72,13,,,,,681.0,,
1775,337,72,13,,,,,681.0,,
1776,336,70,13,,,,,685.0,,
1777,336,70,13,,,,,684.0,,
1778,336,70,13,,,,,683.0,,
1779,336,70,13,,,,,683.0,,
1780,336,70,13,,,,,684.0,,
1781,336,70,13,,,,,683.0,,
1782,337,70,13,,,,,684.0,,
1783,337,70,13,,,,,684.0,,
1784,338,70,13,,,,,684.0,,
1785,338,70,13,,,,,683.0,,
1786,338,70,13,,,,,683.0,,
1787,338,70,13,,,,,683.0,,
1788,338,70,13,,,,,683.0,,
1789,338,70,13,,,,,682.0,,
1790,338,70,13,,,,,682.0,,
1791,339,70,13,,,,,684.0,,
1792,339,70,13,,,,,685.0,,
1793,339,70,13,,,,,685.0,,
1794,339,70,13,,,,,685.0,,
1795,340,70,13,,,,,683.0,,
1796,340,70,13,,,,,683.0,,
1797,340,70,13,,,,,682.0,,
1798,340,70,13,,,,,682.0,,
1799,340,70,13,,,,,682.0,,
1800,336,66,13,,,,,695.0,,
1801,336,66,13,,,,,694.0,,
1802,336,66,13,,,,,693.0,,
1803,337,68,13,,,,,689.0,,
1804,337,68,13,,,,,689.0,,
1805,337,68,13,,,,,689.0,,
1806,340,68,13,,,,,689.0,,
1807,340,68,13,,,,,689.0,,
1808,342,70,13,,,,,684.0,,
1809,344,70,13,,,,,684.0,,
1810,344,70,13,,,,,684.0,,
1811,345,70,13,,,,,682.0,,
1812,346,70,13,,,,,682.0,,
1813,346,70,13,,,,,682.0,,
1814,347,77,13,,,,,673.0,,
1815,347,77,13,,,,,673.0,,
1816,348,77,13,,,,,673.0,,
1817,348,77,13,,,,,673.0,,
1818,348,77,13,,,,,673.0,,
1819,348,77,13,,,,,673.0,,
1820,350,77,13,,,,,673.0,,
1821,350,77,13,,,,,673.0,,
1822,352,81,13,,,,,665.0,,
1823,352,81,13,,,,,665.0,,
1824,352,81,13,,,,,665.0,,
1825,352,81,13,,,,,664.0,,
1826,352,81,13,,,,,664.0,,
1827,353,81,13,,,,,664.0,,
1828,353,81,13,,,,,664.0,,
1829,353,81,13,,,,,663.0,,
1830,352,81,13,,,,,665.0,,
1831,352,81,13,,,,,665.0,,
1832,354,81,13,,,,,663.0,,
1833,354,81,13,,,,,663.0,,
1834,355,81,13,,,,,661.0,,
1835,355,81,13,,,,,661.0,,
1836,355,81,13,,,,,661.0,,
1837,355,81,13,,,,,661.0,,
1838,356,81,13,,,,,659.0,,
1839,357,81,13,,,,,657.0,,
1840,355,81,13,,,,,661.0,,
1841,355,81,13,,,,,661.0,,
1842,356,81,13,,,,,661.0,,
1843,356,81,13,,,,,661.0,,
1844,358,81,13,,,,,658.0,,
1845,358,81,13,,,,,659.0,,
1846,358,81,13,,,,,658.0,,
1847,358,81,13,,,,,658.0,,
1848,350,81,13,,,,,669.0,,
1849,350,81,13,,,,,668.0,,
1850,350,81,13,,,,,668.0,,
1851,350,81,13,,,,,668.0,,
1852,350,81,13,,,,,668.0,,
1853,350,81,13,,,,,668.0,,
1854,351,81,13,,,,,668.0,,
1855,353,81,13,,,,,665.0,,
1856,353,81,13,,,,,664.0,,
1857,353,81,13,,,,,664.0,,
1858,353,81,13,,,,,664.0,,
1859,353,81,13,,,,,664.0,,
1860,353,81,13,,,,,667.0,,
1861,353,81,13,,,,,667.0,,
1862,353,81,13,,,,,667.0,,
1863,353,81,13,,,,,667.0,,
1864,353,81,13,,,,,667.0,,
1865,353,81,13,,,,,667.0,,
1866,353,81,13,,,,,667.0,,
1867,353,81,13,,,,,667.0,,
1868,353,81,13,,,,,667.0,,
1869,353,81,13,,,,,668.0,,
1870,356,81,13,,,,,665.0,,
1871,356,81,13,,,,,664.0,,
1872,357,81,13,,,,,665.0,,
1873,357,81,13,,,,,665.0,,
1874,357,81,13,,,,,665.0,,
1875,357,81,13,,,,,664.0,,
1876,357,81,13,,,,,664.0,,
1877,357,81,13,,,,,664.0,,
1878,358,81,13,,,,,662.0,,
1879,358,81,13,,,,,661.0,,
1880,358,81,13,,,,,661.0,,
1881,359,81,13,,,,,660.0,,
1882,359,81,13,,,,,660.0,,
1883,359,81,13,,,,,660.0,,
1884,359,81,13,,,,,660.0,,
1885,359,83,13,,,,,657.0,,
1886,359,85,13,,,,,654.0,,
1887,360,85,13,,,,,652.0,,
1888,359,85,13,,,,,654.0,,
1889,359,85,13,,,,,654.0,,
1890,358,85,13,,,,,656.0,,
1891,358,85,13,,,,,656.0,,
1892,359,85,13,,,,,654.0,,
1893,359,85,13,,,,,654.0,,
1894,359,85,13,,,,,654.0,,
1895,359,85,13,,,,,654.0,,
1896,359,85,13,,,,,655.0,,
1897,359,85,13,,,,,655.0,,
1898,359,85,13,,,,,655.0,,
1899,358,85,13,,,,,658.0,,
1900,358,85,13,,,,,658.0,,
1901,358,85,13,,,,,657.0,,
1902,358,85,13,,,,,658.0,,
1903,358,85,13,,,,,658.0,,
1904,358,85,13,,,,,657.0,,
1905,358,85,13,,,,,657.0,,
1906,358,85,13,,,,,657.0,,
1907,358,85,13,,,,,657.0,,
1908,359,85,13,,,,,657.0,,
1909,359,85,13,,,,,657.0,,
1910,359,85,13,,,,,658.0,,
1911,359,85,13,,,,,658.0,,
1912,359,85,13,,,,,658.0,,
1913,359,85,13,,,,,658.0,,
1914,359,85,13,,,,,658.0,,
1915,361,85,13,,,,,655.0,,
1916,361,85,13,,,,,654.0,,
1917,361,85,13,,,,,656.0,,
1918,362,85,13,,,,654.0,,,
1919,362,85,13,,,,654.0,,,
1920,360,85,13,,,,660.0,,,
1921,360,85,13,,,,660.0,,,
1922,360,85,13,,,,660.0,,,
1923,360,85,13,,,,660.0,,,
1924,360,92,13,,,,652.0,,,
1925,361,92,13,,,,652.0,,,
1926,357,92,13,,,,658.0,,,
1927,357,92,13,,,,657.0,,,
1928,357,92,13,,,,657.0,,,
1929,357,92,13,,,,657.0,,,
1930,357,92,13,,,,658.0,,,
1931,357,92,13,,,,658.0,,,
1932,357,92,13,,,,659.0,,,
1933,357,92,13,,,,659.0,,,
1934,357,92,13,,,,659.0,,,
1935,357,90,13,,,,663.0,,,
1936,357,90,13,,,,664.0,,,
1937,357,90,13,,,,663.0,,,
1938,358,90,13,,,,664.0,,,
1939,359,90,13,,,,664.0,,,
1940,359,90,13,,,,664.0,,,
1941,359,90,13,,,,663.0,,,
1942,359,90,13,,,,662.0,,,
1943,359,90,13,,,,662.0,,,
1944,359,90,13,,,,663.0,,,
1945,359,90,13,,,,663.0,,,
1946,358,90,13,,,,665.0,,,
1947,358,90,13,,,,665.0,,,
1948,358,90,13,,,,664.0,,,
1949,358,90,13,,,,664.0,,,
1950,358,90,13,,,,664.0,,,
1951,358,90,13,,,,663.0,,,
1952,359,90,13,,,,661.0,,,
1953,359,90,13,,,,660.0,,,
1954,359,90,13,,,,660.0,,,
1955,359,90,13,,,,660.0,,,
1956,360,90,13,,,,658.0,,,
1957,360,90,13,,,,658.0,,,
1958,360,90,13,,,,658.0,,,
1959,360,90,13,,,,658.0,,,
1960,360,90,13,,,,659.0,,,
1961,360,90,13,,,,659.0,,,
1962,360,90,13,,,,660.0,,,
1963,360,90,13,,,,660.0,,,
1964,361,88,13,,,,660.0,,,
1965,361,88,13,,,,660.0,,,
1966,361,88,13,,,,660.0,,,
1967,362,88,13,,,,658.0,,,
1968,361,88,13,,,,660.0,,,
1969,361,88,13,,,,659.0,,,
1970,361,88,13,,,,659.0,,,
1971,362,88,13,,,,659.0,,,
1972,362,88,13,,,,659.0,,,
1973,362,88,13,,,,659.0,,,
1974,360,88,13,,,,662.0,,,
1975,360,88,13,,,,662.0,,,
1976,361,90,13,,,,658.0,,,
1977,361,90,13,,,,657.0,,,
1978,361,90,13,,,,657.0,,,
1979,361,90,13,,,,657.0,,,
1980,355,90,10,,,,669.0,,,
1981,355,90,10,,,,668.0,,,
1982,355,90,10,,,,668.0,,,
1983,358,90,10,,,,664.0,,,
1984,359,90,10,,,,667.0,,,
1985,361,90,10,,,,663.0,,,
1986,361,90,10,,,,663.0,,,
1987,361,90,10,,,,663.0,,,
1988,360,90,10,,,,665.0,,,
1989,360,90,10,,,,665.0,,,
1990,358,90,10,,,,669.0,,,
1991,358,90,10,,,,669.0,,,
1992,358,90,10,,,,669.0,,,
1993,358,90,10,,,,669.0,,,
1994,359,90,10,,,,667.0,,,
1995,359,90,10,,,,667.0,,,
1996,360,90,10,,,,665.0,,,
1997,360,90,10,,,,665.0,,,
1998,360,90,10,,,,665.0,,,
1999,360,90,10,,,,665.0,,,
2000,357,90,10,,,,,669.0,,
2001,359,90,13,,,,,663.0,,
2002,359,90,13,,,,,663.0,,
2003,359,90,13,,,,,663.0,,
2004,359,90,13,,,,,663.0,,
2005,359,90,13,,,,,662.0,,
2006,360,90,13,,,,,660.0,,
2007,361,90,13,,,,,658.0,,
2008,361,90,13,,,,,659.0,,
2009,361,90,13,,,,,659.0,,
2010,352,80,13,,,,,680.0,,
2011,352,80,13,,,,,680.0,,
2012,352,80,13,,,,,680.0,,
2013,352,80,13,,,,,680.0,,
2014,352,80,13,,,,,680.0,,
2015,352,80,13,,,,,679.0,,
2016,353,80,13,,,,,676.0,,
2017,353,80,13,,,,,676.0,,
2018,353,80,13,,,,,676.0,,
2019,353,80,13,,,,,676.0,,
2020,353,80,13,,,,,676.0,,
2021,353,80,13,,,,,676.0,,
2022,353,80,13,,,,,676.0,,
2023,353,80,13,,,,,676.0,,
2024,353,80,13,,,,,676.0,,
2025,353,80,13,,,,,676.0,,
2026,353,80,13,,,,,676.0,,
2027,362,90,13,,,,,656.0,,
2028,363,90,13,,,,654.0,,,
2029,363,90,13,,,,654.0,,,
2030,363,90,13,,,,654.0,,,
2031,365,90,13,,,,651.0,,,
2032,365,90,13,,,,651.0,,,
2033,365,90,13,,,,651.0,,,
2034,365,90,13,,,,654.0,,,
2035,365,90,13,,,,653.0,,,
2036,365,90,13,,,,653.0,,,
2037,365,90,13,,,,654.0,,,
2038,365,90,13,,,,654.0,,,
2039,365,90,13,,,,654.0,,,
2040,365,90,13,,,,655.0,,,
2041,365,90,13,,,,655.0,,,
2042,365,90,13,,,,655.0,,,
2043,364,90,13,,,,658.0,,,
2044,364,90,13,,,,658.0,,,
2045,365,90,13,,,,656.0,,,
2046,365,90,13,,,,656.0,,,
2047,365,90,13,13,,,642.0,,,
2048,365,90,13,13,,,642.0,,,
2049,365,93,13,13,,,638.0,,,
2050,367,93,13,13,,,638.0,,,
2051,367,90,13,13,,,643.0,,,
2052,367,90,13,13,,,643.0,,,
2053,367,90,13,13,,,643.0,,,
2054,367,90,13,13,,,642.0,,,
2055,367,90,13,13,,,642.0,,,
2056,368,90,13,13,,,640.0,,,
2057,368,90,13,13,,,640.0,,,
2058,369,90,13,13,,,640.0,,,
2059,369,90,13,13,,,640.0,,,
2060,368,90,13,13,,,644.0,,,
2061,368,90,13,13,,,648.0,,,
2062,368,90,13,13,,,648.0,,,
2063,368,90,13,13,,,648.0,,,
2064,368,90,13,13,,,648.0,,,
2065,368,90,13,13,,,649.0,,,
2066,368,90,13,13,,,648.0,,,
2067,368,90,13,13,,,648.0,,,
2068,368,90,13,13,,,648.0,,,
2069,368,90,13,13,,,647.0,,,
2070,368,85,13,13,,,655.0,,,
2071,368,85,13,13,,,655.0,,,
2072,368,85,13,13,,,654.0,,,
2073,368,85,13,13,,,654.0,,,
2074,368,85,13,13,,,654.0,,,
2075,368,85,13,13,,,654.0,,,
2076,368,85,13,13,,,654.0,,,
2077,368,85,13,13,,,654.0,,,
2078,368,85,13,13,,,652.0,,,
2079,368,85,13,13,,,652.0,,,
2080,369,85,13,13,,,652.0,,,
2081,369,85,13,13,,,652.0,,,
2082,370,85,13,13,,,650.0,,,
2083,370,85,13,13,,,650.0,,,
2084,370,85,13,13,,,650.0,,,
2085,370,85,13,13,,,650.0,,,
2086,370,85,13,13,,,650.0,,,
2087,370,85,13,13,,,649.0,,,
2088,368,85,13,13,,,655.0,,,
2089,368,85,13,13,,,655.0,,,
2090,368,85,13,13,,,655.0,,,
2091,368,85,13,13,,,655.0,,,
2092,368,85,13,13,,,655.0,,,
2093,368,85,13,13,,,656.0,,,
2094,368,85,13,13,,,656.0,,,
2095,368,91,13,13,,,649.0,,,
2096,368,91,13,13,,,649.0,,,
2097,367,80,13,13,,,661.0,,,
2098,367,80,13,13,,,661.0,,,
2099,367,80,13,13,,,661.0,,,
2100,366,80,13,,,,677.0,,,
2101,366,80,13,,,,677.0,,,
2102,366,80,13,,,,677.0,,,
2103,366,80,13,,,,677.0,,,
2104,366,80,13,,,,676.0,,,
2105,366,80,13,,,,676.0,,,
2106,367,80,13,,,,676.0,,,
2107,367,80,13,,,,676.0,,,
2108,367,80,13,,,,676.0,,,
2109,367,80,13,,,,676.0,,,
2110,367,80,13,,,,676.0,,,
2111,368,84,13,,,,669.0,,,
2112,368,84,13,,,,669.0,,,
2113,368,84,13,,,,669.0,,,
2114,368,84,13,,,,669.0,,,
2115,366,87,13,,,,668.0,,,
2116,366,87,13,,,,668.0,,,
2117,366,87,13,,,,668.0,,,
2118,367,87,13,,,,666.0,,,
2119,367,87,13,,,,666.0,,,
2120,366,85,13,,,,671.0,,,
2121,367,85,13,13,,,657.0,,,
2122,367,85,13,13,,,657.0,,,
2123,367,85,13,13,,,656.0,,,
2124,367,85,13,13,,,656.0,,,
2125,367,85,13,13,,,656.0,,,
2126,367,85,13,13,,,656.0,,,
2127,367,85,13,13,,,656.0,,,
2128,364,85,13,13,,,660.0,,,
2129,364,85,13,13,,,660.0,,,
2130,363,92,13,13,,,659.0,,,
2131,363,92,13,13,,,659.0,,,
2132,363,92,13,13,,,659.0,,,
2133,364,92,13,13,,,659.0,,,
2134,364,92,13,13,,,659.0,,,
2135,364,92,13,13,,,659.0,,,
2136,364,92,13,13,,,659.0,,,
2137,364,92,13,13,,,659.0,,,
2138,364,92,13,13,,,659.0,,,
2139,364,92,13,13,,,659.0,,,
2140,363,92,13,13,,,663.0,,,
2141,363,92,13,13,,,662.0,,,
2142,363,92,13,13,,,663.0,,,
2143,363,92,13,13,,,663.0,,,
2144,363,92,13,13,,,663.0,,,
2145,364,92,13,13,,,660.0,,,
2146,364,92,13,13,,,660.0,,,
2147,364,92,13,13,,,660.0,,,
2148,365,96,13,13,,,654.0,,,
2149,364,96,13,13,,,657.0,,,
2150,364,96,13,13,,,656.0,,,
2151,363,90,13,13,,,665.0,,,
2152,363,90,13,13,,,667.0,,,
2153,363,90,13,13,,,667.0,,,
2154,363,90,13,13,,,667.0,,,
2155,363,90,13,13,,,667.0,,,
2156,363,90,13,13,,,667.0,,,
2157,363,90,13,13,,,667.0,,,
2158,363,90,13,13,,,666.0,,,
2159,363,90,13,13,,,666.0,,,
2160,363,90,13,13,,,667.0,,,
2161,363,90,13,13,,,666.0,,,
2162,363,90,13,13,,,665.0,,,
2163,360,90,13,13,,,669.0,,,
2164,360,90,13,13,,,669.0,,,
2165,360,90,13,13,,,669.0,,,
2166,360,90,13,13,,,668.0,,,
2167,360,92,13,13,,,665.0,,,
2168,358,92,13,13,,,668.0,,,
2169,360,92,13,13,,,669.0,,,
2170,360,92,13,13,,,670.0,,,
2171,360,92,13,13,,,670.0,,,
2172,360,92,13,13,,,671.0,,,
2173,360,92,13,13,,,671.0,,,
2174,360,92,13,13,,,671.0,,,
2175,362,94,13,13,,,666.0,,,
2176,363,94,13,13,,,666.0,,,
2177,363,94,13,13,,,664.0,,,
2178,359,90,10,13,,,678.0,,,
2179,359,90,10,13,,,678.0,,,
2180,359,90,10,13,,,680.0,,,
2181,359,90,10,13,,,680.0,,,
2182,359,90,10,13,,,680.0,,,
2183,359,90,10,13,,,680.0,,,
2184,359,90,10,13,,,684.0,,,
2185,359,90,10,13,,,684.0,,,
2186,359,90,10,13,,,684.0,,,
2187,359,90,10,13,,,684.0,,,
2188,362,90,10,13,,,679.0,,,
2189,362,90,10,13,,,679.0,,,
2190,361,90,10,13,,,682.0,,,
2191,361,90,10,13,,,683.0,,,
2192,361,90,10,13,,,683.0,,,
2193,361,90,10,13,,,683.0,,,
2194,361,90,10,13,,,683.0,,,
2195,361,90,10,13,,,683.0,,,
2196,361,90,10,13,,,682.0,,,
2197,361,90,10,13,,,680.0,,,
2198,361,90,10,13,,,680.0,,,
2199,361,90,10,13,,,680.0,,,
2200,361,88,10,,,,698.0,,,
2201,361,88,10,,,,697.0,,,
2202,361,88,10,,,,697.0,,,
2203,361,88,10,,,,697.0,,,
2204,362,90,10,,,,693.0,,,
2205,362,90,10,,,,694.0,,,
2206,362,90,10,13,,,679.0,,,
2207,362,90,10,13,,,679.0,,,
2208,362,90,10,13,,,679.0,,,
2209,362,90,10,13,,,679.0,,,
2210,360,90,10,13,,,683.0,,,
2211,363,90,10,13,,,678.0,,,
2212,363,90,10,,,,692.0,,,
2213,363,90,10,,,,692.0,,,
2214,363,90,10,,,,692.0,,,
2215,363,90,10,,,,692.0,,,
2216,363,90,10,,,,692.0,,,
2217,363,90,10,,,,692.0,,,
2218,363,90,10,,,,691.0,,,
2219,363,90,10,,,,691.0,,,
2220,364,90,10,,,,691.0,,,
2221,364,90,10,,,,690.0,,,
2222,364,90,10,6,,,682.0,,,
2223,364,90,10,6,,,682.0,,,
2224,365,90,10,6,,,682.0,,,
2225,366,93,10,6,,,677.0,,,
2226,366,93,10,6,,,677.0,,,
2227,366,93,10,6,,,677.0,,,
2228,366,93,10,6,,,677.0,,,
2229,366,93,10,6,,,677.0,,,
2230,366,95,10,6,,,674.0,,,
2231,366,95,10,6,,,674.0,,,
2232,366,95,10,6,,,676.0,,,
2233,366,98,10,19,,,659.0,,,
2234,366,98,10,19,,,659.0,,,
2235,366,98,10,19,,,659.0,,,
2236,366,98,10,19,,,659.0,,,
2237,367,98,10,19,,,657.0,,,
2238,368,98,10,19,,,655.0,,,
2239,368,98,10,19,,,655.0,,,
2240,363,96,10,6,,,681.0,,,
2241,363,96,10,6,,,681.0,,,
2242,363,96,10,6,,,681.0,,,
2243,363,96,10,6,,,681.0,,,
2244,363,96,10,6,,,681.0,,,
2245,363,96,10,6,,,681.0,,,
2246,363,96,10,6,,,680.0,,,
2247,361,96,10,6,,,683.0,,,
2248,361,96,10,6,,,682.0,,,
2249,361,96,10,6,,,682.0,,,
2250,361,96,10,6,,,687.0,,,
2251,361,96,10,6,,,687.0,,,
2252,361,96,10,6,,,686.0,,,
2253,361,96,10,6,,,685.0,,,
2254,360,96,10,6,,,689.0,,,
2255,360,96,10,6,,,689.0,,,
2256,361,96,10,,,,696.0,,,
2257,361,96,10,,,,696.0,,,
2258,361,96,10,,,,695.0,,,
2259,361,96,10,,,,694.0,,,
2260,360,94,10,,,,697.0,,,
2261,361,92,10,,,,700.0,,,
2262,361,92,10,,,,700.0,,,
2263,361,92,10,,,,700.0,,,
2264,358,92,10,,,,703.0,,,
2265,358,92,10,,,,703.0,,,
2266,358,92,10,,,,703.0,,,
2267,358,92,10,,,,702.0,,,
2268,358,92,10,,,,702.0,,,
2269,358,92,10,,,,702.0,,,
2270,358,92,10,,,,702.0,,,
2271,358,92,10,,,,702.0,,,
2272,358,92,10,,,,702.0,,,
2273,358,92,10,,,,702.0,,,
2274,359,92,10,,,,700.0,,,
2275,359,92,10,,,,700.0,,,
2276,359,92,10,,,,700.0,,,
2277,359,92,10,,,,700.0,,,
2278,359,92,10,,,,700.0,,,
2279,359,92,10,,,,700.0,,,
2280,358,88,10,,,,707.0,,,
2281,359,88,10,,,,705.0,,,
2282,354,80,10,,,,721.0,,,
2283,354,80,10,,,,721.0,,,
2284,354,80,10,,,,721.0,,,
2285,354,80,10,,,,721.0,,,
2286,355,80,10,,,,722.0,,,
2287,355,80,10,,,,722.0,,,
2288,356,80,10,,,,723.0,,,
2289,356,80,10,,,,723.0,,,
2290,356,80,10,,,,723.0,,,
2291,356,80,10,,,,723.0,,,
2292,356,80,10,,,,723.0,,,
2293,356,80,10,,,,723.0,,,
2294,360,80,10,,,,717.0,,,
2295,361,80,10,,,,717.0,,,
2296,361,80,10,,,,718.0,,,
2297,361,80,10,,,,718.0,,,
2298,361,80,10,,,,717.0,,,
2299,361,80,10,,,,717.0,,,
2300,361,80,10,,,,717.0,,,
2301,361,80,10,,,,717.0,,,
2302,361,82,10,,,,714.0,,,
2303,362,84,10,,,,711.0,,,
2304,362,84,10,,,,710.0,,,
2305,362,84,10,,,,710.0,,,
2306,364,88,10,,,,703.0,,,
2307,364,88,10,,,,703.0,,,
2308,364,88,10,,,,703.0,,,
2309,364,88,10,,,,703.0,,,
2310,362,88,10,,,,707.0,,,
2311,362,88,10,,,,707.0,,,
2312,362,88,10,,,,707.0,,,
2313,362,88,10,,,,706.0,,,
2314,362,88,10,,,,705.0,,,
2315,362,88,10,,,,705.0,,,
2316,363,100,10,,,,691.0,,,
2317,363,103,10,,,,687.0,,,
2318,363,103,10,,,,687.0,,,
2319,363,103,10,,,,687.0,,,
2320,363,100,10,,,,695.0,,,
2321,363,100,10,,,,695.0,,,
2322,362,100,10,,,,696.0,,,
2323,362,100,10,,,,696.0,,,
2324,364,102,10,,,,692.0,,,
2325,364,102,10,,,,691.0,,,
2326,364,102,10,,,,691.0,,,
2327,364,102,10,,,,691.0,,,
2328,364,100,14,,,,691.0,,,
2329,364,100,14,,,,690.0,,,
2330,365,98,14,,,,690.0,,,
2331,366,98,14,,,,689.0,,,
2332,366,98,14,,,,689.0,,,
2333,366,98,14,,,,689.0,,,
2334,367,101,14,,,,684.0,,,
2335,367,101,14,,,,684.0,,,
2336,364,105,14,,,,684.0,,,
2337,364,105,14,,,,684.0,,,
2338,364,105,14,,,,683.0,,,
2339,365,105,14,,,,681.0,,,
2340,365,101,14,,,,688.0,,,
2341,365,101,14,,,,688.0,,,
2342,365,101,14,,,,688.0,,,
2343,365,101,14,,,,688.0,,,
2344,365,101,14,,,,688.0,,,
2345,367,103,14,,,,683.0,,,
2346,367,103,14,,,,683.0,,,
2347,368,103,14,,,,681.0,,,
2348,368,103,14,,,,681.0,,,
2349,369,103,14,,,,681.0,,,
2350,369,103,14,,,,681.0,,,
2351,369,103,14,,,,681.0,,,
2352,369,103,14,,,,681.0,,,
2353,369,103,14,,,,681.0,,,
2354,369,103,14,,,,680.0,,,
2355,369,103,14,,,,680.0,,,
2356,369,103,14,,,,680.0,,,
2357,369,103,14,,,,680.0,,,
2358,369,109,14,,,,674.0,,,
2359,370,109,14,,,,673.0,,,
2360,370,109,14,,,,672.0,,,
2361,370,109,14,,,,671.0,,,
2362,370,109,14,,,,671.0,,,
2363,371,109,18,,,,664.0,,,
2364,371,109,18,,,,664.0,,,
2365,371,109,18,,,,664.0,,,
2366,372,109,18,,,,664.0,,,
2367,371,107,18,,,,675.0,,,
2368,371,107,18,,,,675.0,,,
2369,371,107,18,,,,675.0,,,
2370,371,107,18,,,,675.0,,,
2371,371,107,18,,,,675.0,,,
2372,371,107,18,,,,675.0,,,
2373,371,107,18,,,,675.0,,,
2374,373,110,18,6,,,662.0,,,
2375,373,110,18,6,,,661.0,,,
2376,373,107,18,6,,,665.0,,,
2377,373,107,18,6,,,665.0,,,
2378,373,107,18,6,,,665.0,,,
2379,373,107,18,6,,,665.0,,,
2380,373,105,18,6,,,668.0,,,
2381,373,105,18,6,,,668.0,,,
2382,373,105,18,6,,,668.0,,,
2383,373,105,18,6,,,667.0,,,
2384,374,105,18,6,,,667.0,,,
2385,375,105,21,6,,,662.0,,,
2386,375,105,21,6,,,662.0,,,
2387,375,105,21,6,,,662.0,,,
2388,375,105,21,6,,,662.0,,,
2389,375,105,21,6,,,661.0,,,
2390,374,105,21,6,,,665.0,,,
2391,375,105,21,6,,,663.0,,,
2392,375,105,21,6,,,663.0,,,
2393,375,105,21,6,,,663.0,,,
2394,375,107,21,6,,,660.0,,,
2395,375,110,21,6,,,656.0,,,
2396,375,110,21,6,,,655.0,,,
2397,375,110,21,6,,,655.0,,,
2398,375,110,21,6,,,653.0,,,
2399,375,110,21,6,,,653.0,,,
2400,376,110,21,6,,,653.0,,,
2401,377,110,21,6,,,651.0,,,
2402,377,110,21,6,,,651.0,,,
2403,378,110,21,6,,,651.0,,,
2404,378,110,21,6,,,651.0,,,
2405,378,110,21,6,,,651.0,,,
2406,378,110,21,6,,,651.0,,,
2407,378,110,21,6,,,651.0,,,
2408,378,113,21,6,,,647.0,,,
2409,378,113,21,6,,,647.0,,,
2410,378,113,21,6,,,647.0,,,
2411,378,113,21,6,,,647.0,,,
2412,378,109,26,6,,,647.0,,,
2413,378,109,26,6,,,646.0,,,
2414,378,109,26,6,,,646.0,,,
2415,378,109,26,6,,,646.0,,,
2416,376,109,21,6,,,653.0,,,
2417,376,109,21,6,,,653.0,,,
2418,376,109,21,6,,,653.0,,,
2419,376,109,21,6,,,653.0,,,
2420,376,109,21,6,,,653.0,,,
2421,376,109,21,6,,,653.0,,,
2422,376,109,21,6,,,653.0,,,
2423,376,109,21,6,,,653.0,,,
2424,376,109,21,6,,,653.0,,,
2425,376,109,26,6,,,647.0,,,
2426,376,109,26,6,,,647.0,,,
2427,376,109,26,6,,,647.0,,,
2428,376,109,26,6,,,647.0,,,
2429,376,109,26,6,,,647.0,,,
2430,376,109,26,6,,,647.0,,,
2431,376,109,26,6,,,647.0,,,
2432,376,109,26,6,,,648.0,,,
2433,376,109,26,6,,,648.0,,,
2434,376,109,26,6,,,648.0,,,
2435,376,109,26,6,,,648.0,,,
2436,376,109,26,6,,,647.0,,,
2437,377,109,26,6,,,645.0,,,
2438,377,109,26,6,,,645.0,,,
2439,377,109,26,6,,,645.0,,,
2440,378,109,26,6,,,645.0,,,
2441,378,109,26,6,,,645.0,,,
2442,378,109,26,6,,,645.0,,,
2443,378,109,26,6,,,645.0,,,
2444,378,109,26,6,,,645.0,,,
2445,378,112,26,6,,,641.0,,,
2446,378,112,26,6,,,641.0,,,
2447,378,112,26,6,,,641.0,,,
2448,378,112,26,6,,,642.0,,,
2449,378,112,26,6,,,642.0,,,
2450,378,112,26,6,,,642.0,,,
2451,378,112,26,6,,,642.0,,,
2452,378,112,26,6,,,642.0,,,
2453,379,112,26,6,,,640.0,,,
2454,379,112,26,6,,,639.0,,,
2455,379,112,26,6,,,639.0,,,
2456,378,114,26,6,,,639.0,,,
2457,378,114,26,6,,,639.0,,,
2458,378,114,26,6,,,639.0,,,
2459,378,114,26,6,,,639.0,,,
2460,378,114,26,6,,,639.0,,,
2461,380,111,26,6,,,639.0,,,
2462,380,111,26,6,,,639.0,,,
2463,380,111,26,6,,,639.0,,,
2464,380,111,26,6,,,639.0,,,
2465,380,111,26,6,,,639.0,,,
2466,380,111,26,6,,,639.0,,,
2467,380,111,26,6,,,639.0,,,
2468,380,111,26,6,,,639.0,,,
2469,380,111,26,6,,,638.0,,,
2470,380,109,29,6,,,638.0,,,
2471,380,113,29,6,,,633.0,,,
2472,380,113,29,6,,,633.0,,,
2473,380,113,29,6,,,633.0,,,
2474,380,113,29,6,,,633.0,,,
2475,381,115,29,6,,,629.0,,,
2476,381,115,29,6,,,629.0,,,
2477,381,115,29,6,,,629.0,,,
2478,381,115,29,6,,,629.0,,,
2479,381,115,29,6,,,629.0,,,
2480,381,117,29,6,,,633.0,,,
2481,381,117,29,6,,,633.0,,,
2482,381,117,29,6,,,633.0,,,
2483,381,117,29,6,,,633.0,,,
2484,381,117,29,6,,,633.0,,,
2485,381,117,29,6,,,634.0,,,
2486,381,117,29,6,,,633.0,,,
2487,381,117,29,6,,,633.0,,,
2488,379,117,29,6,,,637.0,,,
2489,379,117,29,6,,,637.0,,,
2490,379,117,29,6,,,639.0,,,
2491,379,117,29,6,,,639.0,,,
2492,379,117,29,6,,,639.0,,,
2493,379,117,29,6,,,638.0,,,
2494,379,117,29,6,,,638.0,,,
2495,379,117,29,6,,,638.0,,,
2496,381,117,29,6,,,638.0,,,
2497,381,117,29,6,,,638.0,,,
2498,381,117,29,6,,,638.0,,,
2499,378,117,29,6,,,643.0,,,
2500,378,117,29,6,,,642.0,,,
2501,378,117,29,6,,,642.0,,,
2502,379,117,29,6,,,641.0,,,
2503,379,117,29,6,,,641.0,,,
2504,380,117,29,6,,,641.0,,,
2505,380,117,29,6,,,641.0,,,
2506,379,117,29,6,,,643.0,,,
2507,379,117,29,6,,,643.0,,,
2508,379,117,29,6,,,643.0,,,
2509,379,117,29,6,,,643.0,,,
2510,379,117,29,6,,,643.0,,,
2511,379,117,29,6,,,643.0,,,
2512,379,117,29,6,,,643.0,,,
2513,379,117,29,6,,,643.0,,,
2514,379,117,29,6,,,643.0,,,
2515,379,117,29,6,,,643.0,,,
2516,380,117,29,6,,,641.0,,,
2517,380,117,29,6,,,641.0,,,
2518,380,117,29,6,,,640.0,,,
2519,380,117,29,6,,,640.0,,,
2520,380,117,29,6,,,640.0,,,
2521,380,117,29,6,,,639.0,,,
2522,381,117,29,6,,,637.0,,,
2523,381,117,29,6,,,637.0,,,
2524,381,117,29,6,,,637.0,,,
2525,381,117,29,6,,,636.0,,,
2526,381,117,29,6,,,636.0,,,
2527,383,119,39,6,,,622.0,,,
2528,383,119,39,6,,,622.0,,,
2529,383,119,39,6,,,623.0,,,
2530,384,119,39,6,,,623.0,,,
2531,384,119,39,6,,,623.0,,,
2532,384,119,39,6,,,623.0,,,
2533,384,119,39,6,,,623.0,,,
2534,382,114,39,6,,,631.0,,,
2535,382,114,39,6,,,630.0,,,
2536,383,114,39,6,,,631.0,,,
2537,383,114,39,6,,,631.0,,,
2538,383,114,39,6,,,631.0,,,
2539,383,114,39,6,,,630.0,,,
2540,383,114,39,6,,,633.0,,,
2541,385,114,39,6,,,630.0,,,
2542,385,116,39,6,,,627.0,,,
2543,385,116,39,6,,,627.0,,,
2544,385,116,39,6,,,627.0,,,
2545,385,116,39,6,,,627.0,,,
2546,385,116,39,6,,,626.0,,,
2547,387,116,39,6,,,626.0,,,
2548,386,116,39,6,,,628.0,,,
2549,386,116,39,6,,,628.0,,,
2550,387,119,39,6,,,625.0,,,
2551,387,119,39,6,,,625.0,,,
2552,388,121,39,6,,,621.0,,,
2553,388,121,39,6,,,621.0,,,
2554,388,121,39,6,,,621.0,,,
2555,388,121,39,6,,,621.0,,,
2556,388,121,39,6,,,621.0,,,
2557,388,121,39,6,,,621.0,,,
2558,388,121,39,6,,,621.0,,,
2559,388,121,39,6,,,621.0,,,
2560,388,123,39,6,,,619.0,,,
2561,388,123,39,6,,,619.0,,,
2562,389,123,39,6,,,617.0,,,
2563,389,123,39,6,,,616.0,,,
2564,389,123,39,6,,,616.0,,,
2565,389,123,39,6,,,616.0,,,
2566,389,123,39,6,,,616.0,,,
2567,389,123,39,6,,,616.0,,,
2568,389,123,39,6,,,616.0,,,
2569,389,123,39,6,,,616.0,,,
2570,389,125,39,6,,,614.0,,,
2571,389,125,39,6,,,614.0,,,
2572,389,125,39,6,,,614.0,,,
2573,389,125,39,6,,,614.0,,,
2574,389,125,39,6,,,614.0,,,
2575,389,125,39,6,,,613.0,,,
2576,389,125,39,6,,,613.0,,,
2577,389,125,39,6,,,613.0,,,
2578,389,125,39,6,,,613.0,,,
2579,389,125,39,6,,,613.0,,,
2580,389,125,39,6,,,613.0,,,
2581,389,125,44,20,,,592.0,,,
2582,389,125,44,20,,,592.0,,,
2583,389,125,44,20,,,592.0,,,
2584,389,125,44,20,,,591.0,,,
2585,389,125,44,20,,,591.0,,,
2586,389,125,44,20,,,591.0,,,
2587,389,125,44,20,,,591.0,,,
2588,389,125,44,20,,,590.0,,,
2589,389,127,44,20,,,587.0,,,
2590,389,127,44,20,,,587.0,,,
2591,389,127,44,20,,,587.0,,,
2592,389,127,44,20,,,586.0,,,
2593,389,127,44,20,,,586.0,,,
2594,390,125,44,20,,,586.0,,,
2595,390,125,44,20,,,586.0,,,
2596,390,125,44,20,,,586.0,,,
2597,390,125,44,20,,,586.0,,,
2598,390,125,44,20,,,586.0,,,
2599,390,125,44,20,,,585.0,,,
2600,389,125,44,20,,,589.0,,,
2601,387,123,44,33,,,582.0,,,
2602,387,123,44,33,,,582.0,,,
2603,387,123,44,33,,,582.0,,,
2604,387,123,44,33,,,582.0,,,
2605,387,123,44,33,,,582.0,,,
2606,387,128,44,27,,,582.0,,,
2607,387,128,44,27,,,582.0,,,
2608,387,128,44,27,,,581.0,,,
2609,387,128,44,27,,,580.0,,,
2610,387,126,44,27,,,584.0,,,
2611,388,126,44,42,,,565.0,,,
2612,388,126,44,42,,,565.0,,,
2613,388,126,44,42,,,564.0,,,
2614,388,126,44,42,,,564.0,,,
2615,388,125,44,42,,,563.0,,,
2616,389,125,44,42,,,563.0,,,
2617,389,125,44,42,,,561.0,,,
2618,389,125,44,42,,,561.0,,,
2619,390,122,44,42,,,564.0,,,
2620,389,122,44,42,,,569.0,,,
2621,389,122,44,42,,,569.0,,,
2622,389,122,44,42,,,568.0,,,
2623,389,122,44,42,,,568.0,,,
2624,389,122,44,42,,,568.0,,,
2625,389,122,44,42,,,568.0,,,
2626,390,132,44,42,,,556.0,,,
2627,390,132,44,42,,,556.0,,,
2628,389,125,44,42,,,566.0,,,
2629,389,125,44,42,,,566.0,,,
2630,389,125,44,42,,,566.0,,,
2631,389,125,44,42,,,564.0,,,
2632,388,125,44,42,,,566.0,,,
2633,388,125,44,42,,,566.0,,,
2634,388,125,44,42,,,566.0,,,
2635,389,127,44,42,,,562.0,,,
2636,389,127,44,42,,,562.0,,,
2637,389,127,44,42,,,562.0,,,
2638,389,127,44,42,,,562.0,,,
2639,389,127,44,42,,,562.0,,,
2640,391,127,44,42,,,560.0,,,
2641,391,127,44,42,,,560.0,,,
2642,391,127,44,42,,,560.0,,,
2643,391,127,44,42,,,558.0,,,
2644,391,127,44,42,,,558.0,,,
2645,391,127,44,42,,,558.0,,,
2646,391,127,44,42,,,559.0,,,
2647,392,127,44,42,,,557.0,,,
2648,393,127,44,42,,,557.0,,,
2649,393,127,44,42,,,557.0,,,
2650,393,129,44,42,,,554.0,,,
2651,393,129,44,42,,,554.0,,,
2652,393,129,44,42,,,554.0,,,
2653,393,129,44,42,,,554.0,,,
2654,393,129,44,42,,,554.0,,,
2655,394,129,44,42,,,554.0,,,
2656,392,129,44,42,,,557.0,,,
2657,392,129,44,42,,,556.0,,,
2658,393,129,44,42,,,554.0,,,
2659,393,129,44,42,,,554.0,,,
2660,393,127,44,42,,,557.0,,,
2661,393,127,44,42,,,557.0,,,
2662,393,127,44,42,,,556.0,,,
2663,393,127,44,42,,,556.0,,,
2664,392,125,44,42,,,560.0,,,
2665,392,125,44,42,,,559.0,,,
2666,392,125,44,42,,,559.0,,,
2667,392,125,44,42,,,559.0,,,
2668,392,125,44,42,,,559.0,,,
2669,392,125,44,42,,,559.0,,,
2670,393,125,44,42,,,559.0,,,
2671,394,125,44,42,,,557.0,,,
2672,385,115,44,42,,,577.0,,,
2673,385,116,39,42,,,581.0,,,
2674,385,116,39,42,,,581.0,,,
2675,385,116,39,42,,,581.0,,,
2676,385,116,39,42,,,581.0,,,
2677,385,116,45,42,,,574.0,,,
2678,385,116,45,42,,,574.0,,,
2679,385,116,45,42,,,574.0,,,
2680,388,111,49,42,,,574.0,,,
2681,388,111,49,42,,,574.0,,,
2682,388,111,49,42,,,576.0,,,
2683,388,111,49,42,,,576.0,,,
2684,388,111,49,42,,,576.0,,,
2685,389,113,49,42,,,572.0,,,
2686,397,118,49,42,,,557.0,,,
2687,397,118,49,42,,,557.0,,,
2688,397,118,49,42,,,557.0,,,
2689,397,118,49,42,,,557.0,,,
2690,397,118,49,42,,,558.0,,,
2691,397,118,49,42,,,558.0,,,
2692,397,118,49,42,,,558.0,,,
2693,397,118,49,42,,,558.0,,,
2694,397,118,49,42,,,557.0,,,
2695,397,118,49,42,,,557.0,,,
2696,398,131,49,42,,,542.0,,,
2697,398,131,49,42,,,541.0,,,
2698,398,131,49,42,,,541.0,,,
2699,398,131,49,42,,,541.0,,,
2700,399,134,49,42,,,543.0,,,
2701,400,134,49,42,,,541.0,,,
2702,400,134,49,42,,,541.0,,,
2703,400,134,49,42,,,541.0,,,
2704,396,134,49,42,,,547.0,,,
2705,396,136,49,42,,,544.0,,,
2706,396,136,49,42,,,544.0,,,
2707,396,136,49,42,,,543.0,,,
2708,396,136,49,42,,,543.0,,,
2709,396,136,49,42,,,543.0,,,
2710,398,140,49,42,,,537.0,,,
2711,398,140,49,42,,,537.0,,,
2712,398,140,49,42,,,537.0,,,
2713,399,142,49,42,,,532.0,,,
2714,399,142,49,42,,,532.0,,,
2715,399,142,49,42,,,532.0,,,
2716,399,142,49,42,,,532.0,,,
2717,399,142,49,42,,,531.0,,,
2718,400,142,49,42,,,529.0,,,
2719,400,142,49,42,,,529.0,,,
2720,400,142,53,42,,,524.0,,,
2721,400,142,53,42,,,524.0,,,
2722,400,142,53,42,,,523.0,,,
2723,400,142,53,42,,,523.0,,,
2724,400,142,53,42,,,522.0,,,
2725,400,142,53,42,,,522.0,,,
2726,401,144,53,42,,,518.0,,,
2727,399,142,52,42,,,524.0,,,
2728,399,142,52,42,,,524.0,,,
2729,399,141,52,42,,,524.0,,,
2730,371,105,41,,,,642.0,,,
2731,371,105,41,,,,642.0,,,
2732,371,105,41,,,,642.0,,,
2733,372,103,41,,,,642.0,,,
2734,372,103,41,,,,642.0,,,
2735,372,103,41,,,,642.0,,,
2736,372,103,41,,,,643.0,,,
2737,372,103,41,,,,643.0,,,
2738,372,103,41,,,,643.0,,,
2739,372,103,41,,,,642.0,,,
2740,372,103,41,,,,642.0,,,
2741,372,103,41,,,,642.0,,,
2742,372,103,41,,,,642.0,,,
2743,372,103,41,,,,642.0,,,
2744,400,134,52,42,,,529.0,,,
2745,402,137,47,42,,,529.0,,,
2746,402,137,46,42,,,529.0,,,
2747,403,135,46,42,,,529.0,,,
2748,403,135,46,42,,,529.0,,,
2749,403,135,46,42,,,529.0,,,
2750,404,133,42,28,,,549.0,,,
2751,404,133,42,28,,,549.0,,,
2752,404,133,42,28,,,550.0,,,
2753,404,133,42,28,,,550.0,,,
2754,404,136,45,28,,,544.0,,,
2755,404,136,45,28,,,544.0,,,
2756,404,136,45,28,,,543.0,,,
2757,404,136,45,28,,,543.0,,,
2758,404,136,45,28,,,543.0,,,
2759,404,136,45,28,,,542.0,,,
2760,402,134,49,36,,,537.0,,,
2761,402,134,49,36,,,537.0,,,
2762,402,134,49,36,,,537.0,,,
2763,402,134,49,36,,,537.0,,,
2764,402,134,49,36,,,537.0,,,
2765,402,134,49,36,,,537.0,,,
2766,402,134,49,36,,,537.0,,,
2767,402,134,49,36,,,537.0,,,
2768,400,134,49,36,,,541.0,,,
2769,400,134,49,36,,,541.0,,,
2770,400,134,49,36,,,541.0,,,
2771,400,134,49,36,,,540.0,,,
2772,399,134,49,36,,,541.0,,,
2773,399,134,49,36,,,541.0,,,
2774,399,134,49,36,,,541.0,,,
2775,399,134,49,36,,,540.0,,,
2776,399,134,49,36,,,540.0,,,
2777,399,134,49,36,,,540.0,,,
2778,399,134,49,36,,,540.0,,,
2779,399,134,49,36,,,540.0,,,
2780,399,134,49,36,,,540.0,,,
2781,401,134,49,36,,,538.0,,,
2782,401,134,49,36,,,537.0,,,
2783,401,134,49,36,,,537.0,,,
2784,402,134,49,36,,,537.0,,,
2785,402,136,52,43,,,524.0,,,
2786,402,136,52,43,,,523.0,,,
2787,402,136,52,43,,,523.0,,,
2788,402,136,52,43,,,522.0,,,
2789,402,138,52,43,,,519.0,,,
2790,402,140,52,43,,,516.0,,,
2791,402,139,52,43,,,516.0,,,
2792,403,139,52,43,,,516.0,,,
2793,404,137,52,43,,,516.0,,,
2794,404,137,52,43,,,516.0,,,
2795,404,137,52,43,,,516.0,,,
2796,406,137,52,43,,,513.0,,,
2797,406,137,52,43,,,513.0,,,
2798,406,137,52,43,,,512.0,,,
2799,407,137,52,43,,,512.0,,,
2800,406,137,52,43,,,513.0,,,
2801,406,137,52,43,,,513.0,,,
2802,406,137,52,43,,,513.0,,,
2803,406,137,52,43,,,513.0,,,
2804,406,137,52,43,,,513.0,,,
2805,406,137,52,43,,,513.0,,,
2806,406,137,52,43,,,513.0,,,
2807,406,137,52,43,,,513.0,,,
2808,406,137,52,43,,,513.0,,,
2809,406,137,60,43,,,504.0,,,
2810,406,137,60,43,,,504.0,,,
2811,406,137,60,43,,,504.0,,,
2812,406,141,60,43,,,499.0,,,
2813,406,141,60,43,,,499.0,,,
2814,405,141,60,43,,,499.0,,,
2815,405,141,60,43,,,499.0,,,
2816,404,141,60,43,,,499.0,,,
2817,404,141,60,43,,,499.0,,,
2818,404,141,60,43,,,498.0,,,
2819,404,141,60,43,,,498.0,,,
2820,404,141,60,43,,,498.0,,,
2821,404,141,60,43,,,497.0,,,
2822,404,141,60,43,,,496.0,,,
2823,404,141,60,43,,,496.0,,,
2824,404,141,63,43,,,492.0,,,
2825,404,141,63,43,,,492.0,,,
2826,404,141,63,43,,,491.0,,,
2827,404,141,63,43,,,491.0,,,
2828,403,141,63,43,,,490.0,,,
2829,403,141,63,43,,,490.0,,,
2830,402,141,63,43,,,490.0,,,
2831,402,141,63,43,,,490.0,,,
2832,402,141,63,43,,,490.0,,,
2833,402,146,63,43,,,484.0,,,
2834,402,146,63,43,,,484.0,,,
2835,403,146,63,43,,,484.0,,,
2836,403,146,63,43,,,484.0,,,
2837,403,146,63,43,,,484.0,,,
2838,406,141,63,43,,,484.0,,,
2839,406,141,63,43,,,484.0,,,
2840,404,139,63,29,,,503.0,,,
2841,404,139,63,29,,,503.0,,,
2842,404,139,63,29,,,503.0,,,
2843,404,139,63,29,,,503.0,,,
2844,404,139,63,29,,,503.0,,,
2845,405,139,63,29,,,500.0,,,
2846,405,139,63,29,,,500.0,,,
2847,405,139,63,29,,,500.0,,,
2848,406,141,63,29,,,496.0,,,
2849,406,141,63,29,,,496.0,,,
2850,405,141,63,29,,,496.0,,,
2851,404,141,63,29,,,496.0,,,
2852,404,141,63,29,,,496.0,,,
2853,404,141,63,29,,,496.0,,,
2854,404,141,63,29,,,496.0,,,
2855,404,141,63,29,,,496.0,,,
2856,407,143,63,43,,,477.0,,,
2857,407,143,63,43,,,476.0,,,
2858,407,143,63,43,,,476.0,,,
2859,407,143,63,43,,,476.0,,,
2860,407,143,63,43,,,475.0,,,
2861,407,143,63,43,,,475.0,,,
2862,407,143,63,43,,,475.0,,,
2863,407,143,63,43,,,475.0,,,
2864,407,143,63,43,,,475.0,,,
2865,407,143,63,43,,,475.0,,,
2866,407,143,63,43,,,475.0,,,
2867,407,143,63,43,,,475.0,,,
2868,408,143,63,43,,,472.0,,,
2869,408,143,63,43,,,472.0,,,
2870,406,140,57,43,,,485.0,,,
2871,406,140,57,43,,,485.0,,,
2872,406,140,57,43,,,485.0,,,
2873,406,140,64,43,,,477.0,,,
2874,406,140,64,43,,,477.0,,,
2875,407,142,60,43,,,477.0,,,
2876,407,142,60,43,,,477.0,,,
2877,408,149,60,43,,,468.0,,,
2878,408,148,60,43,,,468.0,,,
2879,411,151,66,43,,,454.0,,,
2880,410,142,66,43,,,468.0,,,
2881,410,142,66,43,,,468.0,,,
2882,411,142,66,43,,,465.0,,,
2883,411,142,66,43,,,465.0,,,
2884,411,142,66,43,,,465.0,,,
2885,411,142,66,43,,,465.0,,,
2886,411,148,59,43,,,465.0,,,
2887,411,148,59,43,,,465.0,,,
2888,413,148,59,43,,,465.0,,,
2889,415,145,59,43,,,465.0,,,
2890,416,145,59,43,,,465.0,,,
2891,416,145,59,43,,,465.0,,,
2892,419,150,59,43,,,455.0,,,
2893,419,150,59,43,,,455.0,,,
2894,419,150,59,43,,,455.0,,,
2895,421,148,59,43,,,453.0,,,
2896,422,148,59,43,,,451.0,,,
2897,422,148,59,43,,,451.0,,,
2898,422,148,59,43,,,451.0,,,
2899,422,148,59,43,,,451.0,,,
2900,423,148,59,43,,,451.0,,,
2901,423,148,65,36,,,451.0,,,
2902,423,148,86,36,,,429.0,,,
2903,423,148,86,36,,,429.0,,,
2904,423,148,94,36,,,420.0,,,
2905,423,148,94,36,,,420.0,,,
2906,423,148,94,36,,,420.0,,,
2907,423,148,94,36,,,420.0,,,
2908,423,148,94,36,,,420.0,,,
2909,423,148,94,36,,,420.0,,,
2910,423,148,94,31,,,425.0,,,
2911,423,148,94,31,,,425.0,,,
2912,425,145,94,31,,,424.0,,,
2913,425,145,94,31,,,424.0,,,
2914,425,145,94,31,,,424.0,,,
2915,426,147,94,31,,,420.0,,,
2916,426,147,94,31,,,420.0,,,
2917,428,147,91,31,,,420.0,,,
2918,429,152,92,31,,,411.0,,,
2919,429,152,92,31,,,411.0,,,
2920,429,150,92,31,,,414.0,,,
2921,429,150,92,31,,,414.0,,,
2922,429,150,92,31,,,414.0,,,
2923,429,150,92,31,,,414.0,,,
2924,429,150,92,31,,,414.0,,,
2925,429,150,92,31,,,414.0,,,
2926,429,150,92,31,,,414.0,,,
2927,429,155,92,31,,,408.0,,,
2928,429,155,92,31,,,408.0,,,
2929,429,155,92,31,,,407.0,,,
2930,430,163,82,31,,,407.0,,,
2931,432,160,82,31,,,407.0,,,
2932,432,160,82,31,,,406.0,,,
2933,432,160,82,31,,,406.0,,,
2934,432,160,82,31,,,406.0,,,
2935,432,160,82,31,,,406.0,,,
2936,432,160,82,31,,,406.0,,,
2937,432,160,82,31,,,406.0,,,
2938,432,159,82,31,,,406.0,,,
2939,432,159,82,31,,,406.0,,,
2940,433,159,82,31,,,406.0,,,
2941,433,159,82,31,,,406.0,,,
2942,434,159,82,31,,,404.0,,,
2943,434,159,82,31,,,404.0,,,
2944,434,159,82,31,,,404.0,,,
2945,434,159,82,31,,,404.0,,,
2946,434,161,82,31,,,400.0,,,
2947,434,161,82,31,,,400.0,,,
2948,434,161,82,31,,,400.0,,,
2949,434,161,82,31,,,400.0,,,
2950,435,161,82,31,,,400.0,,,
2951,435,161,82,31,,,400.0,,,
2952,436,161,82,31,,,400.0,,,
2953,436,161,82,31,,,400.0,,,
2954,436,161,82,31,,,400.0,,,
2955,436,161,82,31,,,400.0,,,
2956,436,161,82,31,,,400.0,,,
2957,436,161,82,31,,,400.0,,,
2958,439,157,82,31,,,400.0,,,
2959,439,157,82,31,,,400.0,,,
2960,439,150,82,31,7,,401.0,,,
2961,439,153,82,31,7,,397.0,,,
2962,439,153,82,31,7,,397.0,,,
2963,439,153,82,31,7,,397.0,,,
2964,440,160,82,31,7,,387.0,,,
2965,440,160,82,31,7,,386.0,,,
2966,440,160,82,31,7,,386.0,,,
2967,441,160,82,31,7,,384.0,,,
2968,441,160,82,31,7,,384.0,,,
2969,441,160,82,31,7,,384.0,,,
2970,442,160,82,31,7,,384.0,,,
2971,442,160,82,31,7,,384.0,,,
2972,442,160,82,31,7,,384.0,,,
2973,442,160,82,31,7,,384.0,,,
2974,442,160,82,55,7,,359.0,,,
2975,442,164,82,55,7,,354.0,,,
2976,442,166,82,55,7,,351.0,,,
2977,442,166,82,55,7,,351.0,,,
2978,442,166,82,55,7,,351.0,,,
2979,442,166,82,55,7,,351.0,,,
2980,442,166,82,55,7,,351.0,,,
2981,442,166,82,55,7,,350.0,,,
2982,442,166,82,55,7,,350.0,,,
2983,442,166,82,55,7,,349.0,,,
2984,442,166,82,55,7,,349.0,,,
2985,443,166,82,55,7,,347.0,,,
2986,443,166,82,55,7,,347.0,,,
2987,443,166,82,55,7,,347.0,,,
2988,443,166,82,55,7,,347.0,,,
2989,443,166,82,55,7,,347.0,,,
2990,443,166,82,55,7,,347.0,,,
2991,443,166,82,55,7,,347.0,,,
2992,443,166,82,55,7,,346.0,,,
2993,443,166,82,55,7,,346.0,,,
2994,443,166,82,55,7,,346.0,,,
2995,444,166,82,55,7,,344.0,,,
2996,446,166,91,55,7,,332.0,,,
2997,444,163,91,61,7,,332.0,,,
2998,444,163,91,61,7,,332.0,,,
2999,444,163,91,61,7,,332.0,,,
3000,444,163,91,61,7,,332.0,,,
3001,444,163,91,61,7,,332.0,,,
3002,444,163,91,61,7,,332.0,,,
3003,444,163,91,61,7,,332.0,,,
3004,444,168,85,61,7,,332.0,,,
3005,444,168,85,61,7,,332.0,,,
3006,444,168,85,61,7,,332.0,,,
3007,445,175,76,61,7,,332.0,,,
3008,445,175,76,61,7,,332.0,,,
3009,445,175,76,61,7,,332.0,,,
3010,445,175,76,61,7,,332.0,,,
3011,445,175,76,61,7,,332.0,,,
3012,445,175,76,67,,,332.0,,,
3013,445,175,76,67,,,332.0,,,
3014,445,175,76,67,,,332.0,,,
3015,445,175,76,67,,,332.0,,,
3016,445,175,76,67,,,332.0,,,
3017,445,175,76,67,,,332.0,,,
3018,445,175,76,67,,,332.0,,,
3019,445,175,76,67,,,332.0,,,
3020,444,175,76,79,,,322.0,,,
3021,444,175,76,78,,,322.0,,,
3022,444,175,76,78,,,322.0,,,
3023,444,175,76,78,,,322.0,,,
3024,444,175,76,78,,,322.0,,,
3025,444,175,76,78,,,322.0,,,
3026,444,175,76,78,,,321.0,,,
3027,444,175,76,78,,,321.0,,,
3028,444,175,76,78,,,321.0,,,
3029,444,175,76,78,,,321.0,,,
3030,446,177,79,72,,,321.0,,,
3031,446,177,79,72,,,321.0,,,
3032,447,175,79,72,,,321.0,,,
3033,445,175,79,72,,,324.0,,,
3034,445,175,79,72,,,324.0,,,
3035,445,175,84,66,,,324.0,,,
3036,445,175,84,66,,,324.0,,,
3037,445,175,84,66,,,324.0,,,
3038,446,175,87,61,,,324.0,,,
3039,447,175,92,54,,,324.0,,,
3040,447,175,92,54,,,325.0,,,
3041,447,175,92,54,,,325.0,,,
3042,447,175,92,54,,,325.0,,,
3043,449,175,92,54,,,322.0,,,
3044,449,175,92,54,,,322.0,,,
3045,449,177,89,54,,,322.0,,,
3046,449,177,89,54,,,322.0,,,
3047,449,177,89,54,,,322.0,,,
3048,451,180,89,48,,,322.0,,,
3049,451,180,89,48,,,322.0,,,
3050,452,180,89,48,,,322.0,,,
3051,453,180,89,48,,,320.0,,,
3052,453,180,89,48,,,320.0,,,
3053,453,187,89,48,,,312.0,,,
3054,453,187,89,48,,,312.0,,,
3055,453,187,89,48,,,311.0,,,
3056,453,187,89,48,,,311.0,,,
3057,453,187,89,48,,,311.0,,,
3058,453,187,89,48,,,311.0,,,
3059,453,191,84,48,,,311.0,,,
3060,453,191,84,54,,,304.0,,,
3061,453,191,84,54,,,303.0,,,
3062,453,191,84,54,,,303.0,,,
3063,454,191,84,54,,,301.0,,,
3064,454,191,84,54,,,301.0,,,
3065,454,191,84,54,,,301.0,,,
3066,454,191,84,54,,,301.0,,,
3067,454,191,84,54,,,301.0,,,
3068,454,191,84,54,,,301.0,,,
3069,454,191,84,54,,,301.0,,,
3070,456,188,84,54,,,301.0,,,
3071,456,188,84,54,,,301.0,,,
3072,456,188,84,54,,,301.0,,,
3073,456,188,84,54,,,301.0,,,
3074,458,188,84,54,,,298.0,,,
3075,458,188,84,54,,,298.0,,,
3076,458,188,84,54,,,298.0,,,
3077,458,188,84,54,,,298.0,,,
3078,459,188,84,54,,,298.0,,,
3079,459,188,84,54,,,298.0,,,
3080,459,188,84,54,,,298.0,,,
3081,459,188,84,54,,,297.0,,,
3082,459,188,84,54,,,297.0,,,
3083,459,188,84,54,,,297.0,,,
3084,459,188,84,54,,,297.0,,,
3085,459,188,84,54,,,297.0,,,
3086,459,188,84,54,,,297.0,,,
3087,459,188,84,54,,,297.0,,,
3088,460,191,84,54,,,292.0,,,
3089,460,191,84,54,,,292.0,,,
3090,461,193,80,53,,,292.0,,,
3091,461,193,80,53,,,292.0,,,
3092,461,193,80,53,,,292.0,,,
3093,461,193,80,53,,,292.0,,,
3094,461,193,80,53,,,292.0,,,
3095,461,193,80,109,,,235.0,,,
3096,461,193,80,109,,,235.0,,,
3097,461,193,80,109,,,235.0,,,
3098,461,193,80,109,,,235.0,,,
3099,462,198,80,109,,227.0,,,,
3100,462,198,80,109,,227.0,,,,
3101,462,198,80,109,,227.0,,,,
3102,462,198,80,109,,227.0,,,,
3103,462,198,80,109,,227.0,,,,
3104,462,198,80,139,,196.0,,,,
3105,457,204,80,139,,196.0,,,,
3106,457,204,80,139,,196.0,,,,
3107,458,204,80,139,,193.0,,,,
3108,458,204,80,139,,193.0,,,,
3109,458,204,80,139,,193.0,,,,
3110,459,204,80,139,,193.0,,,,
3111,459,204,80,139,,193.0,,,,
3112,459,204,80,139,,193.0,,,,
3113,459,204,80,139,,193.0,,,,
3114,459,204,80,139,,193.0,,,,
3115,459,204,80,139,,193.0,,,,
3116,459,204,94,124,,193.0,,,,
3117,459,204,94,124,,193.0,,,,
3118,459,204,94,124,,193.0,,,,
3119,459,204,94,124,,193.0,,,,
3120,464,198,96,125,,193.0,,,,
3121,464,198,96,125,,193.0,,,,
3122,464,198,96,125,,193.0,,,,
3123,464,198,80,125,,210.0,,,,
3124,464,198,80,125,,210.0,,,,
3125,464,198,80,125,,210.0,,,,
3126,464,198,80,125,,210.0,,,,
3127,464,205,80,125,,202.0,,,,
3128,464,210,80,125,,196.0,,,,
3129,464,210,80,125,,196.0,,,,
3130,465,210,80,125,,196.0,,,,
3131,465,210,80,125,,196.0,,,,
3132,465,210,77,125,,199.0,,,,
3133,465,210,77,125,,199.0,,,,
3134,465,210,77,125,,199.0,,,,
3135,465,210,77,125,,199.0,,,,
3136,465,210,77,125,,199.0,,,,
3137,465,210,77,125,,199.0,,,,
3138,465,210,77,125,,199.0,,,,
3139,465,210,77,125,,199.0,,,,
3140,465,210,77,125,,198.0,,,,
3141,465,210,77,125,,198.0,,,,
3142,465,210,77,125,,198.0,,,,
3143,465,210,77,125,,198.0,,,,
3144,465,210,77,125,,198.0,,,,
3145,465,210,77,125,,198.0,,,,
3146,465,210,77,125,,198.0,,,,
3147,465,210,77,125,,198.0,,,,
3148,466,214,77,125,,192.0,,,,
3149,466,214,77,125,,192.0,,,,
3150,467,214,77,125,,190.0,,,,
3151,467,214,77,125,,190.0,,,,
3152,468,214,77,125,,188.0,,,,
3153,468,214,77,125,,188.0,,,,
3154,468,214,77,125,,188.0,,,,
3155,468,214,77,125,,188.0,,,,
3156,468,214,77,125,,188.0,,,,
3157,468,214,77,125,,188.0,,,,
3158,468,214,77,125,,188.0,,,,
3159,468,211,77,125,,192.0,,,,
3160,468,211,77,125,,192.0,,,,
3161,468,211,77,124,,192.0,,,,
3162,468,211,77,124,,192.0,,,,
3163,468,211,77,124,,192.0,,,,
3164,470,211,85,114,,190.0,,,,
3165,470,211,85,114,,190.0,,,,
3166,471,211,88,114,,185.0,,,,
3167,471,211,88,114,,185.0,,,,
3168,472,209,88,114,,185.0,,,,
3169,472,212,88,114,,181.0,,,,
3170,472,212,88,114,,181.0,,,,
3171,472,212,88,114,,180.0,,,,
3172,472,212,88,114,,180.0,,,,
3173,472,212,88,114,,180.0,,,,
3174,472,219,80,114,,180.0,,,,
3175,472,219,80,114,,180.0,,,,
3176,472,219,80,114,,180.0,,,,
3177,474,219,80,114,,176.0,,,,
3178,474,219,80,114,,176.0,,,,
3179,474,219,80,114,,176.0,,,,
3180,475,219,80,114,,176.0,,,,
3181,475,219,80,114,,176.0,,,,
3182,475,219,80,114,,176.0,,,,
3183,475,219,80,114,,176.0,,,,
3184,476,217,80,114,,176.0,,,,
3185,476,217,80,114,,176.0,,,,
3186,472,224,80,111,,176.0,,,,
3187,472,224,80,111,,176.0,,,,
3188,472,224,80,111,,176.0,,,,
3189,472,224,80,111,,176.0,,,,
3190,472,230,80,104,,176.0,,,,
3191,472,230,80,104,,176.0,,,,
3192,472,230,80,104,,176.0,,,,
3193,474,234,72,104,,176.0,,,,
3194,474,234,88,104,,159.0,,,,
3195,473,229,95,104,,159.0,,,,
3196,473,229,95,104,,159.0,,,,
3197,473,229,95,104,,159.0,,,,
3198,474,229,95,102,,159.0,,,,
3199,474,229,95,102,,159.0,,,,
3200,475,229,95,102,,159.0,,,,
3201,477,231,95,97,,159.0,,,,
3202,478,231,95,97,,157.0,,,,
3203,478,231,95,97,,157.0,,,,
3204,478,231,95,97,,157.0,,,,
3205,478,231,95,97,,157.0,,,,
3206,478,231,95,97,,157.0,,,,
3207,478,231,95,97,,157.0,,,,
3208,478,231,95,97,,157.0,,,,
3209,483,231,88,97,,157.0,,,,
3210,483,231,88,97,,157.0,,,,
3211,483,231,88,97,,157.0,,,,
3212,483,231,88,97,,157.0,,,,
3213,483,231,88,97,,157.0,,,,
3214,483,231,88,97,,156.0,,,,
3215,483,231,88,97,,156.0,,,,
3216,483,231,88,97,,156.0,,,,
3217,483,231,88,97,,156.0,,,,
3218,483,231,88,97,,156.0,,,,
3219,484,233,84,97,,156.0,,,,
3220,486,235,84,97,,156.0,,,,
3221,486,234,84,97,,156.0,,,,
3222,486,234,84,97,,156.0,,,,
3223,486,234,84,97,,156.0,,,,
3224,486,234,84,97,,156.0,,,,
3225,486,234,84,97,,156.0,,,,
3226,486,234,84,108,,144.0,,,,
3227,486,234,84,108,,144.0,,,,
3228,488,231,84,108,,144.0,,,,
3229,488,231,84,108,,144.0,,,,
3230,489,231,84,108,,144.0,,,,
3231,489,231,84,108,,144.0,,,,
3232,489,231,84,108,,144.0,,,,
3233,489,231,84,108,,144.0,,,,
3234,489,231,84,108,,144.0,,,,
3235,489,231,84,108,,144.0,,,,
3236,489,231,84,108,,143.0,,,,
3237,489,231,84,107,,143.0,,,,
3238,489,231,84,107,,143.0,,,,
3239,489,230,84,107,,143.0,,,,
3240,489,230,84,107,,143.0,,,,
3241,489,230,84,128,,120.0,,,,
3242,489,230,84,128,,119.0,,,,
3243,489,230,84,128,,119.0,,,,
3244,489,230,84,128,,119.0,,,,
3245,490,236,84,120,,119.0,,,,
3246,490,236,84,120,,119.0,,,,
3247,490,236,84,120,,119.0,,,,
3248,490,236,84,120,,119.0,,,,
3249,490,236,84,120,,119.0,,,,
3250,487,236,84,126,,118.0,,,,
3251,487,236,84,125,,118.0,,,,
3252,487,236,84,125,,118.0,,,,
3253,487,236,84,125,,117.0,,,,
3254,487,236,84,125,,117.0,,,,
3255,487,236,84,125,,117.0,,,,
3256,487,236,84,124,,117.0,,,,
3257,487,236,84,124,,117.0,,,,
3258,487,236,84,124,,117.0,,,,
3259,488,238,90,114,,117.0,,,,
3260,488,238,90,114,,117.0,,,,
3261,488,238,90,114,,117.0,,,,
3262,488,238,90,114,,117.0,,,,
3263,488,242,85,114,,117.0,,,,
3264,488,242,85,114,,117.0,,,,
3265,488,246,79,114,,117.0,,,,
3266,491,242,79,114,,117.0,,,,
3267,491,242,79,114,,117.0,,,,
3268,491,242,79,114,,117.0,,,,
3269,494,242,79,110,,117.0,,,,
3270,494,242,79,110,,117.0,,,,
3271,494,245,79,110,,113.0,,,,
3272,494,245,79,110,,113.0,,,,
3273,495,248,79,105,,113.0,,,,
3274,496,250,79,105,,109.0,,,,
3275,496,250,79,105,,109.0,,,,
3276,496,250,79,105,,109.0,,,,
3277,497,250,79,105,,107.0,,,,
3278,497,250,79,105,,107.0,,,,
3279,497,271,79,83,,107.0,,,,
3280,497,271,79,83,,107.0,,,,
3281,497,271,79,82,,107.0,,,,
3282,497,271,79,82,,107.0,,,,
3283,498,269,79,82,,107.0,,,,
3284,498,269,79,82,,107.0,,,,
3285,498,269,79,82,,107.0,,,,
3286,500,266,79,82,14,92.0,,,,
3287,500,266,79,82,14,92.0,,,,
3288,500,266,79,82,14,92.0,,,,
3289,501,266,79,80,14,92.0,,,,
3290,501,266,77,80,,108.0,,,,
3291,501,266,77,80,,108.0,,,,
3292,501,266,77,80,,108.0,,,,
3293,501,266,77,80,,108.0,,,,
3294,501,266,77,80,,108.0,,,,
3295,501,266,77,80,,108.0,,,,
3296,501,266,77,80,,108.0,,,,
3297,501,266,77,80,,108.0,,,,
3298,502,269,77,75,,108.0,,,,
3299,502,269,77,75,,108.0,,,,
3300,504,266,77,75,,109.0,,,,
3301,504,266,77,75,,109.0,,,,
3302,504,266,77,75,,109.0,,,,
3303,504,266,77,75,,109.0,,,,
3304,504,266,82,69,,109.0,,,,
3305,504,266,82,69,,109.0,,,,
3306,504,268,82,69,14,92.0,,,,
3307,504,268,82,69,14,92.0,,,,
3308,504,268,82,69,14,92.0,,,,
3309,504,268,82,69,14,92.0,,,,
3310,504,268,82,69,14,93.0,,,,
3311,505,268,80,69,14,93.0,,,,
3312,505,268,80,69,14,93.0,,,,
3313,505,268,80,69,14,93.0,,,,
3314,505,268,80,69,14,93.0,,,,
3315,505,268,80,69,14,93.0,,,,
3316,505,268,80,69,37,69.0,,,,
3317,505,268,80,69,37,69.0,,,,
3318,505,268,80,69,37,69.0,,,,
3319,506,268,80,69,37,67.0,,,,
3320,501,263,92,69,37,67.0,,,,
3321,501,263,92,69,37,67.0,,,,
3322,501,263,92,69,37,67.0,,,,
3323,501,263,92,69,37,67.0,,,,
3324,501,263,92,82,23,67.0,,,,
3325,502,263,90,82,23,67.0,,,,
3326,502,263,90,82,23,67.0,,,,
3327,502,263,90,82,23,67.0,,,,
3328,502,263,90,82,23,67.0,,,,
3329,502,263,90,82,23,67.0,,,,
3330,502,263,90,82,23,67.0,,,,
3331,502,263,90,82,23,67.0,,,,
3332,502,263,90,82,23,67.0,,,,
3333,502,263,90,82,23,67.0,,,,
3334,502,263,90,82,23,67.0,,,,
3335,502,263,90,82,23,67.0,,,,
3336,502,263,90,81,23,67.0,,,,
3337,502,263,89,80,23,67.0,,,,
3338,502,263,89,80,23,67.0,,,,
3339,502,263,89,79,23,67.0,,,,
3340,499,261,95,79,23,67.0,,,,
3341,499,261,95,79,23,67.0,,,,
3342,499,261,95,79,23,67.0,,,,
3343,499,261,95,79,23,67.0,,,,
3344,499,260,95,79,23,67.0,,,,
3345,499,260,95,79,23,67.0,,,,
3346,499,260,95,79,23,67.0,,,,
3347,499,260,95,79,23,67.0,,,,
3348,499,260,95,79,23,67.0,,,,
3349,503,265,85,79,23,67.0,,,,
3350,503,267,82,79,23,67.0,,,,
3351,503,267,82,79,23,67.0,,,,
3352,507,261,82,79,23,67.0,,,,
3353,507,261,82,79,23,67.0,,,,
3354,508,261,82,108,23,36.0,,,,
3355,508,261,82,108,23,36.0,,,,
3356,509,264,82,103,23,36.0,,,,
3357,509,264,82,103,23,36.0,,,,
3358,509,264,82,103,23,36.0,,,,
3359,509,264,94,90,23,36.0,,,,
3360,507,264,89,90,31,36.0,,,,
3361,510,266,83,90,31,36.0,,,,
3362,510,266,83,90,31,36.0,,,,
3363,511,264,83,90,31,36.0,,,,
3364,511,264,83,90,31,36.0,,,,
3365,511,264,83,90,31,36.0,,,,
3366,511,264,83,90,31,36.0,,,,
3367,511,264,83,90,31,36.0,,,,
3368,511,264,83,90,31,36.0,,,,
3369,511,264,83,90,31,36.0,,,,
3370,511,262,83,90,34,36.0,,,,
3371,511,262,83,90,34,36.0,,,,
3372,511,262,83,90,34,36.0,,,,
3373,512,262,87,84,34,36.0,,,,
3374,512,262,87,84,34,36.0,,,,
3375,512,262,87,84,34,36.0,,,,
3376,512,262,87,84,34,36.0,,,,
3377,514,262,92,84,26,36.0,,,,
3378,514,262,92,109,,36.0,,,,
3379,514,262,92,109,,36.0,,,,
3380,510,264,92,113,,36.0,,,,
3381,510,264,92,113,,36.0,,,,
3382,510,264,92,113,,36.0,,,,
3383,510,264,92,113,,36.0,,,,
3384,510,264,92,113,,36.0,,,,
3385,510,264,92,113,,36.0,,,,
3386,510,264,92,113,,36.0,,,,
3387,510,264,92,113,,36.0,,,,
3388,510,264,92,113,,35.0,,,,
3389,510,264,92,113,,35.0,,,,
3390,510,264,76,131,,35.0,,,,
3391,510,264,76,131,,35.0,,,,
3392,511,264,74,131,,35.0,,,,
3393,511,264,74,131,,35.0,,,,
3394,511,264,74,131,,35.0,,,,
3395,511,264,74,131,,35.0,,,,
3396,511,264,74,131,,35.0,,,,
3397,511,264,74,131,,35.0,,,,
3398,511,264,74,131,,35.0,,,,
3399,512,264,74,128,,35.0,,,,
3400,511,264,74,130,,35.0,,,,
3401,512,268,68,130,,35.0,,,,
3402,512,268,68,130,,35.0,,,,
3403,512,268,68,130,,35.0,,,,
3404,512,268,68,130,,35.0,,,,
3405,512,268,68,130,,35.0,,,,
3406,512,268,68,130,,35.0,,,,
3407,513,268,84,112,,35.0,,,,
3408,513,268,84,112,,35.0,,,,
3409,513,268,84,112,,35.0,,,,
3410,513,268,84,112,,35.0,,,,
3411,513,268,84,112,,35.0,,,,
3412,513,270,84,109,,35.0,,,,
3413,515,273,84,103,,35.0,,,,
3414,515,273,84,103,,35.0,,,,
3415,517,270,84,103,,35.0,,,,
3416,517,270,84,102,,35.0,,,,
3417,518,268,84,102,,35.0,,,,
3418,518,268,84,102,,35.0,,,,
3419,518,268,84,102,,35.0,,,,
3420,518,268,84,102,,35.0,,,,
3421,518,268,84,102,,35.0,,,,
3422,518,268,84,102,,35.0,,,,
3423,518,268,84,102,,35.0,,,,
3424,518,268,84,102,,35.0,,,,
3425,518,268,84,102,,35.0,,,,
3426,518,268,84,102,,35.0,,,,
3427,518,268,84,102,,35.0,,,,
3428,519,268,84,102,,33.0,,,,
3429,519,268,84,102,,33.0,,,,
3430,520,268,84,102,,33.0,,,,
3431,520,268,84,102,,33.0,,,,
3432,520,268,84,102,,33.0,,,,
3433,520,268,84,102,,33.0,,,,
3434,520,268,84,102,,33.0,,,,
3435,520,268,84,102,,33.0,,,,
3436,520,268,84,102,,33.0,,,,
3437,521,272,78,101,,33.0,,,,
3438,521,272,86,92,,33.0,,,,
3439,521,272,86,92,,33.0,,,,
3440,521,270,89,92,,33.0,,,,
3441,521,270,89,91,,33.0,,,,
3442,521,270,89,91,,33.0,,,,
3443,523,267,89,91,,33.0,,,,
3444,523,267,89,91,,33.0,,,,
3445,523,267,89,91,,33.0,,,,
3446,523,267,89,91,,33.0,,,,
3447,523,267,89,91,,33.0,,,,
3448,523,267,89,90,,33.0,,,,
3449,523,267,89,90,,33.0,,,,
3450,525,267,89,88,,33.0,,,,
3451,525,267,89,88,,33.0,,,,
3452,525,267,89,88,,33.0,,,,
3453,525,267,89,88,,33.0,,,,
3454,525,267,89,88,,33.0,,,,
3455,525,267,89,88,,33.0,,,,
3456,525,267,89,88,,33.0,,,,
3457,525,267,89,88,,33.0,,,,
3458,525,267,89,88,,33.0,,,,
3459,525,267,89,88,,33.0,,,,
3460,520,273,89,88,,33.0,,,,
3461,520,273,89,88,,33.0,,,,
3462,520,273,89,88,,33.0,,,,
3463,520,273,89,86,,33.0,,,,
3464,520,273,89,86,,33.0,,,,
3465,520,273,89,86,,33.0,,,,
3466,525,273,89,82,,30.0,,,,
3467,525,273,89,82,,30.0,,,,
3468,525,273,89,82,,30.0,,,,
3469,525,273,89,82,,30.0,,,,
3470,522,264,89,97,,30.0,,,,
3471,522,264,89,97,,30.0,,,,
3472,522,264,89,97,,30.0,,,,
3473,522,264,89,97,,30.0,,,,
3474,524,270,84,92,,30.0,,,,
3475,524,270,84,92,,30.0,,,,
3476,524,270,84,92,,30.0,,,,
3477,524,270,84,92,,30.0,,,,
3478,524,270,84,92,,30.0,,,,
3479,529,264,84,92,,30.0,,,,
3480,532,264,84,90,,30.0,,,,
3481,533,271,84,81,,30.0,,,,
3482,533,271,84,81,,30.0,,,,
3483,534,269,84,81,,30.0,,,,
3484,537,273,81,75,,30.0,,,,
3485,538,271,81,75,,30.0,,,,
3486,538,270,81,75,,30.0,,,,
3487,538,270,81,75,,30.0,,,,
3488,538,273,77,75,,30.0,,,,
3489,538,273,77,75,,30.0,,,,
3490,535,275,80,75,,30.0,,,,
3491,535,275,80,75,,30.0,,,,
3492,535,275,80,75,,30.0,,,,
3493,535,275,80,75,,30.0,,,,
3494,535,275,80,74,,30.0,,,,
3495,535,275,80,74,,30.0,,,,
3496,535,275,80,74,,30.0,,,,
3497,535,275,80,74,,30.0,,,,
3498,535,275,80,74,,30.0,,,,
3499,536,273,80,74,,30.0,,,,
3500,538,267,83,74,,30.0,,,,
3501,538,267,83,74,,30.0,,,,
3502,540,264,83,74,,30.0,,,,
3503,540,264,83,74,,30.0,,,,
3504,542,264,80,74,,30.0,,,,
3505,542,264,80,74,,30.0,,,,
3506,542,264,80,74,,30.0,,,,
3507,544,261,79,74,,30.0,,,,
3508,544,261,79,74,,30.0,,,,
3509,546,258,79,74,,30.0,,,,
3510,546,258,79,74,,30.0,,,,
3511,546,258,79,74,,30.0,,,,
3512,548,255,79,74,,30.0,,,,
3513,548,254,79,74,,30.0,,,,
3514,549,254,77,74,,30.0,,,,
3515,549,254,77,74,,30.0,,,,
3516,549,254,77,74,,30.0,,,,
3517,551,251,77,74,,30.0,,,,
3518,551,251,77,74,,30.0,,,,
3519,552,249,77,74,,30.0,,,,
3520,551,251,77,74,,30.0,,,,
3521,552,251,77,74,,28.0,,,,
3522,552,251,77,74,,28.0,,,,
3523,552,251,76,74,,28.0,,,,
3524,552,251,76,74,,28.0,,,,
3525,552,251,76,73,,28.0,,,,
3526,553,249,76,73,,28.0,,,,
3527,555,249,76,70,,28.0,,,,
3528,555,249,76,70,,28.0,,,,
3529,555,247,76,70,,28.0,,,,
3530,546,231,73,112,,28.0,,,,
3531,546,231,73,112,,28.0,,,,
3532,545,231,73,112,,28.0,,,,
3533,545,231,73,112,,28.0,,,,
3534,545,231,73,112,,28.0,,,,
3535,545,231,73,112,,28.0,,,,
3536,545,231,73,112,,28.0,,,,
3537,545,231,73,112,,28.0,,,,
3538,545,231,73,112,,28.0,,,,
3539,553,233,94,80,,28.0,,,,
3540,553,233,94,80,,28.0,,,,
3541,553,233,94,80,,28.0,,,,
3542,553,233,94,80,,28.0,,,,
3543,553,233,94,80,,28.0,,,,
3544,554,236,88,80,,28.0,,,,
3545,554,236,88,80,,28.0,,,,
3546,554,236,88,80,,28.0,,,,
3547,554,236,88,80,,28.0,,,,
3548,555,236,88,78,,28.0,,,,
3549,556,240,82,78,,28.0,,,,
3550,556,240,82,78,,28.0,,,,
3551,556,240,82,78,,28.0,,,,
3552,556,248,73,78,,28.0,,,,
3553,556,248,73,78,,28.0,,,,
3554,556,248,73,78,,28.0,,,,
3555,556,248,73,78,,28.0,,,,
3556,556,248,73,78,,28.0,,,,
3557,556,248,73,78,,28.0,,,,
3558,558,245,73,78,,28.0,,,,
3559,559,245,82,67,,28.0,,,,
3560,559,245,82,67,,28.0,,,,
3561,559,249,76,67,,28.0,,,,
3562,559,249,76,67,,28.0,,,,
3563,559,249,76,67,,28.0,,,,
3564,559,249,76,67,,28.0,,,,
3565,559,249,76,67,,28.0,,,,
3566,560,247,76,67,,28.0,,,,
3567,560,247,76,67,,28.0,,,,
3568,560,247,76,67,,28.0,,,,
3569,560,247,76,67,,28.0,,,,
3570,556,244,85,67,,28.0,,,,
3571,556,244,85,67,,28.0,,,,
3572,558,240,85,67,,28.0,,,,
3573,558,240,85,67,,28.0,,,,
3574,557,240,85,67,,28.0,,,,
3575,557,240,85,67,,28.0,,,,
3576,556,240,85,67,,28.0,,,,
3577,561,243,76,67,,28.0,,,,
3578,560,243,76,67,,28.0,,,,
3579,559,243,76,67,,28.0,,,,
3580,555,239,83,67,,28.0,,,,
3581,555,239,83,67,,28.0,,,,
3582,555,239,83,67,,28.0,,,,
3583,555,239,83,67,,28.0,,,,
3584,556,241,86,59,,28.0,,,,
3585,556,241,86,59,,28.0,,,,
3586,557,239,86,59,,28.0,,,,
3587,556,239,86,59,,28.0,,,,
3588,558,243,79,59,,28.0,,,,
3589,558,243,79,59,,28.0,,,,
3590,559,241,79,59,,28.0,,,,
3591,559,241,79,59,,28.0,,,,
3592,559,241,79,59,,28.0,,,,
3593,561,238,79,59,,28.0,,,,
3594,561,238,79,59,,28.0,,,,
3595,564,233,79,59,,28.0,,,,
3596,566,230,79,59,,28.0,,,,
3597,566,230,79,59,,28.0,,,,
3598,566,230,79,59,,28.0,,,,
3599,566,230,79,59,,28.0,,,,
3600,567,230,79,59,,28.0,,,,
3601,567,230,79,59,,28.0,,,,
3602,569,226,79,59,,28.0,,,,
3603,569,226,79,59,,28.0,,,,
3604,570,224,79,59,,28.0,,,,
3605,570,224,79,59,,28.0,,,,
3606,569,224,79,59,,28.0,,,,
3607,569,224,79,59,,28.0,,,,
3608,569,224,79,59,,28.0,,,,
3609,567,224,79,59,,28.0,,,,
