,day_counter,0,1,2,3,4,5,6
2010-01-01,0,19,,,,,,
2010-01-02,1,21,,,,,,
2010-01-03,2,21,,,,,,
2010-01-04,3,22,,,,,,
2010-01-05,4,22,,,,,,
2010-01-06,5,23,,,,,,
2010-01-07,6,24,,,,,,
2010-01-08,7,25,,,,,,
2010-01-09,8,25,,,,,,
2010-01-10,9,25,,,,,,
2010-01-11,10,26,,,,,,
2010-01-12,11,26,,,,,,
2010-01-13,12,26,,,,,,
2010-01-14,13,27,,,,,,
2010-01-15,14,27,,,,,,
2010-01-16,15,27,,,,,,
2010-01-17,16,27,,,,,,
2010-01-18,17,27,,,,,,
2010-01-19,18,28,,,,,,
2010-01-20,19,29,,,,,,
2010-01-21,20,30,,,,,,
2010-01-22,21,31,,,,,,
2010-01-23,22,31,,,,,,
2010-01-24,23,31,,,,,,
2010-01-25,24,29,2,,,,,
2010-01-26,25,30,2,,,,,
2010-01-27,26,30,2,,,,,
2010-01-28,27,32,2,,,,,
2010-01-29,28,32,2,,,,,
2010-01-30,29,33,2,,,,,
2010-01-31,30,33,2,,,,,
2010-02-01,31,35,2,,,,,
2010-02-02,32,35,2,,,,,
2010-02-03,33,35,2,,,,,
2010-02-04,34,35,2,,,,,
2010-02-05,35,35,2,,,,,
2010-02-06,36,35,2,,,,,
2010-02-07,37,35,2,,,,,
2010-02-08,38,35,2,,,,,
2010-02-09,39,35,2,,,,,
2010-02-10,40,34,4,,,,,
2010-02-11,41,36,4,,,,,
2010-02-12,42,36,4,,,,,
2010-02-13,43,36,4,,,,,
2010-02-14,44,36,4,,,,,
2010-02-15,45,36,4,,,,,
2010-02-16,46,38,4,,,,,
2010-02-17,47,38,4,,,,,
2010-02-18,48,38,4,,,,,
2010-02-19,49,38,4,,,,,
2010-02-20,50,38,4,,,,,
2010-02-21,51,38,4,,,,,
2010-02-22,52,39,4,,,,,
2010-02-23,53,41,4,,,,,
2010-02-24,54,41,4,,,,,
2010-02-25,55,41,4,,,,,
2010-02-26,56,41,4,,,,,
2010-02-27,57,41,4,,,,,
2010-02-28,58,41,4,,,,,
2010-03-01,59,41,4,,,,,
2010-03-02,60,41,4,,,,,
2010-03-03,61,41,4,,,,,
2010-03-04,62,40,4,3,,,,
2010-03-05,63,40,4,3,,,,
2010-03-06,64,40,4,3,,,,
2010-03-07,65,40,4,3,,,,
2010-03-08,66,41,5,3,,,,
2010-03-09,67,41,5,3,,,,
2010-03-10,68,45,5,3,,,,
2010-03-11,69,46,5,3,,,,
2010-03-12,70,47,5,3,,,,
2010-03-13,71,47,5,3,,,,
2010-03-14,72,47,5,3,,,,
2010-03-15,73,48,5,3,,,,
2010-03-16,74,49,5,3,,,,
2010-03-17,75,51,5,3,,,,
2010-03-18,76,51,5,3,,,,
2010-03-19,77,51,5,3,,,,
2010-03-20,78,51,5,3,,,,
2010-03-21,79,51,5,3,,,,
2010-03-22,80,51,5,3,,,,
2010-03-23,81,51,5,3,,,,
2010-03-24,82,52,5,3,,,,
2010-03-25,83,53,5,3,,,,
2010-03-26,84,53,5,3,,,,
2010-03-27,85,53,5,3,,,,
2010-03-28,86,54,5,3,,,,
2010-03-29,87,55,5,3,,,,
2010-03-30,88,55,5,3,,,,
2010-03-31,89,55,5,3,,,,
2010-04-01,,,,,,,,
2010-04-02,,,,,,,,
2010-04-03,2,1,,,,,,
2010-04-04,3,1,,,,,,
2010-04-05,4,2,,,,,,
2010-04-06,5,4,,,,,,
2010-04-07,6,3,,,,,,
2010-04-08,7,3,,,,,,
2010-04-09,8,4,,,,,,
2010-04-10,9,5,,,,,,
2010-04-11,10,5,,,,,,
2010-04-12,11,6,,,,,,
2010-04-13,12,5,2,,,,,
2010-04-14,13,6,2,,,,,
2010-04-15,14,6,2,,,,,
2010-04-16,15,8,2,,,,,
2010-04-17,16,8,2,,,,,
2010-04-18,17,8,2,,,,,
2010-04-19,18,8,2,,,,,
2010-04-20,19,9,3,,,,,
2010-04-21,20,9,3,,,,,
2010-04-22,21,9,3,,,,,
2010-04-23,22,9,3,,,,,
2010-04-24,23,9,3,,,,,
2010-04-25,24,9,3,,,,,
2010-04-26,25,9,3,,,,,
2010-04-27,26,11,3,,,,,
2010-04-28,27,11,3,,,,,
2010-04-29,28,11,3,,,,,
2010-04-30,29,11,3,,,,,
2010-05-01,30,11,3,,,,,
2010-05-02,31,11,3,,,,,
2010-05-03,32,11,3,,,,,
2010-05-04,33,11,3,,,,,
2010-05-05,34,12,3,,,,,
2010-05-06,35,13,3,,,,,
2010-05-07,36,14,2,,,,,
2010-05-08,37,14,2,,,,,
2010-05-09,38,14,2,,,,,
2010-05-10,39,14,2,,,,,
2010-05-11,40,14,2,,,,,
2010-05-12,41,15,2,,,,,
2010-05-13,42,15,2,,,,,
2010-05-14,43,16,2,,,,,
2010-05-15,44,16,2,,,,,
2010-05-16,45,16,2,,,,,
2010-05-17,46,15,4,,,,,
2010-05-18,47,15,4,,,,,
2010-05-19,48,15,4,,,,,
2010-05-20,49,15,4,,,,,
2010-05-21,50,15,4,,,,,
2010-05-22,51,15,4,,,,,
2010-05-23,52,15,4,,,,,
2010-05-24,53,15,4,,,,,
2010-05-25,54,15,4,,,,,
2010-05-26,55,15,4,,,,,
2010-05-27,56,15,4,,,,,
2010-05-28,57,16,4,,,,,
2010-05-29,58,16,4,,,,,
2010-05-30,59,16,4,,,,,
2010-05-31,60,17,4,,,,,
2010-06-01,61,17,4,,,,,
2010-06-02,62,18,4,,,,,
2010-06-03,63,19,4,,,,,
2010-06-04,64,20,4,,,,,
2010-06-05,65,21,4,,,,,
2010-06-06,66,20,6,,,,,
2010-06-07,67,20,6,,,,,
2010-06-08,68,20,6,,,,,
2010-06-09,69,20,6,,,,,
2010-06-10,70,19,8,,,,,
2010-06-11,71,19,8,,,,,
2010-06-12,72,19,8,,,,,
2010-06-13,73,19,8,,,,,
2010-06-14,74,19,8,,,,,
2010-06-15,75,19,9,,,,,
2010-06-16,76,19,9,,,,,
2010-06-17,77,19,9,,,,,
2010-06-18,78,20,9,,,,,
2010-06-19,79,20,9,,,,,
2010-06-20,80,20,9,,,,,
2010-06-21,81,20,9,,,,,
2010-06-22,82,20,9,,,,,
2010-06-23,83,20,9,,,,,
2010-06-24,84,21,9,,,,,
2010-06-25,85,21,9,,,,,
2010-06-26,86,22,9,,,,,
2010-06-27,87,22,9,,,,,
2010-06-28,88,23,9,,,,,
2010-06-29,89,25,9,,,,,
2010-06-30,90,26,9,,,,,
2010-07-01,,,,,,,,
2010-07-02,1,1,,,,,,
2010-07-03,2,1,,,,,,
2010-07-04,,,,,,,,
2010-07-05,,,,,,,,
2010-07-06,5,1,,,,,,
2010-07-07,6,1,,,,,,
2010-07-08,7,1,,,,,,
2010-07-09,8,1,,,,,,
2010-07-10,9,1,,,,,,
2010-07-11,10,1,,,,,,
2010-07-12,11,1,,,,,,
2010-07-13,12,2,,,,,,
2010-07-14,13,2,,,,,,
2010-07-15,14,3,,,,,,
2010-07-16,15,4,,,,,,
2010-07-17,16,5,,,,,,
2010-07-18,17,6,,,,,,
2010-07-19,18,7,,,,,,
2010-07-20,19,7,2,,,,,
2010-07-21,20,11,2,,,,,
2010-07-22,21,10,2,,,,,
2010-07-23,22,10,2,,,,,
2010-07-24,23,11,2,,,,,
2010-07-25,24,12,2,,,,,
2010-07-26,25,13,2,,,,,
2010-07-27,26,15,2,,,,,
2010-07-28,27,15,2,,,,,
2010-07-29,28,15,2,,,,,
2010-07-30,29,16,2,,,,,
2010-07-31,30,16,2,,,,,
2010-08-01,31,16,2,,,,,
2010-08-02,32,15,2,,,,,
2010-08-03,33,15,2,,,,,
2010-08-04,34,14,2,,,,,
2010-08-05,35,14,2,,,,,
2010-08-06,36,15,2,,,,,
2010-08-07,37,15,2,,,,,
2010-08-08,38,16,2,,,,,
2010-08-09,39,16,2,,,,,
2010-08-10,40,16,2,,,,,
2010-08-11,41,17,2,,,,,
2010-08-12,42,17,2,,,,,
2010-08-13,43,17,2,,,,,
2010-08-14,44,17,2,,,,,
2010-08-15,45,18,2,,,,,
2010-08-16,46,19,2,,,,,
2010-08-17,47,19,2,,,,,
2010-08-18,48,20,2,,,,,
2010-08-19,49,21,2,,,,,
2010-08-20,50,21,2,,,,,
2010-08-21,51,21,2,,,,,
2010-08-22,52,21,2,,,,,
2010-08-23,53,20,2,,,,,
2010-08-24,54,20,2,,,,,
2010-08-25,55,20,2,,,,,
2010-08-26,56,20,2,,,,,
2010-08-27,57,20,2,,,,,
2010-08-28,58,20,2,,,,,
2010-08-29,59,20,2,,,,,
2010-08-30,60,21,2,,,,,
2010-08-31,61,21,2,,,,,
2010-09-01,62,21,2,,,,,
2010-09-02,63,21,2,,,,,
2010-09-03,64,21,2,,,,,
2010-09-04,65,21,2,,,,,
2010-09-05,66,21,2,,,,,
2010-09-06,67,22,2,,,,,
2010-09-07,68,21,3,,,,,
2010-09-08,69,21,3,,,,,
2010-09-09,70,21,3,,,,,
2010-09-10,71,21,3,,,,,
2010-09-11,72,23,3,,,,,
2010-09-12,73,23,3,,,,,
2010-09-13,74,23,3,,,,,
2010-09-14,75,24,3,,,,,
2010-09-15,76,25,3,,,,,
2010-09-16,77,26,3,,,,,
2010-09-17,78,27,3,,,,,
2010-09-18,79,27,3,,,,,
2010-09-19,80,27,3,,,,,
2010-09-20,81,29,3,,,,,
2010-09-21,82,29,3,,,,,
2010-09-22,83,29,2,,,,,
2010-09-23,84,29,2,,,,,
2010-09-24,85,31,2,,,,,
2010-09-25,86,32,2,,,,,
2010-09-26,87,32,2,,,,,
2010-09-27,88,32,2,,,,,
2010-09-28,89,32,2,,,,,
2010-09-29,90,32,2,,,,,
2010-09-30,91,32,2,,,,,
2010-10-01,0,1,,,,,,
2010-10-02,1,1,,,,,,
2010-10-03,2,2,,,,,,
2010-10-04,3,3,,,,,,
2010-10-05,4,4,,,,,,
2010-10-06,5,5,,,,,,
2010-10-07,6,5,,,,,,
2010-10-08,7,4,2,,,,,
2010-10-09,8,5,2,,,,,
2010-10-10,9,5,2,,,,,
2010-10-11,10,5,2,,,,,
2010-10-12,11,5,2,,,,,
2010-10-13,12,6,2,,,,,
2010-10-14,13,7,4,,,,,
2010-10-15,14,7,4,,,,,
2010-10-16,15,7,4,,,,,
2010-10-17,16,7,4,,,,,
2010-10-18,17,7,4,,,,,
2010-10-19,18,8,4,,,,,
2010-10-20,19,8,4,,,,,
2010-10-21,20,9,4,,,,,
2010-10-22,21,9,4,,,,,
2010-10-23,22,9,4,,,,,
2010-10-24,23,9,4,,,,,
2010-10-25,24,10,4,,,,,
2010-10-26,25,10,4,,,,,
2010-10-27,26,11,4,,,,,
2010-10-28,27,12,4,,,,,
2010-10-29,28,13,4,,,,,
2010-10-30,29,14,4,,,,,
2010-10-31,30,14,4,,,,,
2010-11-01,31,15,4,,,,,
2010-11-02,32,17,4,,,,,
2010-11-03,33,18,4,,,,,
2010-11-04,34,20,4,,,,,
2010-11-05,35,20,4,,,,,
2010-11-06,36,20,4,,,,,
2010-11-07,37,20,4,,,,,
2010-11-08,38,20,4,,,,,
2010-11-09,39,20,4,,,,,
2010-11-10,40,21,4,,,,,
2010-11-11,41,22,4,,,,,
2010-11-12,42,22,4,,,,,
2010-11-13,43,22,4,,,,,
2010-11-14,44,22,4,,,,,
2010-11-15,45,23,4,,,,,
2010-11-16,46,24,4,,,,,
2010-11-17,47,25,4,,,,,
2010-11-18,48,25,4,,,,,
2010-11-19,49,25,4,,,,,
2010-11-20,50,25,4,,,,,
2010-11-21,51,25,4,,,,,
2010-11-22,52,26,4,,,,,
2010-11-23,53,27,4,,,,,
2010-11-24,54,28,4,,,,,
2010-11-25,55,29,4,,,,,
2010-11-26,56,29,4,,,,,
2010-11-27,57,29,4,,,,,
2010-11-28,58,29,4,,,,,
2010-11-29,59,29,4,,,,,
2010-11-30,60,32,4,,,,,
2010-12-01,61,32,4,,,,,
2010-12-02,62,32,4,,,,,
2010-12-03,63,32,4,,,,,
2010-12-04,64,32,4,,,,,
2010-12-05,65,32,6,,,,,
2010-12-06,66,32,6,,,,,
2010-12-07,67,32,6,,,,,
2010-12-08,68,32,6,,,,,
2010-12-09,69,32,6,,,,,
2010-12-10,70,32,6,,,,,
2010-12-11,71,32,6,,,,,
2010-12-12,72,33,6,,,,,
2010-12-13,73,33,6,,,,,
2010-12-14,74,33,6,,,,,
2010-12-15,75,34,6,,,,,
2010-12-16,76,34,6,,,,,
2010-12-17,77,35,6,,,,,
2010-12-18,78,35,6,,,,,
2010-12-19,79,35,6,,,,,
2010-12-20,80,35,6,,,,,
2010-12-21,81,35,6,,,,,
2010-12-22,82,35,6,,,,,
2010-12-23,83,35,6,,,,,
2010-12-24,84,35,6,,,,,
2010-12-25,85,36,6,,,,,
2010-12-26,86,37,6,,,,,
2010-12-27,87,38,6,,,,,
2010-12-28,88,39,6,,,,,
2010-12-29,89,39,6,,,,,
2010-12-30,90,39,6,,,,,
2010-12-31,91,39,6,,,,,
2011-01-01,,,,,,,,
2011-01-02,1,1,,,,,,
2011-01-03,2,3,,,,,,
2011-01-04,3,4,,,,,,
2011-01-05,4,5,,,,,,
2011-01-06,5,6,,,,,,
2011-01-07,6,6,,,,,,
2011-01-08,7,8,,,,,,
2011-01-09,8,8,,,,,,
2011-01-10,9,7,,,,,,
2011-01-11,10,7,,,,,,
2011-01-12,11,9,,,,,,
2011-01-13,12,10,,,,,,
2011-01-14,13,11,,,,,,
2011-01-15,14,11,,,,,,
2011-01-16,15,11,,,,,,
2011-01-17,16,11,,,,,,
2011-01-18,17,11,,,,,,
2011-01-19,18,12,,,,,,
2011-01-20,19,13,,,,,,
2011-01-21,20,13,,,,,,
2011-01-22,21,13,,,,,,
2011-01-23,22,13,,,,,,
2011-01-24,23,13,,,,,,
2011-01-25,24,13,,,,,,
2011-01-26,25,12,,,,,,
2011-01-27,26,9,2,,,,,
2011-01-28,27,10,2,,,,,
2011-01-29,28,10,2,,,,,
2011-01-30,29,10,2,,,,,
2011-01-31,30,11,2,,,,,
2011-02-01,31,12,2,,,,,
2011-02-02,32,13,2,,,,,
2011-02-03,33,14,,,,,,
2011-02-04,34,15,,,,,,
2011-02-05,35,15,,,,,,
2011-02-06,36,15,,,,,,
2011-02-07,37,15,,,,,,
2011-02-08,38,16,,,,,,
2011-02-09,39,16,,,,,,
2011-02-10,40,16,,,,,,
2011-02-11,41,16,,,,,,
2011-02-12,42,17,,,,,,
2011-02-13,43,18,,,,,,
2011-02-14,44,18,,,,,,
2011-02-15,45,18,,,,,,
2011-02-16,46,18,,,,,,
2011-02-17,47,18,,,,,,
2011-02-18,48,18,,,,,,
2011-02-19,49,19,,,,,,
2011-02-20,50,19,,,,,,
2011-02-21,51,19,,,,,,
2011-02-22,52,20,,,,,,
2011-02-23,53,21,,,,,,
2011-02-24,54,23,,,,,,
2011-02-25,55,23,,,,,,
2011-02-26,56,24,,,,,,
2011-02-27,57,24,,,,,,
2011-02-28,58,24,,,,,,
2011-03-01,59,24,,,,,,
2011-03-02,60,24,,,,,,
2011-03-03,61,24,,,,,,
2011-03-04,62,26,2,,,,,
2011-03-05,63,26,2,,,,,
2011-03-06,64,27,2,,,,,
2011-03-07,65,27,2,,,,,
2011-03-08,66,27,2,,,,,
2011-03-09,67,28,2,,,,,
2011-03-10,68,29,2,,,,,
2011-03-11,69,29,2,,,,,
2011-03-12,70,30,2,,,,,
2011-03-13,71,30,2,,,,,
2011-03-14,72,32,2,,,,,
2011-03-15,73,32,2,,,,,
2011-03-16,74,31,3,,,,,
2011-03-17,75,31,3,,,,,
2011-03-18,76,32,3,,,,,
2011-03-19,77,32,3,,,,,
2011-03-20,78,32,3,,,,,
2011-03-21,79,32,3,,,,,
2011-03-22,80,32,3,,,,,
2011-03-23,81,31,3,,,,,
2011-03-24,82,33,3,,,,,
2011-03-25,83,33,3,,,,,
2011-03-26,84,34,3,,,,,
2011-03-27,85,36,3,,,,,
2011-03-28,86,36,3,,,,,
2011-03-29,87,39,3,,,,,
2011-03-30,88,41,3,,,,,
2011-03-31,89,42,3,,,,,
2011-04-01,,,,,,,,
2011-04-02,,,,,,,,
2011-04-03,,,,,,,,
2011-04-04,,,,,,,,
2011-04-05,4,1,,,,,,
2011-04-06,5,1,,,,,,
2011-04-07,6,1,,,,,,
2011-04-08,7,1,,,,,,
2011-04-09,8,1,,,,,,
2011-04-10,9,2,,,,,,
2011-04-11,10,3,,,,,,
2011-04-12,11,4,,,,,,
2011-04-13,12,4,,,,,,
2011-04-14,13,4,,,,,,
2011-04-15,14,5,,,,,,
2011-04-16,15,5,,,,,,
2011-04-17,16,5,,,,,,
2011-04-18,17,5,,,,,,
2011-04-19,18,5,,,,,,
2011-04-20,19,5,,,,,,
2011-04-21,20,5,,,,,,
2011-04-22,21,5,,,,,,
2011-04-23,22,5,,,,,,
2011-04-24,23,5,,,,,,
2011-04-25,24,6,2,,,,,
2011-04-26,25,6,2,,,,,
2011-04-27,26,6,4,,,,,
2011-04-28,27,7,4,,,,,
2011-04-29,28,9,4,,,,,
2011-04-30,29,9,4,,,,,
2011-05-01,30,9,4,,,,,
2011-05-02,31,10,4,,,,,
2011-05-03,32,11,4,,,,,
2011-05-04,33,12,4,,,,,
2011-05-05,34,14,4,,,,,
2011-05-06,35,15,4,,,,,
2011-05-07,36,17,4,,,,,
2011-05-08,37,17,4,,,,,
2011-05-09,38,16,4,,,,,
2011-05-10,39,17,4,,,,,
2011-05-11,40,21,4,,,,,
2011-05-12,41,21,4,,,,,
2011-05-13,42,21,4,,,,,
2011-05-14,43,21,4,,,,,
2011-05-15,44,21,4,,,,,
2011-05-16,45,23,4,,,,,
2011-05-17,46,23,4,,,,,
2011-05-18,47,23,4,,,,,
2011-05-19,48,23,4,,,,,
2011-05-20,49,22,6,,,,,
2011-05-21,50,22,6,,,,,
2011-05-22,51,23,6,,,,,
2011-05-23,52,22,8,,,,,
2011-05-24,53,23,9,,,,,
2011-05-25,54,23,9,,,,,
2011-05-26,55,23,9,,,,,
2011-05-27,56,23,9,,,,,
2011-05-28,57,23,9,,,,,
2011-05-29,58,23,9,,,,,
2011-05-30,59,24,9,,,,,
2011-05-31,60,25,7,,,,,
2011-06-01,61,25,7,,,,,
2011-06-02,62,24,8,,,,,
2011-06-03,63,24,8,,,,,
2011-06-04,64,24,8,,,,,
2011-06-05,65,24,8,,,,,
2011-06-06,66,25,8,,,,,
2011-06-07,67,26,8,,,,,
2011-06-08,68,26,8,,,,,
2011-06-09,69,27,8,,,,,
2011-06-10,70,28,8,,,,,
2011-06-11,71,28,8,,,,,
2011-06-12,72,28,8,,,,,
2011-06-13,73,28,8,,,,,
2011-06-14,74,28,8,,,,,
2011-06-15,75,27,8,,,,,
2011-06-16,76,28,8,,,,,
2011-06-17,77,28,8,,,,,
2011-06-18,78,29,8,,,,,
2011-06-19,79,29,8,,,,,
2011-06-20,80,30,7,,,,,
2011-06-21,81,33,7,,,,,
2011-06-22,82,33,7,,,,,
2011-06-23,83,33,7,,,,,
2011-06-24,84,33,7,,,,,
2011-06-25,85,34,7,,,,,
2011-06-26,86,34,7,,,,,
2011-06-27,87,34,7,,,,,
2011-06-28,88,36,7,,,,,
2011-06-29,89,37,7,,,,,
2011-06-30,90,37,7,,,,,
2011-07-01,,,,,,,,
2011-07-02,1,1,,,,,,
2011-07-03,,,,,,,,
2011-07-04,,,,,,,,
2011-07-05,,,,,,,,
2011-07-06,,,,,,,,
2011-07-07,,,,,,,,
2011-07-08,,,,,,,,
2011-07-09,,,,,,,,
2011-07-10,,,,,,,,
2011-07-11,,,,,,,,
2011-07-12,,,,,,,,
2011-07-13,12,1,,,,,,
2011-07-14,13,1,,,,,,
2011-07-15,14,2,,,,,,
2011-07-16,15,4,,,,,,
2011-07-17,16,4,,,,,,
2011-07-18,17,5,,,,,,
2011-07-19,18,7,,,,,,
2011-07-20,19,7,,,,,,
2011-07-21,20,7,,,,,,
2011-07-22,21,7,,,,,,
2011-07-23,22,7,,,,,,
2011-07-24,23,8,,,,,,
2011-07-25,24,8,,,,,,
2011-07-26,25,9,,,,,,
2011-07-27,26,9,,,,,,
2011-07-28,27,9,,,,,,
2011-07-29,28,10,,,,,,
2011-07-30,29,10,,,,,,
2011-07-31,30,10,,,,,,
2011-08-01,31,10,,,,,,
2011-08-02,32,10,,,,,,
2011-08-03,33,11,,,,,,
2011-08-04,34,11,,,,,,
2011-08-05,35,11,,,,,,
2011-08-06,36,11,,,,,,
2011-08-07,37,11,,,,,,
2011-08-08,38,11,,,,,,
2011-08-09,39,11,,,,,,
2011-08-10,40,11,,,,,,
2011-08-11,41,11,,,,,,
2011-08-12,42,11,,,,,,
2011-08-13,43,11,,,,,,
2011-08-14,44,11,,,,,,
2011-08-15,45,11,,,,,,
2011-08-16,46,10,,,,,,
2011-08-17,47,11,,,,,,
2011-08-18,48,11,,,,,,
2011-08-19,49,11,2,,,,,
2011-08-20,50,10,2,,,,,
2011-08-21,51,11,2,,,,,
2011-08-22,52,11,2,,,,,
2011-08-23,53,11,2,,,,,
2011-08-24,54,13,2,,,,,
2011-08-25,55,13,2,,,,,
2011-08-26,56,13,4,,,,,
2011-08-27,57,15,4,,,,,
2011-08-28,58,15,4,,,,,
2011-08-29,59,16,4,,,,,
2011-08-30,60,17,4,,,,,
2011-08-31,61,17,4,,,,,
2011-09-01,62,17,5,,,,,
2011-09-02,63,17,5,,,,,
2011-09-03,64,17,5,,,,,
2011-09-04,65,17,5,,,,,
2011-09-05,66,17,5,,,,,
2011-09-06,67,17,5,,,,,
2011-09-07,68,17,5,,,,,
2011-09-08,69,17,5,,,,,
2011-09-09,70,18,5,,,,,
2011-09-10,71,19,5,,,,,
2011-09-11,72,20,5,,,,,
2011-09-12,73,20,5,,,,,
2011-09-13,74,20,5,,,,,
2011-09-14,75,21,5,,,,,
2011-09-15,76,21,5,,,,,
2011-09-16,77,22,5,,,,,
2011-09-17,78,22,5,,,,,
2011-09-18,79,22,5,,,,,
2011-09-19,80,22,5,,,,,
2011-09-20,81,24,5,,,,,
2011-09-21,82,25,7,,,,,
2011-09-22,83,24,7,,,,,
2011-09-23,84,25,7,,,,,
2011-09-24,85,25,7,,,,,
2011-09-25,86,25,7,,,,,
2011-09-26,87,26,5,,,,,
2011-09-27,88,27,5,,,,,
2011-09-28,89,27,5,,,,,
2011-09-29,90,27,5,,,,,
2011-09-30,91,29,5,,,,,
2011-10-01,,,,,,,,
2011-10-02,,,,,,,,
2011-10-03,,,,,,,,
2011-10-04,,,,,,,,
2011-10-05,,,,,,,,
2011-10-06,,,,,,,,
2011-10-07,,,,,,,,
2011-10-08,,,,,,,,
2011-10-09,,,,,,,,
2011-10-10,,,,,,,,
2011-10-11,,,,,,,,
2011-10-12,,,,,,,,
2011-10-13,,,,,,,,
2011-10-14,,,,,,,,
2011-10-15,,,,,,,,
2011-10-16,,,,,,,,
2011-10-17,,,,,,,,
2011-10-18,,,,,,,,
2011-10-19,,,,,,,,
2011-10-20,,,,,,,,
2011-10-21,20,1,,,,,,
2011-10-22,21,1,,,,,,
2011-10-23,22,1,,,,,,
2011-10-24,23,1,,,,,,
2011-10-25,24,1,,,,,,
2011-10-26,25,1,,,,,,
2011-10-27,26,1,,,,,,
2011-10-28,27,1,,,,,,
2011-10-29,28,1,,,,,,
2011-10-30,29,1,,,,,,
2011-10-31,30,1,,,,,,
2011-11-01,31,2,,,,,,
2011-11-02,32,2,,,,,,
2011-11-03,33,2,,,,,,
2011-11-04,34,3,,,,,,
2011-11-05,35,3,,,,,,
2011-11-06,36,3,,,,,,
2011-11-07,37,4,,,,,,
2011-11-08,38,4,,,,,,
2011-11-09,39,5,,,,,,
2011-11-10,40,5,,,,,,
2011-11-11,41,5,,,,,,
2011-11-12,42,5,,,,,,
2011-11-13,43,5,,,,,,
2011-11-14,44,7,,,,,,
2011-11-15,45,7,,,,,,
2011-11-16,46,9,,,,,,
2011-11-17,47,9,,,,,,
2011-11-18,48,9,,,,,,
2011-11-19,49,9,,,,,,
2011-11-20,50,9,,,,,,
2011-11-21,51,9,,,,,,
2011-11-22,52,10,,,,,,
2011-11-23,53,10,,,,,,
2011-11-24,54,10,,,,,,
2011-11-25,55,10,,,,,,
2011-11-26,56,10,,,,,,
2011-11-27,57,10,,,,,,
2011-11-28,58,11,,,,,,
2011-11-29,59,11,,,,,,
2011-11-30,60,10,,,,,,
2011-12-01,61,10,,,,,,
2011-12-02,62,10,,,,,,
2011-12-03,63,10,,,,,,
2011-12-04,64,11,,,,,,
2011-12-05,65,12,,,,,,
2011-12-06,66,12,,,,,,
2011-12-07,67,14,,,,,,
2011-12-08,68,14,,,,,,
2011-12-09,69,17,,,,,,
2011-12-10,70,18,,,,,,
2011-12-11,71,19,,,,,,
2011-12-12,72,21,,,,,,
2011-12-13,73,21,,,,,,
2011-12-14,74,21,,,,,,
2011-12-15,75,21,,,,,,
2011-12-16,76,20,,,,,,
2011-12-17,77,19,,,,,,
2011-12-18,78,19,,,,,,
2011-12-19,79,19,,,,,,
2011-12-20,80,21,,,,,,
2011-12-21,81,22,,,,,,
2011-12-22,82,22,,,,,,
2011-12-23,83,22,,,,,,
2011-12-24,84,22,,,,,,
2011-12-25,85,23,,,,,,
2011-12-26,86,23,,,,,,
2011-12-27,87,23,,,,,,
2011-12-28,88,23,,,,,,
2011-12-29,89,23,,,,,,
2011-12-30,90,23,,,,,,
2011-12-31,91,23,,,,,,
2012-01-01,,,,,,,,
2012-01-02,,,,,,,,
2012-01-03,,,,,,,,
2012-01-04,,,,,,,,
2012-01-05,,,,,,,,
2012-01-06,,,,,,,,
2012-01-07,,,,,,,,
2012-01-08,,,,,,,,
2012-01-09,,,,,,,,
2012-01-10,9,1,,,,,,
2012-01-11,10,1,,,,,,
2012-01-12,11,1,,,,,,
2012-01-13,12,1,,,,,,
2012-01-14,13,1,,,,,,
2012-01-15,14,1,,,,,,
2012-01-16,15,1,,,,,,
2012-01-17,16,1,,,,,,
2012-01-18,17,1,,,,,,
2012-01-19,18,2,,,,,,
2012-01-20,19,2,,,,,,
2012-01-21,20,2,,,,,,
2012-01-22,21,2,,,,,,
2012-01-23,22,2,,,,,,
2012-01-24,23,1,,,,,,
2012-01-25,24,1,,,,,,
2012-01-26,25,1,,,,,,
2012-01-27,26,1,,,,,,
2012-01-28,27,1,,,,,,
2012-01-29,28,1,,,,,,
2012-01-30,29,1,,,,,,
2012-01-31,30,2,,,,,,
2012-02-01,31,2,,,,,,
2012-02-02,32,1,,,,,,
2012-02-03,33,1,,,,,,
2012-02-04,34,2,,,,,,
2012-02-05,35,2,,,,,,
2012-02-06,36,2,,,,,,
2012-02-07,37,2,,,,,,
2012-02-08,38,2,,,,,,
2012-02-09,39,2,,,,,,
2012-02-10,40,3,,,,,,
2012-02-11,41,3,,,,,,
2012-02-12,42,3,,,,,,
2012-02-13,43,4,,,,,,
2012-02-14,44,4,,,,,,
2012-02-15,45,4,,,,,,
2012-02-16,46,4,,,,,,
2012-02-17,47,4,,,,,,
2012-02-18,48,4,,,,,,
2012-02-19,49,4,,,,,,
2012-02-20,50,6,,,,,,
2012-02-21,51,7,,,,,,
2012-02-22,52,8,,,,,,
2012-02-23,53,8,,,,,,
2012-02-24,54,7,,,,,,
2012-02-25,55,5,2,,,,,
2012-02-26,56,4,2,,,,,
2012-02-27,57,4,2,,,,,
2012-02-28,58,4,2,,,,,
2012-02-29,59,4,2,,,,,
2012-03-01,60,3,5,,,,,
2012-03-02,61,4,5,,,,,
2012-03-03,62,4,5,,,,,
2012-03-04,63,4,5,,,,,
2012-03-05,64,4,5,,,,,
2012-03-06,65,4,5,,,,,
2012-03-07,66,4,5,,,,,
2012-03-08,67,5,5,,,,,
2012-03-09,68,5,5,,,,,
2012-03-10,69,5,5,,,,,
2012-03-11,70,5,5,,,,,
2012-03-12,71,5,5,,,,,
2012-03-13,72,5,5,,,,,
2012-03-14,73,5,5,,,,,
2012-03-15,74,4,5,,,,,
2012-03-16,75,4,5,,,,,
2012-03-17,76,3,7,,,,,
2012-03-18,77,4,7,,,,,
2012-03-19,78,4,7,,,,,
2012-03-20,79,4,7,,,,,
2012-03-21,80,4,7,,,,,
2012-03-22,81,4,7,,,,,
2012-03-23,82,4,7,,,,,
2012-03-24,83,4,7,,,,,
2012-03-25,84,5,7,,,,,
2012-03-26,85,5,7,,,,,
2012-03-27,86,5,7,,,,,
2012-03-28,87,5,7,,,,,
2012-03-29,88,6,6,,,,,
2012-03-30,89,6,6,,,,,
2012-03-31,90,6,6,,,,,
2012-04-01,,,,,,,,
2012-04-02,,,,,,,,
2012-04-03,,,,,,,,
2012-04-04,3,,2,,,,,
2012-04-05,4,,4,,,,,
2012-04-06,5,,4,,,,,
2012-04-07,6,,4,,,,,
2012-04-08,7,,4,,,,,
2012-04-09,8,1,2,,,,,
2012-04-10,9,1,2,,,,,
2012-04-11,10,2,,,,,,
2012-04-12,11,3,,,,,,
2012-04-13,12,2,2,,,,,
2012-04-14,13,2,2,,,,,
2012-04-15,14,2,2,,,,,
2012-04-16,15,2,2,,,,,
2012-04-17,16,2,2,,,,,
2012-04-18,17,2,2,,,,,
2012-04-19,18,2,2,,,,,
2012-04-20,19,2,2,,,,,
2012-04-21,20,2,2,,,,,
2012-04-22,21,1,2,,,,,
2012-04-23,22,1,2,,,,,
2012-04-24,23,2,2,,,,,
2012-04-25,24,3,2,,,,,
2012-04-26,25,3,2,,,,,
2012-04-27,26,3,2,,,,,
2012-04-28,27,4,2,,,,,
2012-04-29,28,4,2,,,,,
2012-04-30,29,4,2,,,,,
2012-05-01,30,2,4,,,,,
2012-05-02,31,2,4,,,,,
2012-05-03,32,2,4,,,,,
2012-05-04,33,3,4,,,,,
2012-05-05,34,3,4,,,,,
2012-05-06,35,3,4,,,,,
2012-05-07,36,2,4,,,,,
2012-05-08,37,2,4,,,,,
2012-05-09,38,2,4,,,,,
2012-05-10,39,2,4,,,,,
2012-05-11,40,2,4,,,,,
2012-05-12,41,2,4,,,,,
2012-05-13,42,2,4,,,,,
2012-05-14,43,2,4,,,,,
2012-05-15,44,2,4,,,,,
2012-05-16,45,2,4,,,,,
2012-05-17,46,2,4,,,,,
2012-05-18,47,2,4,,,,,
2012-05-19,48,2,4,,,,,
2012-05-20,49,3,4,,,,,
2012-05-21,50,3,4,,,,,
2012-05-22,51,3,4,,,,,
2012-05-23,52,3,4,,,,,
2012-05-24,53,3,4,,,,,
2012-05-25,54,3,4,,,,,
2012-05-26,55,3,4,,,,,
2012-05-27,56,4,4,,,,,
2012-05-28,57,4,4,,,,,
2012-05-29,58,4,4,,,,,
2012-05-30,59,4,4,,,,,
2012-05-31,60,4,4,,,,,
2012-06-01,61,4,4,,,,,
2012-06-02,62,4,4,,,,,
2012-06-03,63,4,4,,,,,
2012-06-04,64,4,4,,,,,
2012-06-05,65,4,4,,,,,
2012-06-06,66,5,4,,,,,
2012-06-07,67,6,4,,,,,
2012-06-08,68,6,4,,,,,
2012-06-09,69,6,4,,,,,
2012-06-10,70,6,4,,,,,
2012-06-11,71,6,4,,,,,
2012-06-12,72,6,4,,,,,
2012-06-13,73,6,4,,,,,
2012-06-14,74,7,4,,,,,
2012-06-15,75,7,4,,,,,
2012-06-16,76,7,4,,,,,
2012-06-17,77,7,4,,,,,
2012-06-18,78,7,4,,,,,
2012-06-19,79,7,4,,,,,
2012-06-20,80,8,2,,,,,
2012-06-21,81,8,2,,,,,
2012-06-22,82,11,2,,,,,
2012-06-23,83,12,2,,,,,
2012-06-24,84,12,2,,,,,
2012-06-25,85,12,2,,,,,
2012-06-26,86,13,2,,,,,
2012-06-27,87,14,2,,,,,
2012-06-28,88,14,2,,,,,
2012-06-29,89,15,2,,,,,
2012-06-30,90,15,2,,,,,
2012-07-01,,,,,,,,
2012-07-02,,,,,,,,
2012-07-03,,,,,,,,
2012-07-04,,,,,,,,
2012-07-05,,,,,,,,
2012-07-06,5,1,,,,,,
2012-07-07,6,1,,,,,,
2012-07-08,7,1,,,,,,
2012-07-09,8,1,,,,,,
2012-07-10,9,2,,,,,,
2012-07-11,10,2,,,,,,
2012-07-12,11,3,,,,,,
2012-07-13,12,3,,,,,,
2012-07-14,13,3,,,,,,
2012-07-15,14,3,,,,,,
2012-07-16,15,4,,,,,,
2012-07-17,16,4,,,,,,
2012-07-18,17,4,,,,,,
2012-07-19,18,4,,,,,,
2012-07-20,19,4,,,,,,
2012-07-21,20,4,,,,,,
2012-07-22,21,4,,,,,,
2012-07-23,22,4,,,,,,
2012-07-24,23,4,,,,,,
2012-07-25,24,4,,,,,,
2012-07-26,25,4,,,,,,
2012-07-27,26,4,,,,,,
2012-07-28,27,4,,,,,,
2012-07-29,28,4,,,,,,
2012-07-30,29,4,,,,,,
2012-07-31,30,4,,,,,,
2012-08-01,31,4,,,,,,
2012-08-02,32,4,,,,,,
2012-08-03,33,5,,,,,,
2012-08-04,34,5,,,,,,
2012-08-05,35,5,,,,,,
2012-08-06,36,5,,,,,,
2012-08-07,37,7,,,,,,
2012-08-08,38,6,2,,,,,
2012-08-09,39,6,2,,,,,
2012-08-10,40,6,2,,,,,
2012-08-11,41,6,4,,,,,
2012-08-12,42,8,4,,,,,
2012-08-13,43,8,4,,,,,
2012-08-14,44,9,4,,,,,
2012-08-15,45,8,4,,,,,
2012-08-16,46,8,4,,,,,
2012-08-17,47,8,4,,,,,
2012-08-18,48,8,4,,,,,
2012-08-19,49,8,4,,,,,
2012-08-20,50,8,4,,,,,
2012-08-21,51,9,4,,,,,
2012-08-22,52,9,4,,,,,
2012-08-23,53,9,4,,,,,
2012-08-24,54,9,6,,,,,
2012-08-25,55,9,6,,,,,
2012-08-26,56,9,6,,,,,
2012-08-27,57,9,6,,,,,
2012-08-28,58,9,6,,,,,
2012-08-29,59,9,6,,,,,
2012-08-30,60,9,6,,,,,
2012-08-31,61,9,6,,,,,
2012-09-01,62,10,6,,,,,
2012-09-02,63,10,6,,,,,
2012-09-03,64,11,4,,,,,
2012-09-04,65,11,4,,,,,
2012-09-05,66,11,4,,,,,
2012-09-06,67,11,4,,,,,
2012-09-07,68,11,4,,,,,
2012-09-08,69,11,4,,,,,
2012-09-09,70,11,4,,,,,
2012-09-10,71,11,4,,,,,
2012-09-11,72,11,4,,,,,
2012-09-12,73,11,4,,,,,
2012-09-13,74,11,4,,,,,
2012-09-14,75,11,4,,,,,
2012-09-15,76,11,4,,,,,
2012-09-16,77,11,4,,,,,
2012-09-17,78,11,4,,,,,
2012-09-18,79,11,4,,,,,
2012-09-19,80,11,4,,,,,
2012-09-20,81,11,4,,,,,
2012-09-21,82,12,2,,,,,
2012-09-22,83,13,2,,,,,
2012-09-23,84,13,2,,,,,
2012-09-24,85,13,2,,,,,
2012-09-25,86,13,2,,,,,
2012-09-26,87,14,2,,,,,
2012-09-27,88,14,2,,,,,
2012-09-28,89,14,2,,,,,
2012-09-29,90,14,2,,,,,
2012-09-30,91,14,2,,,,,
2012-10-01,,,,,,,,
2012-10-02,1,1,,,,,,
2012-10-03,2,1,,,,,,
2012-10-04,3,1,,,,,,
2012-10-05,4,1,,,,,,
2012-10-06,5,1,,,,,,
2012-10-07,6,1,,,,,,
2012-10-08,7,1,,,,,,
2012-10-09,8,1,,,,,,
2012-10-10,9,3,,,,,,
2012-10-11,10,4,,,,,,
2012-10-12,11,4,,,,,,
2012-10-13,12,4,,,,,,
2012-10-14,13,4,,,,,,
2012-10-15,14,5,,,,,,
2012-10-16,15,5,,,,,,
2012-10-17,16,6,,,,,,
2012-10-18,17,8,2,,,,,
2012-10-19,18,10,2,,,,,
2012-10-20,19,10,2,,,,,
2012-10-21,20,11,2,,,,,
2012-10-22,21,11,2,,,,,
2012-10-23,22,11,2,,,,,
2012-10-24,23,11,2,,,,,
2012-10-25,24,11,2,,,,,
2012-10-26,25,11,2,,,,,
2012-10-27,26,11,2,,,,,
2012-10-28,27,11,2,,,,,
2012-10-29,28,11,2,,,,,
2012-10-30,29,12,2,,,,,
2012-10-31,30,12,2,,,,,
2012-11-01,31,14,,,,,,
2012-11-02,32,15,,,,,,
2012-11-03,33,15,,,,,,
2012-11-04,34,15,,,,,,
2012-11-05,35,15,,,,,,
2012-11-06,36,15,,,,,,
2012-11-07,37,15,,,,,,
2012-11-08,38,15,2,,,,,
2012-11-09,39,15,2,,,,,
2012-11-10,40,15,2,,,,,
2012-11-11,41,15,2,,,,,
2012-11-12,42,15,2,,,,,
2012-11-13,43,15,2,,,,,
2012-11-14,44,15,2,,,,,
2012-11-15,45,14,2,,,,,
2012-11-16,46,14,2,,,,,
2012-11-17,47,14,2,,,,,
2012-11-18,48,14,2,,,,,
2012-11-19,49,15,2,,,,,
2012-11-20,50,15,2,,,,,
2012-11-21,51,16,2,,,,,
2012-11-22,52,16,2,,,,,
2012-11-23,53,18,,,,,,
2012-11-24,54,18,,,,,,
2012-11-25,55,18,,,,,,
2012-11-26,56,17,4,,,,,
2012-11-27,57,17,4,,,,,
2012-11-28,58,18,4,,,,,
2012-11-29,59,19,4,,,,,
2012-11-30,60,19,4,,,,,
2012-12-01,61,19,4,,,,,
2012-12-02,62,19,4,,,,,
2012-12-03,63,19,4,,,,,
2012-12-04,64,19,4,,,,,
2012-12-05,65,19,4,,,,,
2012-12-06,66,19,4,,,,,
2012-12-07,67,18,,4,,,,
2012-12-08,68,18,,4,,,,
2012-12-09,69,18,,4,,,,
2012-12-10,70,18,,4,,,,
2012-12-11,71,18,,4,,,,
2012-12-12,72,19,,4,,,,
2012-12-13,73,19,,4,,,,
2012-12-14,74,19,,4,,,,
2012-12-15,75,19,,4,,,,
2012-12-16,76,19,,4,,,,
2012-12-17,77,24,,4,,,,
2012-12-18,78,24,,4,,,,
2012-12-19,79,24,,4,,,,
2012-12-20,80,25,,4,,,,
2012-12-21,81,25,,4,,,,
2012-12-22,82,25,,4,,,,
2012-12-23,83,25,,4,,,,
2012-12-24,84,25,,4,,,,
2012-12-25,85,25,,4,,,,
2012-12-26,86,25,,4,,,,
2012-12-27,87,24,,5,,,,
2012-12-28,88,24,,5,,,,
2012-12-29,89,24,,5,,,,
2012-12-30,90,24,,5,,,,
2012-12-31,91,24,,5,,,,
2013-01-01,,,,,,,,
2013-01-02,,,,,,,,
2013-01-03,,,,,,,,
2013-01-04,3,1,,,,,,
2013-01-05,4,1,,,,,,
2013-01-06,5,1,,,,,,
2013-01-07,6,1,,,,,,
2013-01-08,7,1,,,,,,
2013-01-09,8,1,,,,,,
2013-01-10,9,1,,,,,,
2013-01-11,10,1,,,,,,
2013-01-12,11,1,,,,,,
2013-01-13,,,,,,,,
2013-01-14,,,,,,,,
2013-01-15,,,,,,,,
2013-01-16,,,,,,,,
2013-01-17,,,,,,,,
2013-01-18,,,,,,,,
2013-01-19,18,1,,,,,,
2013-01-20,,,,,,,,
2013-01-21,20,2,,,,,,
2013-01-22,21,2,,,,,,
2013-01-23,22,2,,,,,,
2013-01-24,23,2,,,,,,
2013-01-25,24,5,4,,,,,
2013-01-26,25,5,4,,,,,
2013-01-27,26,5,4,,,,,
2013-01-28,27,5,4,,,,,
2013-01-29,28,4,4,,,,,
2013-01-30,29,4,6,,,,,
2013-01-31,30,6,6,,,,,
2013-02-01,31,7,6,,,,,
2013-02-02,32,7,6,,,,,
2013-02-03,33,7,6,,,,,
2013-02-04,34,7,6,,,,,
2013-02-05,35,8,5,,,,,
2013-02-06,36,6,2,,8,,,
2013-02-07,37,7,2,,8,,,
2013-02-08,38,7,2,,8,,,
2013-02-09,39,7,2,,8,,,
2013-02-10,40,7,2,,8,,,
2013-02-11,41,7,2,,8,,,
2013-02-12,42,7,4,,10,,,
2013-02-13,43,7,4,9,,,,
2013-02-14,44,9,4,9,,,,
2013-02-15,45,10,4,9,,,,
2013-02-16,46,10,4,10,,,,
2013-02-17,47,10,4,10,,,,
2013-02-18,48,10,6,10,,,,
2013-02-19,49,10,6,10,,,,
2013-02-20,50,8,7,10,,,,
2013-02-21,51,8,5,,13,,,
2013-02-22,52,8,5,,14,,,
2013-02-23,53,8,5,,14,,,
2013-02-24,54,8,7,,14,,,
2013-02-25,55,8,7,,14,,,
2013-02-26,56,9,7,,14,,,
2013-02-27,57,9,7,,14,,,
2013-02-28,58,10,7,,14,,,
2013-03-01,59,11,7,,14,,,
2013-03-02,60,11,7,,14,,,
2013-03-03,61,11,7,,14,,,
2013-03-04,62,11,7,,14,,,
2013-03-05,63,11,7,,14,,,
2013-03-06,64,11,7,,14,,,
2013-03-07,65,11,7,,14,,,
2013-03-08,66,11,7,,14,,,
2013-03-09,67,11,7,,14,,,
2013-03-10,68,11,7,,14,,,
2013-03-11,69,11,7,,14,,,
2013-03-12,70,12,7,,14,,,
2013-03-13,71,12,7,,14,,,
2013-03-14,72,13,7,,14,,,
2013-03-15,73,13,7,,14,,,
2013-03-16,74,13,7,,14,,,
2013-03-17,75,12,7,,14,,,
2013-03-18,76,12,7,,14,,,
2013-03-19,77,12,7,,14,,,
2013-03-20,78,12,7,,14,,,
2013-03-21,79,12,7,,13,,,
2013-03-22,80,12,7,,13,,,
2013-03-23,81,12,7,,13,,,
2013-03-24,82,12,7,,13,,,
2013-03-25,83,12,7,,13,,,
2013-03-26,84,12,7,,13,,,
2013-03-27,85,13,7,,12,,,
2013-03-28,86,14,10,8,,,,
2013-03-29,87,14,10,8,,,,
2013-03-30,88,14,10,8,,,,
2013-03-31,89,14,10,7,,,,
2013-04-01,,,,,,,,
2013-04-02,,,,,,,,
2013-04-03,,,,,,,,
2013-04-04,,,,,,,,
2013-04-05,4,1,,,,,,
2013-04-06,5,1,,,,,,
2013-04-07,6,2,,,,,,
2013-04-08,7,2,,,,,,
2013-04-09,8,2,,,,,,
2013-04-10,9,2,,,,,,
2013-04-11,10,4,2,,,,,
2013-04-12,11,5,4,,,,,
2013-04-13,12,6,4,,,,,
2013-04-14,13,6,4,,,,,
2013-04-15,14,6,4,,,,,
2013-04-16,15,7,4,,,,,
2013-04-17,16,7,4,,,,,
2013-04-18,17,7,4,,,,,
2013-04-19,18,7,4,,,,,
2013-04-20,19,10,2,,,,,
2013-04-21,20,10,2,,,,,
2013-04-22,21,10,2,,,,,
2013-04-23,22,10,4,,,,,
2013-04-24,23,12,4,,,,,
2013-04-25,24,13,4,,,,,
2013-04-26,25,13,4,,,,,
2013-04-27,26,12,5,,,,,
2013-04-28,27,13,5,,,,,
2013-04-29,28,13,5,,,,,
2013-04-30,29,13,5,,,,,
2013-05-01,30,13,5,,,,,
2013-05-02,31,13,5,,,,,
2013-05-03,32,13,5,,,,,
2013-05-04,33,13,5,,,,,
2013-05-05,34,13,5,,,,,
2013-05-06,35,13,5,,,,,
2013-05-07,36,13,5,,,,,
2013-05-08,37,13,5,,,,,
2013-05-09,38,13,5,,,,,
2013-05-10,39,13,5,,,,,
2013-05-11,40,13,5,,,,,
2013-05-12,41,13,5,,,,,
2013-05-13,42,13,5,,,,,
2013-05-14,43,12,5,,,,,
2013-05-15,44,13,5,,,,,
2013-05-16,45,13,7,,,,,
2013-05-17,46,14,7,,,,,
2013-05-18,47,14,8,,,,,
2013-05-19,48,16,8,,,,,
2013-05-20,49,16,8,,,,,
2013-05-21,50,16,8,,,,,
2013-05-22,51,16,8,,,,,
2013-05-23,52,16,8,,,,,
2013-05-24,53,16,8,,,,,
2013-05-25,54,16,8,,,,,
2013-05-26,55,16,8,,,,,
2013-05-27,56,17,7,,,,,
2013-05-28,57,15,7,,,,,
2013-05-29,58,14,8,,,,,
2013-05-30,59,15,8,,,,,
2013-05-31,60,15,8,,,,,
2013-06-01,61,15,8,,,,,
2013-06-02,62,16,8,,,,,
2013-06-03,63,17,7,,,,,
2013-06-04,64,17,7,,,,,
2013-06-05,65,18,7,,,,,
2013-06-06,66,19,7,,,,,
2013-06-07,67,20,7,,,,,
2013-06-08,68,21,7,,,,,
2013-06-09,69,21,7,,,,,
2013-06-10,70,21,7,,,,,
2013-06-11,71,21,7,,,,,
2013-06-12,72,22,6,,,,,
2013-06-13,73,22,6,,,,,
2013-06-14,74,23,6,,,,,
2013-06-15,75,23,6,,,,,
2013-06-16,76,23,6,,,,,
2013-06-17,77,23,6,,,,,
2013-06-18,78,23,6,,,,,
2013-06-19,79,24,6,,,,,
2013-06-20,80,24,6,,,,,
2013-06-21,81,24,8,,,,,
2013-06-22,82,25,8,,,,,
2013-06-23,83,26,8,,,,,
2013-06-24,84,27,8,,,,,
2013-06-25,85,26,11,,,,,
2013-06-26,86,25,11,,,,,
2013-06-27,87,25,11,,,,,
2013-06-28,88,27,11,,,,,
2013-06-29,89,27,11,,,,,
2013-06-30,90,27,11,,,,,
2013-07-01,,,,,,,,
2013-07-02,1,1,,,,,,
2013-07-03,2,1,,,,,,
2013-07-04,3,1,,,,,,
2013-07-05,4,1,,,,,,
2013-07-06,5,1,,,,,,
2013-07-07,6,1,,,,,,
2013-07-08,7,1,,,,,,
2013-07-09,8,1,,,,,,
2013-07-10,9,1,,,,,,
2013-07-11,10,1,,,,,,
2013-07-12,11,2,,,,,,
2013-07-13,12,3,4,,,,,
2013-07-14,13,5,4,,,,,
2013-07-15,14,4,6,,,,,
2013-07-16,15,3,4,4,,,,
2013-07-17,16,2,4,4,,,,
2013-07-18,17,2,4,4,,,,
2013-07-19,18,2,4,4,,,,
2013-07-20,19,2,5,4,,,,
2013-07-21,20,2,5,4,,,,
2013-07-22,21,3,5,4,,,,
2013-07-23,22,5,5,4,,,,
2013-07-24,23,9,5,,,,,
2013-07-25,24,11,5,,,,,
2013-07-26,25,13,6,,,,,
2013-07-27,26,13,6,,,,,
2013-07-28,27,13,6,,,,,
2013-07-29,28,14,6,,,,,
2013-07-30,29,14,6,,,,,
2013-07-31,30,14,6,,,,,
2013-08-01,31,16,6,,,,,
2013-08-02,32,18,6,,,,,
2013-08-03,33,18,6,,,,,
2013-08-04,34,18,6,,,,,
2013-08-05,35,16,10,,,,,
2013-08-06,36,16,10,,,,,
2013-08-07,37,17,14,,,,,
2013-08-08,38,19,14,,,,,
2013-08-09,39,20,14,,,,,
2013-08-10,40,20,14,,,,,
2013-08-11,41,20,15,,,,,
2013-08-12,42,22,15,,,,,
2013-08-13,43,24,15,,,,,
2013-08-14,44,24,15,,,,,
2013-08-15,45,24,15,,,,,
2013-08-16,46,25,15,,,,,
2013-08-17,47,25,15,,,,,
2013-08-18,48,25,15,,,,,
2013-08-19,49,25,15,,,,,
2013-08-20,50,25,15,,,,,
2013-08-21,51,26,17,,,,,
2013-08-22,52,26,19,,,,,
2013-08-23,53,27,19,,,,,
2013-08-24,54,27,19,,,,,
2013-08-25,55,27,19,,,,,
2013-08-26,56,28,19,,,,,
2013-08-27,57,29,18,,,,,
2013-08-28,58,28,18,,,,,
2013-08-29,59,28,18,,,,,
2013-08-30,60,28,19,,,,,
2013-08-31,61,28,19,,,,,
2013-09-01,62,27,20,,,,,
2013-09-02,63,28,20,,,,,
2013-09-03,64,29,20,,,,,
2013-09-04,65,29,20,,,,,
2013-09-05,66,30,20,,,,,
2013-09-06,67,31,20,,,,,
2013-09-07,68,31,20,,,,,
2013-09-08,69,31,20,,,,,
2013-09-09,70,30,22,,,,,
2013-09-10,71,30,22,,,,,
2013-09-11,72,28,24,,,,,
2013-09-12,73,28,24,,,,,
2013-09-13,74,29,24,,,,,
2013-09-14,75,29,24,,,,,
2013-09-15,76,30,24,,,,,
2013-09-16,77,29,26,,,,,
2013-09-17,78,29,26,,,,,
2013-09-18,79,29,26,,,,,
2013-09-19,80,30,26,,,,,
2013-09-20,81,30,26,,,,,
2013-09-21,82,30,26,,,,,
2013-09-22,83,30,26,,,,,
2013-09-23,84,30,26,,,,,
2013-09-24,85,30,26,,,,,
2013-09-25,86,31,26,,,,,
2013-09-26,87,32,26,,,,,
2013-09-27,88,32,26,,,,,
2013-09-28,89,32,26,,,,,
2013-09-29,90,32,26,,,,,
2013-09-30,91,32,26,,,,,
2013-10-01,,,,,,,,
2013-10-02,1,1,,,,,,
2013-10-03,2,1,,,,,,
2013-10-04,3,1,,,,,,
2013-10-05,4,1,,,,,,
2013-10-06,5,1,,,,,,
2013-10-07,6,1,,,,,,
2013-10-08,7,1,,,,,,
2013-10-09,8,1,,,,,,
2013-10-10,9,1,,,,,,
2013-10-11,10,1,2,,,,,
2013-10-12,11,1,2,,,,,
2013-10-13,12,1,2,,,,,
2013-10-14,13,1,2,,,,,
2013-10-15,14,1,2,,,,,
2013-10-16,15,,3,,,,,
2013-10-17,16,,3,,,,,
2013-10-18,17,,3,,,,,
2013-10-19,18,,3,,,,,
2013-10-20,19,,3,,,,,
2013-10-21,20,,3,,,,,
2013-10-22,21,,3,,,,,
2013-10-23,22,,3,,,,,
2013-10-24,23,1,3,,,,,
2013-10-25,24,1,3,,,,,
2013-10-26,25,1,3,,,,,
2013-10-27,26,1,3,,,,,
2013-10-28,27,1,2,,,,,
2013-10-29,28,2,2,,,,,
2013-10-30,29,2,2,,,,,
2013-10-31,30,3,2,,,,,
2013-11-01,31,3,2,,,,,
2013-11-02,32,3,2,,,,,
2013-11-03,33,3,2,,,,,
2013-11-04,34,3,2,,,,,
2013-11-05,35,4,2,,,,,
2013-11-06,36,4,3,,,,,
2013-11-07,37,4,3,,,,,
2013-11-08,38,4,3,,,,,
2013-11-09,39,4,3,,,,,
2013-11-10,40,4,3,,,,,
2013-11-11,41,5,2,,,,,
2013-11-12,42,6,2,,,,,
2013-11-13,43,6,2,,,,,
2013-11-14,44,6,2,,,,,
2013-11-15,45,6,2,,,,,
2013-11-16,46,6,2,,,,,
2013-11-17,47,6,2,,,,,
2013-11-18,48,6,2,,,,,
2013-11-19,49,6,2,,,,,
2013-11-20,50,6,2,,,,,
2013-11-21,51,7,2,,,,,
2013-11-22,52,8,2,,,,,
2013-11-23,53,8,2,,,,,
2013-11-24,54,8,2,,,,,
2013-11-25,55,8,2,,,,,
2013-11-26,56,8,2,,,,,
2013-11-27,57,10,2,,,,,
2013-11-28,58,10,2,,,,,
2013-11-29,59,10,2,,,,,
2013-11-30,60,10,2,,,,,
2013-12-01,61,10,2,,,,,
2013-12-02,62,10,2,,,,,
2013-12-03,63,10,2,,,,,
2013-12-04,64,10,2,,,,,
2013-12-05,65,10,2,,,,,
2013-12-06,66,10,4,,,,,
2013-12-07,67,10,4,,,,,
2013-12-08,68,9,6,,,,,
2013-12-09,69,10,6,,,,,
2013-12-10,70,10,6,,,,,
2013-12-11,71,10,6,,,,,
2013-12-12,72,11,6,,,,,
2013-12-13,73,11,6,,,,,
2013-12-14,74,11,6,,,,,
2013-12-15,75,12,6,,,,,
2013-12-16,76,13,6,,,,,
2013-12-17,77,13,6,,,,,
2013-12-18,78,14,6,,,,,
2013-12-19,79,14,6,,,,,
2013-12-20,80,15,6,,,,,
2013-12-21,81,15,6,,,,,
2013-12-22,82,15,6,,,,,
2013-12-23,83,15,6,,,,,
2013-12-24,84,15,6,,,,,
2013-12-25,85,15,6,,,,,
2013-12-26,86,15,5,,,,,
2013-12-27,87,15,5,,,,,
2013-12-28,88,15,5,,,,,
2013-12-29,89,16,5,,,,,
2013-12-30,90,18,5,,,,,
2013-12-31,91,18,5,,,,,
2014-01-01,,,,,,,,
2014-01-02,,,,,,,,
2014-01-03,,,,,,,,
2014-01-04,,,,,,,,
2014-01-05,,,,,,,,
2014-01-06,5,1,,,,,,
2014-01-07,6,1,,,,,,
2014-01-08,7,2,,,,,,
2014-01-09,8,2,,,,,,
2014-01-10,9,2,,,,,,
2014-01-11,10,2,,,,,,
2014-01-12,11,2,,,,,,
2014-01-13,12,4,,,,,,
2014-01-14,13,4,,,,,,
2014-01-15,14,5,,,,,,
2014-01-16,15,5,,,,,,
2014-01-17,16,6,,,,,,
2014-01-18,17,6,,,,,,
2014-01-19,18,6,,,,,,
2014-01-20,19,6,,,,,,
2014-01-21,20,6,,,,,,
2014-01-22,21,6,,,,,,
2014-01-23,22,6,,,,,,
2014-01-24,23,6,,,,,,
2014-01-25,24,6,,,,,,
2014-01-26,25,6,,,,,,
2014-01-27,26,6,,,,,,
2014-01-28,27,6,,,,,,
2014-01-29,28,6,,,,,,
2014-01-30,29,6,,,,,,
2014-01-31,30,6,,,,,,
2014-02-01,31,6,,,,,,
2014-02-02,32,7,,,,,,
2014-02-03,33,7,,,,,,
2014-02-04,34,7,,,,,,
2014-02-05,35,7,,,,,,
2014-02-06,36,7,,,,,,
2014-02-07,37,7,,,,,,
2014-02-08,38,7,,,,,,
2014-02-09,39,7,,,,,,
2014-02-10,40,7,,,,,,
2014-02-11,41,8,,,,,,
2014-02-12,42,8,,,,,,
2014-02-13,43,8,,,,,,
2014-02-14,44,8,,,,,,
2014-02-15,45,8,,,,,,
2014-02-16,46,8,,,,,,
2014-02-17,47,8,,,,,,
2014-02-18,48,7,,,,,,
2014-02-19,49,7,,,,,,
2014-02-20,50,8,,,,,,
2014-02-21,51,8,,,,,,
2014-02-22,52,8,,,,,,
2014-02-23,53,8,,,,,,
2014-02-24,54,8,,,,,,
2014-02-25,55,8,,,,,,
2014-02-26,56,8,,,,,,
2014-02-27,57,8,,,,,,
2014-02-28,58,8,,,,,,
2014-03-01,59,8,,,,,,
2014-03-02,60,8,,,,,,
2014-03-03,61,7,2,,,,,
2014-03-04,62,7,2,,,,,
2014-03-05,63,7,2,,,,,
2014-03-06,64,7,2,,,,,
2014-03-07,65,7,2,,,,,
2014-03-08,66,7,2,,,,,
2014-03-09,67,7,2,,,,,
2014-03-10,68,7,2,,,,,
2014-03-11,69,7,2,,,,,
2014-03-12,70,7,2,,,,,
2014-03-13,71,7,2,,,,,
2014-03-14,72,7,2,,,,,
2014-03-15,73,7,2,,,,,
2014-03-16,74,7,2,,,,,
2014-03-17,75,7,4,,,,,
2014-03-18,76,8,4,,,,,
2014-03-19,77,8,4,,,,,
2014-03-20,78,9,4,,,,,
2014-03-21,79,9,4,,,,,
2014-03-22,80,9,4,,,,,
2014-03-23,81,9,4,,,,,
2014-03-24,82,9,4,,,,,
2014-03-25,83,11,4,,,,,
2014-03-26,84,11,4,,,,,
2014-03-27,85,11,4,,,,,
2014-03-28,86,11,4,,,,,
2014-03-29,87,11,4,,,,,
2014-03-30,88,11,4,,,,,
2014-03-31,89,13,4,,,,,
2014-04-01,,,,,,,,
2014-04-02,1,1,,,,,,
2014-04-03,2,1,,,,,,
2014-04-04,3,1,,,,,,
2014-04-05,4,1,,,,,,
2014-04-06,5,1,,,,,,
2014-04-07,6,1,,,,,,
2014-04-08,7,2,,,,,,
2014-04-09,8,2,,,,,,
2014-04-10,9,3,,,,,,
2014-04-11,10,4,,,,,,
2014-04-12,11,5,,,,,,
2014-04-13,12,6,,,,,,
2014-04-14,13,6,,,,,,
2014-04-15,14,5,2,,,,,
2014-04-16,15,6,2,,,,,
2014-04-17,16,6,2,,,,,
2014-04-18,17,6,4,,,,,
2014-04-19,18,6,4,,,,,
2014-04-20,19,6,4,,,,,
2014-04-21,20,6,4,,,,,
2014-04-22,21,6,4,,,,,
2014-04-23,22,7,4,,,,,
2014-04-24,23,8,4,,,,,
2014-04-25,24,8,4,,,,,
2014-04-26,25,8,4,,,,,
2014-04-27,26,8,4,,,,,
2014-04-28,27,8,4,,,,,
2014-04-29,28,8,4,,,,,
2014-04-30,29,8,4,,,,,
2014-05-01,30,8,4,,,,,
2014-05-02,31,8,4,,,,,
2014-05-03,32,8,4,,,,,
2014-05-04,33,8,4,,,,,
2014-05-05,34,8,4,,,,,
2014-05-06,35,8,4,,,,,
2014-05-07,36,8,4,,,,,
2014-05-08,37,8,4,,,,,
2014-05-09,38,8,4,,,,,
2014-05-10,39,8,4,,,,,
2014-05-11,40,8,4,,,,,
2014-05-12,41,8,4,,,,,
2014-05-13,42,8,4,,,,,
2014-05-14,43,8,4,,,,,
2014-05-15,44,8,4,,,,,
2014-05-16,45,8,4,,,,,
2014-05-17,46,7,4,,,,,
2014-05-18,47,7,4,,,,,
2014-05-19,48,7,4,,,,,
2014-05-20,49,7,4,,,,,
2014-05-21,50,7,4,,,,,
2014-05-22,51,9,2,,,,,
2014-05-23,52,9,2,,,,,
2014-05-24,53,9,2,,,,,
2014-05-25,54,9,2,,,,,
2014-05-26,55,9,2,,,,,
2014-05-27,56,9,2,,,,,
2014-05-28,57,9,2,,,,,
2014-05-29,58,10,2,,,,,
2014-05-30,59,13,2,,,,,
2014-05-31,60,13,2,,,,,
2014-06-01,61,13,2,,,,,
2014-06-02,62,13,2,,,,,
2014-06-03,63,13,2,,,,,
2014-06-04,64,13,2,,,,,
2014-06-05,65,13,2,,,,,
2014-06-06,66,13,2,,,,,
2014-06-07,67,13,2,,,,,
2014-06-08,68,13,2,,,,,
2014-06-09,69,13,2,,,,,
2014-06-10,70,13,2,,,,,
2014-06-11,71,14,2,,,,,
2014-06-12,72,15,2,,,,,
2014-06-13,73,15,2,,,,,
2014-06-14,74,15,2,,,,,
2014-06-15,75,15,2,,,,,
2014-06-16,76,15,2,,,,,
2014-06-17,77,15,2,,,,,
2014-06-18,78,15,2,,,,,
2014-06-19,79,15,2,,,,,
2014-06-20,80,15,2,,,,,
2014-06-21,81,15,2,,,,,
2014-06-22,82,14,2,,,,,
2014-06-23,83,15,2,,,,,
2014-06-24,84,16,2,,,,,
2014-06-25,85,16,2,,,,,
2014-06-26,86,16,2,,,,,
2014-06-27,87,16,2,,,,,
2014-06-28,88,16,2,,,,,
2014-06-29,89,16,2,,,,,
2014-06-30,90,16,2,,,,,
2014-07-01,,,,,,,,
2014-07-02,,,,,,,,
2014-07-03,2,,2,,,,,
2014-07-04,3,,2,,,,,
2014-07-05,4,,2,,,,,
2014-07-06,5,,2,,,,,
2014-07-07,6,,2,,,,,
2014-07-08,7,1,,,,,,
2014-07-09,8,1,,,,,,
2014-07-10,9,1,,,,,,
2014-07-11,10,2,,,,,,
2014-07-12,11,2,,,,,,
2014-07-13,12,2,,,,,,
2014-07-14,13,2,,,,,,
2014-07-15,14,2,,,,,,
2014-07-16,15,2,,,,,,
2014-07-17,16,2,,,,,,
2014-07-18,17,2,,,,,,
2014-07-19,18,1,,,,,,
2014-07-20,19,1,,,,,,
2014-07-21,20,1,,,,,,
2014-07-22,21,1,,,,,,
2014-07-23,22,4,,,,,,
2014-07-24,23,4,,,,,,
2014-07-25,24,5,,,,,,
2014-07-26,25,5,,,,,,
2014-07-27,26,5,,,,,,
2014-07-28,27,5,,,,,,
2014-07-29,28,5,,,,,,
2014-07-30,29,4,,,,,,
2014-07-31,30,3,,,,,,
2014-08-01,31,3,3,,,,,
2014-08-02,32,3,3,,,,,
2014-08-03,33,3,3,,,,,
2014-08-04,34,3,3,,,,,
2014-08-05,35,4,3,,,,,
2014-08-06,36,5,3,,,,,
2014-08-07,37,6,3,,,,,
2014-08-08,38,6,3,,,,,
2014-08-09,39,6,3,,,,,
2014-08-10,40,6,3,,,,,
2014-08-11,41,6,3,,,,,
2014-08-12,42,6,3,,,,,
2014-08-13,43,7,2,,,,,
2014-08-14,44,8,4,,,,,
2014-08-15,45,8,4,,,,,
2014-08-16,46,8,4,,,,,
2014-08-17,47,8,4,,,,,
2014-08-18,48,8,4,,,,,
2014-08-19,49,8,4,,,,,
2014-08-20,50,8,4,,,,,
2014-08-21,51,8,4,,,,,
2014-08-22,52,8,4,,,,,
2014-08-23,53,8,4,,,,,
2014-08-24,54,8,4,,,,,
2014-08-25,55,8,4,,,,,
2014-08-26,56,7,4,,,,,
2014-08-27,57,8,4,,,,,
2014-08-28,58,8,4,,,,,
2014-08-29,59,8,4,,,,,
2014-08-30,60,8,4,,,,,
2014-08-31,61,8,4,,,,,
2014-09-01,62,8,4,,,,,
2014-09-02,63,8,4,,,,,
2014-09-03,64,7,5,,,,,
2014-09-04,65,7,5,,,,,
2014-09-05,66,7,7,,,,,
2014-09-06,67,7,7,,,,,
2014-09-07,68,7,7,,,,,
2014-09-08,69,8,7,,,,,
2014-09-09,70,8,7,,,,,
2014-09-10,71,8,7,,,,,
2014-09-11,72,9,7,,,,,
2014-09-12,73,9,7,,,,,
2014-09-13,74,9,7,,,,,
2014-09-14,75,9,7,,,,,
2014-09-15,76,8,7,,,,,
2014-09-16,77,8,7,,,,,
2014-09-17,78,8,7,,,,,
2014-09-18,79,8,7,,,,,
2014-09-19,80,8,10,,,,,
2014-09-20,81,9,10,,,,,
2014-09-21,82,9,10,,,,,
2014-09-22,83,9,10,,,,,
2014-09-23,84,9,10,,,,,
2014-09-24,85,9,10,,,,,
2014-09-25,86,9,10,,,,,
2014-09-26,87,9,10,,,,,
2014-09-27,88,11,10,,,,,
2014-09-28,89,11,10,,,,,
2014-09-29,90,11,10,,,,,
2014-09-30,91,11,10,,,,,
2014-10-01,,,,,,,,
2014-10-02,,,,,,,,
2014-10-03,,,,,,,,
2014-10-04,,,,,,,,
2014-10-05,4,1,,,,,,
2014-10-06,5,1,,,,,,
2014-10-07,6,2,,,,,,
2014-10-08,7,1,2,,,,,
2014-10-09,8,1,2,,,,,
2014-10-10,9,1,2,,,,,
2014-10-11,10,1,2,,,,,
2014-10-12,11,1,2,,,,,
2014-10-13,12,1,2,,,,,
2014-10-14,13,1,2,,,,,
2014-10-15,14,1,2,,,,,
2014-10-16,15,1,2,,,,,
2014-10-17,16,1,2,,,,,
2014-10-18,17,1,2,,,,,
2014-10-19,18,2,2,,,,,
2014-10-20,19,2,2,,,,,
2014-10-21,20,2,2,,,,,
2014-10-22,21,2,2,,,,,
2014-10-23,22,4,,,,,,
2014-10-24,23,5,,,,,,
2014-10-25,24,5,,,,,,
2014-10-26,25,5,,,,,,
2014-10-27,26,6,,,,,,
2014-10-28,27,6,,,,,,
2014-10-29,28,6,,,,,,
2014-10-30,29,6,,,,,,
2014-10-31,30,7,,,,,,
2014-11-01,31,7,,,,,,
2014-11-02,32,7,,,,,,
2014-11-03,33,6,,,,,,
2014-11-04,34,7,,,,,,
2014-11-05,35,7,,,,,,
2014-11-06,36,7,,,,,,
2014-11-07,37,7,,,,,,
2014-11-08,38,7,,,,,,
2014-11-09,39,7,,,,,,
2014-11-10,40,7,,,,,,
2014-11-11,41,8,,,,,,
2014-11-12,42,6,2,,,,,
2014-11-13,43,7,3,,,,,
2014-11-14,44,7,3,,,,,
2014-11-15,45,8,3,,,,,
2014-11-16,46,8,3,,,,,
2014-11-17,47,8,3,,,,,
2014-11-18,48,10,3,,,,,
2014-11-19,49,10,3,,,,,
2014-11-20,50,10,3,,,,,
2014-11-21,51,11,3,,,,,
2014-11-22,52,11,3,,,,,
2014-11-23,53,11,3,,,,,
2014-11-24,54,10,3,,,,,
2014-11-25,55,10,3,,,,,
2014-11-26,56,10,3,,,,,
2014-11-27,57,11,3,,,,,
2014-11-28,58,12,3,,,,,
2014-11-29,59,12,3,,,,,
2014-11-30,60,13,3,,,,,
2014-12-01,61,12,3,,,,,
2014-12-02,62,12,3,,,,,
2014-12-03,63,12,3,,,,,
2014-12-04,64,11,3,,,,,
2014-12-05,65,12,3,,,,,
2014-12-06,66,12,3,,,,,
2014-12-07,67,12,3,,,,,
2014-12-08,68,13,3,,,,,
2014-12-09,69,13,3,,,,,
2014-12-10,70,13,3,,,,,
2014-12-11,71,13,3,,,,,
2014-12-12,72,13,3,,,,,
2014-12-13,73,13,3,,,,,
2014-12-14,74,12,3,,,,,
2014-12-15,75,12,3,,,,,
2014-12-16,76,12,5,,,,,
2014-12-17,77,13,7,,,,,
2014-12-18,78,13,7,,,,,
2014-12-19,79,14,8,,,,,
2014-12-20,80,14,8,,,,,
2014-12-21,81,14,8,,,,,
2014-12-22,82,13,8,,,,,
2014-12-23,83,13,8,,,,,
2014-12-24,84,13,8,,,,,
2014-12-25,85,13,8,,,,,
2014-12-26,86,14,8,,,,,
2014-12-27,87,14,8,,,,,
2014-12-28,88,14,8,,,,,
2014-12-29,89,14,8,,,,,
2014-12-30,90,15,6,,,,,
2014-12-31,91,15,6,,,,,
2015-01-01,,,,,,,,
2015-01-02,,,,,,,,
2015-01-03,,,,,,,,
2015-01-04,,,,,,,,
2015-01-05,,,,,,,,
2015-01-06,5,1,,,,,,
2015-01-07,6,1,,,,,,
2015-01-08,7,1,,,,,,
2015-01-09,8,1,,,,,,
2015-01-10,9,1,,,,,,
2015-01-11,10,1,,,,,,
2015-01-12,11,1,,,,,,
2015-01-13,12,3,,,,,,
2015-01-14,13,3,,,,,,
2015-01-15,14,4,,,,,,
2015-01-16,15,6,,,,,,
2015-01-17,16,6,,,,,,
2015-01-18,17,6,,,,,,
2015-01-19,18,5,,,,,,
2015-01-20,19,4,2,,,,,
2015-01-21,20,3,3,,,,,
2015-01-22,21,3,3,,,,,
2015-01-23,22,3,3,,,,,
2015-01-24,23,3,3,,,,,
2015-01-25,24,3,3,,,,,
2015-01-26,25,3,3,,,,,
2015-01-27,26,3,3,,,,,
2015-01-28,27,4,2,,,,,
2015-01-29,28,4,2,,,,,
2015-01-30,29,4,2,,,,,
2015-01-31,30,4,2,,,,,
2015-02-01,31,4,2,,,,,
2015-02-02,32,5,2,,,,,
2015-02-03,33,5,2,,,,,
2015-02-04,34,5,2,,,,,
2015-02-05,35,6,,,,,,
2015-02-06,36,7,,,,,,
2015-02-07,37,7,,,,,,
2015-02-08,38,8,,,,,,
2015-02-09,39,7,2,,,,,
2015-02-10,40,7,2,,,,,
2015-02-11,41,7,2,,,,,
2015-02-12,42,7,2,,,,,
2015-02-13,43,7,2,,,,,
2015-02-14,44,7,2,,,,,
2015-02-15,45,7,2,,,,,
2015-02-16,46,7,2,,,,,
2015-02-17,47,8,2,,,,,
2015-02-18,48,9,2,,,,,
2015-02-19,49,9,2,,,,,
2015-02-20,50,9,2,,,,,
2015-02-21,51,9,2,,,,,
2015-02-22,52,9,2,,,,,
2015-02-23,53,11,2,,,,,
2015-02-24,54,12,2,,,,,
2015-02-25,55,13,2,,,,,
2015-02-26,56,13,2,,,,,
2015-02-27,57,12,2,,,,,
2015-02-28,58,13,2,,,,,
2015-03-01,59,13,2,,,,,
2015-03-02,60,13,2,,,,,
2015-03-03,61,13,2,,,,,
2015-03-04,62,14,2,,,,,
2015-03-05,63,15,2,,,,,
2015-03-06,64,15,2,,,,,
2015-03-07,65,15,2,,,,,
2015-03-08,66,15,2,,,,,
2015-03-09,67,14,2,,,,,
2015-03-10,68,14,2,,,,,
2015-03-11,69,14,2,,,,,
2015-03-12,70,14,2,,,,,
2015-03-13,71,14,2,,,,,
2015-03-14,72,15,2,,,,,
2015-03-15,73,15,2,,,,,
2015-03-16,74,15,2,,,,,
2015-03-17,75,15,2,,,,,
2015-03-18,76,14,2,,,,,
2015-03-19,77,15,2,,,,,
2015-03-20,78,15,2,,,,,
2015-03-21,79,15,2,,,,,
2015-03-22,80,15,2,,,,,
2015-03-23,81,16,2,,,,,
2015-03-24,82,18,2,,,,,
2015-03-25,83,19,2,,,,,
2015-03-26,84,20,2,,,,,
2015-03-27,85,20,2,,,,,
2015-03-28,86,21,2,,,,,
2015-03-29,87,21,2,,,,,
2015-03-30,88,21,2,,,,,
2015-03-31,89,22,6,,,,,
2015-04-01,,,,,,,,
2015-04-02,,,,,,,,
2015-04-03,2,1,,,,,,
2015-04-04,3,1,,,,,,
2015-04-05,4,1,,,,,,
2015-04-06,5,1,,,,,,
2015-04-07,,,,,,,,
2015-04-08,,,,,,,,
2015-04-09,8,1,,,,,,
2015-04-10,9,1,,,,,,
2015-04-11,10,1,,,,,,
2015-04-12,11,1,,,,,,
2015-04-13,12,1,,,,,,
2015-04-14,13,1,,,,,,
2015-04-15,14,2,,,,,,
2015-04-16,15,1,,,,,,
2015-04-17,16,1,,,,,,
2015-04-18,17,2,,,,,,
2015-04-19,18,2,,,,,,
2015-04-20,19,1,2,,,,,
2015-04-21,20,1,2,,,,,
2015-04-22,21,1,2,,,,,
2015-04-23,22,1,2,,,,,
2015-04-24,23,2,4,,,,,
2015-04-25,24,2,4,,,,,
2015-04-26,25,2,4,,,,,
2015-04-27,26,2,4,,,,,
2015-04-28,27,2,4,,,,,
2015-04-29,28,3,4,,,,,
2015-04-30,29,4,4,,,,,
2015-05-01,30,4,4,,,,,
2015-05-02,31,4,7,,,,,
2015-05-03,32,4,7,,,,,
2015-05-04,33,4,7,,,,,
2015-05-05,34,5,5,,,,,
2015-05-06,35,5,5,,,,,
2015-05-07,36,6,5,,,,,
2015-05-08,37,7,5,,,,,
2015-05-09,38,7,5,,,,,
2015-05-10,39,8,4,,,,,
2015-05-11,40,8,4,,,,,
2015-05-12,41,8,4,,,,,
2015-05-13,42,8,6,,,,,
2015-05-14,43,8,6,,,,,
2015-05-15,44,10,6,,,,,
2015-05-16,45,10,6,,,,,
2015-05-17,46,10,6,,,,,
2015-05-18,47,10,6,,,,,
2015-05-19,48,9,6,,,,,
2015-05-20,49,9,6,,,,,
2015-05-21,50,8,8,,,,,
2015-05-22,51,8,9,,,,,
2015-05-23,52,8,9,,,,,
2015-05-24,53,8,9,,,,,
2015-05-25,54,9,7,,,,,
2015-05-26,55,9,7,,,,,
2015-05-27,56,9,7,,,,,
2015-05-28,57,9,7,,,,,
2015-05-29,58,9,9,,,,,
2015-05-30,59,9,9,,,,,
2015-05-31,60,9,9,,,,,
2015-06-01,61,9,9,,,,,
2015-06-02,62,9,9,,,,,
2015-06-03,63,9,11,,,,,
2015-06-04,64,9,11,,,,,
2015-06-05,65,9,16,,,,,
2015-06-06,66,9,16,,,,,
2015-06-07,67,9,16,,,,,
2015-06-08,68,9,18,,,,,
2015-06-09,69,10,20,,,,,
2015-06-10,70,9,23,,,,,
2015-06-11,71,9,23,,,,,
2015-06-12,72,8,24,,,,,
2015-06-13,73,8,24,,,,,
2015-06-14,74,8,24,,,,,
2015-06-15,75,8,24,,,,,
2015-06-16,76,7,24,,,,,
2015-06-17,77,8,24,,,,,
2015-06-18,78,8,24,,,,,
2015-06-19,79,8,24,,,,,
2015-06-20,80,8,24,,,,,
2015-06-21,81,8,24,,,,,
2015-06-22,82,8,24,,,,,
2015-06-23,83,8,24,,,,,
2015-06-24,84,8,24,,,,,
2015-06-25,85,8,24,,,,,
2015-06-26,86,8,24,,,,,
2015-06-27,87,8,24,,,,,
2015-06-28,88,8,24,,,,,
2015-06-29,89,9,24,,,,,
2015-06-30,90,9,24,,,,,
2015-07-01,,,,,,,,
2015-07-02,1,2,,,,,,
2015-07-03,2,2,,,,,,
2015-07-04,3,2,,,,,,
2015-07-05,4,2,,,,,,
2015-07-06,5,1,,,,,,
2015-07-07,6,2,,,,,,
2015-07-08,7,2,2,,,,,
2015-07-09,8,3,6,,,,,
2015-07-10,9,3,9,,,,,
2015-07-11,10,4,9,,,,,
2015-07-12,11,4,9,,,,,
2015-07-13,12,3,9,,,,,
2015-07-14,13,4,7,,,,,
2015-07-15,14,7,7,,,,,
2015-07-16,15,7,7,,,,,
2015-07-17,16,8,9,,,,,
2015-07-18,17,8,9,,,,,
2015-07-19,18,8,9,,,,,
2015-07-20,19,8,9,,,,,
2015-07-21,20,9,10,,,,,
2015-07-22,21,9,11,,,,,
2015-07-23,22,9,13,,,,,
2015-07-24,23,10,12,,,,,
2015-07-25,24,10,12,,,,,
2015-07-26,25,10,12,,,,,
2015-07-27,26,12,12,,,,,
2015-07-28,27,14,12,,,,,
2015-07-29,28,14,12,,,,,
2015-07-30,29,14,12,,,,,
2015-07-31,30,14,12,,,,,
2015-08-01,31,13,12,,,,,
2015-08-02,32,13,12,,,,,
2015-08-03,33,13,12,,,,,
2015-08-04,34,14,14,,,,,
2015-08-05,35,14,16,,6,,,
2015-08-06,36,14,18,,6,,,
2015-08-07,37,15,18,,6,,,
2015-08-08,38,17,18,,6,,,
2015-08-09,39,17,18,,6,,,
2015-08-10,40,17,18,,6,,,
2015-08-11,41,21,19,,6,,,
2015-08-12,42,20,10,12,6,,,
2015-08-13,43,20,10,12,6,,,
2015-08-14,44,22,10,12,6,,,
2015-08-15,45,24,10,12,6,,,
2015-08-16,46,24,10,12,6,,,
2015-08-17,47,24,10,14,6,,,
2015-08-18,48,22,8,17,9,,,
2015-08-19,49,22,8,18,9,,,
2015-08-20,50,24,8,20,9,,,
2015-08-21,51,25,8,20,9,,,
2015-08-22,52,25,8,20,9,,,
2015-08-23,53,24,8,20,9,,,
2015-08-24,54,24,8,20,9,,,
2015-08-25,55,25,8,20,9,,,
2015-08-26,56,25,8,20,9,,,
2015-08-27,57,25,8,20,11,,,
2015-08-28,58,26,8,20,11,,,
2015-08-29,59,26,8,20,11,,,
2015-08-30,60,26,8,20,11,,,
2015-08-31,61,26,8,20,11,,,
2015-09-01,62,26,8,20,11,,,
2015-09-02,63,26,8,20,11,,,
2015-09-03,64,26,8,20,11,,,
2015-09-04,65,26,8,20,11,,,
2015-09-05,66,26,8,20,11,,,
2015-09-06,67,25,8,20,11,,,
2015-09-07,68,25,8,20,11,,,
2015-09-08,69,25,8,20,11,,,
2015-09-09,70,25,8,20,11,,,
2015-09-10,71,25,8,20,11,,,
2015-09-11,72,25,8,20,11,,,
2015-09-12,73,26,8,20,11,,,
2015-09-13,74,26,8,20,11,,,
2015-09-14,75,26,10,20,11,,,
2015-09-15,76,26,10,20,11,,,
2015-09-16,77,26,10,20,11,,,
2015-09-17,78,27,10,20,11,,,
2015-09-18,79,28,10,20,11,,,
2015-09-19,80,28,10,20,11,,,
2015-09-20,81,28,10,20,11,,,
2015-09-21,82,27,10,21,11,,,
2015-09-22,83,27,10,21,11,,,
2015-09-23,84,30,10,21,11,,,
2015-09-24,85,31,10,21,11,,,
2015-09-25,86,31,10,21,11,,,
2015-09-26,87,31,10,21,11,,,
2015-09-27,88,31,10,21,11,,,
2015-09-28,89,30,10,21,11,,,
2015-09-29,90,30,10,21,11,,,
2015-09-30,91,30,10,21,11,,,
2015-10-01,,,,,,,,
2015-10-02,,,,,,,,
2015-10-03,,,,,,,,
2015-10-04,,,,,,,,
2015-10-05,4,2,,,,,,
2015-10-06,5,3,,,,,,
2015-10-07,6,3,,,,,,
2015-10-08,7,3,,,,,,
2015-10-09,8,4,,,,,,
2015-10-10,9,4,,,,,,
2015-10-11,10,4,,,,,,
2015-10-12,11,4,,,,,,
2015-10-13,12,4,,,,,,
2015-10-14,13,3,,,,,,
2015-10-15,14,3,,,,,,
2015-10-16,15,4,,,,,,
2015-10-17,16,4,,,,,,
2015-10-18,17,4,,,,,,
2015-10-19,18,4,2,,,,,
2015-10-20,19,6,2,,,,,
2015-10-21,20,4,4,9,,,,
2015-10-22,21,5,6,9,,,,
2015-10-23,22,5,6,10,,,,
2015-10-24,23,5,6,10,,,,
2015-10-25,24,5,6,10,,,,
2015-10-26,25,5,6,10,,,,
2015-10-27,26,5,8,10,,,,
2015-10-28,27,6,8,10,,,,
2015-10-29,28,7,8,10,,,,
2015-10-30,29,7,8,10,,,,
2015-10-31,30,7,8,10,,,,
2015-11-01,31,7,4,16,,,,
2015-11-02,32,7,4,16,,,,
2015-11-03,33,8,4,16,,,,
2015-11-04,34,8,4,5,13,,,
2015-11-05,35,8,4,5,13,,,
2015-11-06,36,8,4,5,13,,,
2015-11-07,37,9,4,5,13,,,
2015-11-08,38,10,4,5,13,,,
2015-11-09,39,10,4,5,12,,,
2015-11-10,40,10,4,5,17,,,
2015-11-11,41,12,2,5,17,,,
2015-11-12,42,13,2,5,17,,,
2015-11-13,43,14,2,5,17,,,
2015-11-14,44,14,2,5,17,,,
2015-11-15,45,14,2,5,17,,,
2015-11-16,46,15,2,5,17,,,
2015-11-17,47,16,2,5,17,,,
2015-11-18,48,15,4,5,16,,,
2015-11-19,49,17,4,5,16,,,
2015-11-20,50,18,4,5,16,,,
2015-11-21,51,18,8,,16,,,
2015-11-22,52,18,8,,16,,,
2015-11-23,53,18,8,,16,,,
2015-11-24,54,19,8,,16,,,
2015-11-25,55,20,8,,16,,,
2015-11-26,56,20,10,,16,,,
2015-11-27,57,20,10,,16,,,
2015-11-28,58,20,10,,16,,,
2015-11-29,59,20,10,,16,,,
2015-11-30,60,20,10,,16,,,
2015-12-01,61,20,10,,16,,,
2015-12-02,62,20,10,,16,,,
2015-12-03,63,20,10,,17,,,
2015-12-04,64,20,10,,17,,,
2015-12-05,65,20,10,,17,,,
2015-12-06,66,20,10,,17,,,
2015-12-07,67,20,10,,17,,,
2015-12-08,68,20,10,,17,,,
2015-12-09,69,19,10,,17,,,
2015-12-10,70,19,10,,17,,,
2015-12-11,71,20,10,,18,,,
2015-12-12,72,20,10,,18,,,
2015-12-13,73,20,10,,18,,,
2015-12-14,74,20,12,,18,,,
2015-12-15,75,20,12,,18,,,
2015-12-16,76,20,12,,18,,,
2015-12-17,77,21,12,,18,,,
2015-12-18,78,21,13,,18,,,
2015-12-19,79,21,13,,18,,,
2015-12-20,80,21,13,,18,,,
2015-12-21,81,25,13,,18,,,
2015-12-22,82,25,13,,18,,,
2015-12-23,83,25,13,,18,,,
2015-12-24,84,25,13,,18,,,
2015-12-25,85,25,13,,18,,,
2015-12-26,86,25,13,,18,,,
2015-12-27,87,25,13,,18,,,
2015-12-28,88,26,13,,18,,,
2015-12-29,89,25,17,,17,,,
2015-12-30,90,25,21,,17,,,
2015-12-31,91,25,21,,17,,,
2016-01-01,,,,,,,,
2016-01-02,1,1,,,,,,
2016-01-03,2,1,,,,,,
2016-01-04,3,1,,,,,,
2016-01-05,4,1,5,,,,,
2016-01-06,5,,5,,,,,
2016-01-07,6,2,,7,,,,
2016-01-08,7,2,,8,,,,
2016-01-09,8,2,,8,,,,
2016-01-10,9,2,,8,,,,
2016-01-11,10,2,,8,,,,
2016-01-12,11,2,,7,,,,
2016-01-13,12,2,2,7,,,,
2016-01-14,13,3,4,7,,,,
2016-01-15,14,3,7,7,,,,
2016-01-16,15,3,7,7,,,,
2016-01-17,16,3,7,7,,,,
2016-01-18,17,3,7,7,,,,
2016-01-19,18,4,7,,8,,,
2016-01-20,19,6,9,,8,,,
2016-01-21,20,6,9,,8,,,
2016-01-22,21,7,9,,8,,,
2016-01-23,22,7,9,,8,,,
2016-01-24,23,7,9,,8,,,
2016-01-25,24,7,9,,8,,,
2016-01-26,25,7,9,,8,,,
2016-01-27,26,7,9,,8,,,
2016-01-28,27,7,9,,8,,,
2016-01-29,28,7,11,,8,,,
2016-01-30,29,7,11,,8,,,
2016-01-31,30,7,11,,8,,,
2016-02-01,31,7,11,,8,,,
2016-02-02,32,7,10,,8,,,
2016-02-03,33,8,10,,8,,,
2016-02-04,34,8,10,,8,,,
2016-02-05,35,8,10,,8,,,
2016-02-06,36,8,10,,8,,,
2016-02-07,37,8,10,,8,,,
2016-02-08,38,9,10,,8,,,
2016-02-09,39,9,13,4,,,,
2016-02-10,40,8,13,4,,,,
2016-02-11,41,8,13,4,,,,
2016-02-12,42,8,13,4,,,,
2016-02-13,43,8,13,4,,,,
2016-02-14,44,9,11,4,,,,
2016-02-15,45,9,11,4,,,,
2016-02-16,46,9,11,4,,,,
2016-02-17,47,9,11,4,,,,
2016-02-18,48,9,11,4,,,,
2016-02-19,49,9,11,4,,,,
2016-02-20,50,9,11,4,,,,
2016-02-21,51,9,11,4,,,,
2016-02-22,52,9,11,4,,,,
2016-02-23,53,9,11,4,,,,
2016-02-24,54,9,11,4,,,,
2016-02-25,55,10,13,,,,,
2016-02-26,56,10,13,,,,,
2016-02-27,57,10,13,,,,,
2016-02-28,58,10,13,,,,,
2016-02-29,59,11,13,,,,,
2016-03-01,60,11,13,,,,,
2016-03-02,61,11,13,,,,,
2016-03-03,62,13,11,,,,,
2016-03-04,63,13,11,,,,,
2016-03-05,64,13,11,,,,,
2016-03-06,65,13,11,,,,,
2016-03-07,66,14,11,,,,,
2016-03-08,67,14,11,,,,,
2016-03-09,68,15,11,,,,,
2016-03-10,69,15,11,,,,,
2016-03-11,70,15,11,,,,,
2016-03-12,71,15,11,,,,,
2016-03-13,72,15,11,,,,,
2016-03-14,73,15,11,,,,,
2016-03-15,74,15,11,,,,,
2016-03-16,75,15,11,,,,,
2016-03-17,76,15,12,,,,,
2016-03-18,77,15,13,,,,,
2016-03-19,78,15,13,,,,,
2016-03-20,79,15,13,,,,,
2016-03-21,80,15,13,,,,,
2016-03-22,81,14,13,,,,,
2016-03-23,82,14,13,,,,,
2016-03-24,83,15,13,,,,,
2016-03-25,84,15,13,,,,,
2016-03-26,85,15,13,,,,,
2016-03-27,86,15,13,,,,,
2016-03-28,87,14,13,,,,,
2016-03-29,88,14,13,,,,,
2016-03-30,89,14,13,,,,,
2016-03-31,90,14,14,,,,,
2016-04-01,,,,,,,,
2016-04-02,,,,,,,,
2016-04-03,,,,,,,,
2016-04-04,3,,4,,,,,
2016-04-05,4,,4,,,,,
2016-04-06,5,,4,,,,,
2016-04-07,6,,4,,,,,
2016-04-08,7,,4,,,,,
2016-04-09,8,,4,,,,,
2016-04-10,9,,4,,,,,
2016-04-11,10,,4,,,,,
2016-04-12,11,,4,,,,,
2016-04-13,12,3,,,,,,
2016-04-14,13,3,,,,,,
2016-04-15,14,3,,,,,,
2016-04-16,15,3,,,,,,
2016-04-17,16,3,,,,,,
2016-04-18,17,3,,,,,,
2016-04-19,18,3,,,,,,
2016-04-20,19,3,,,,,,
2016-04-21,20,3,,,,,,
2016-04-22,21,3,,,,,,
2016-04-23,22,3,,,,,,
2016-04-24,23,3,,,,,,
2016-04-25,24,5,,,,,,
2016-04-26,25,5,,,,,,
2016-04-27,26,6,,,,,,
2016-04-28,27,6,,,,,,
2016-04-29,28,6,,,,,,
2016-04-30,29,4,2,,,,,
2016-05-01,30,5,2,,,,,
2016-05-02,31,5,2,,,,,
2016-05-03,32,9,2,,,,,
2016-05-04,33,9,4,,,,,
2016-05-05,34,9,4,,,,,
2016-05-06,35,9,4,,,,,
2016-05-07,36,9,4,,,,,
2016-05-08,37,9,4,,,,,
2016-05-09,38,9,4,,,,,
2016-05-10,39,9,4,,,,,
2016-05-11,40,9,4,,,,,
2016-05-12,41,10,4,,,,,
2016-05-13,42,10,4,,,,,
2016-05-14,43,10,4,,,,,
2016-05-15,44,10,4,,,,,
2016-05-16,45,9,6,,,,,
2016-05-17,46,11,4,,,,,
2016-05-18,47,12,4,,,,,
2016-05-19,48,12,4,,,,,
2016-05-20,49,12,6,,,,,
2016-05-21,50,12,6,,,,,
2016-05-22,51,12,6,,,,,
2016-05-23,52,12,6,,,,,
2016-05-24,53,12,6,,,,,
2016-05-25,54,12,6,,,,,
2016-05-26,55,13,6,,,,,
2016-05-27,56,11,8,,,,,
2016-05-28,57,11,8,,,,,
2016-05-29,58,11,8,,,,,
2016-05-30,59,12,8,,,,,
2016-05-31,60,12,8,,,,,
2016-06-01,61,12,8,,,,,
2016-06-02,62,11,8,,,,,
2016-06-03,63,11,8,,,,,
2016-06-04,64,11,8,,,,,
2016-06-05,65,11,8,,,,,
2016-06-06,66,11,8,,,,,
2016-06-07,67,11,8,,,,,
2016-06-08,68,11,8,,,,,
2016-06-09,69,11,8,,,,,
2016-06-10,70,11,8,,,,,
2016-06-11,71,11,8,,,,,
2016-06-12,72,11,8,,,,,
2016-06-13,73,11,8,,,,,
2016-06-14,74,11,8,,,,,
2016-06-15,75,11,8,,,,,
2016-06-16,76,12,8,,,,,
2016-06-17,77,12,8,,,,,
2016-06-18,78,13,8,,,,,
2016-06-19,79,13,8,,,,,
2016-06-20,80,13,8,,,,,
2016-06-21,81,13,8,,,,,
2016-06-22,82,13,8,,,,,
2016-06-23,83,13,8,,,,,
2016-06-24,84,13,8,,,,,
2016-06-25,85,13,8,,,,,
2016-06-26,86,13,8,,,,,
2016-06-27,87,13,8,,,,,
2016-06-28,88,13,8,,,,,
2016-06-29,89,13,8,,,,,
2016-06-30,90,13,8,,,,,
2016-07-01,0,2,,,,,,
2016-07-02,1,2,,,,,,
2016-07-03,2,2,,,,,,
2016-07-04,3,2,,,,,,
2016-07-05,4,1,,,,,,
2016-07-06,5,1,2,,,,,
2016-07-07,6,2,2,,,,,
2016-07-08,7,2,2,,,,,
2016-07-09,8,2,2,,,,,
2016-07-10,9,2,2,,,,,
2016-07-11,10,2,2,,,,,
2016-07-12,11,2,2,,,,,
2016-07-13,12,2,2,,,,,
2016-07-14,13,1,2,,,,,
2016-07-15,14,1,2,,,,,
2016-07-16,15,1,2,,,,,
2016-07-17,16,1,2,,,,,
2016-07-18,17,1,2,,,,,
2016-07-19,18,1,2,,,,,
2016-07-20,19,3,,,,,,
2016-07-21,20,3,,,,,,
2016-07-22,21,3,,,,,,
2016-07-23,22,3,,,,,,
2016-07-24,23,3,,,,,,
2016-07-25,24,3,,,,,,
2016-07-26,25,3,,,,,,
2016-07-27,26,3,,,,,,
2016-07-28,27,2,,,,,,
2016-07-29,28,2,,,,,,
2016-07-30,29,2,,,,,,
2016-07-31,30,2,,,,,,
2016-08-01,31,2,,,,,,
2016-08-02,32,2,,,,,,
2016-08-03,33,2,,,,,,
2016-08-04,34,2,,,,,,
2016-08-05,35,2,,,,,,
2016-08-06,36,2,,,,,,
2016-08-07,37,2,,,,,,
2016-08-08,38,2,,,,,,
2016-08-09,39,2,,,,,,
2016-08-10,40,2,,,,,,
2016-08-11,41,2,,,,,,
2016-08-12,42,2,,,,,,
2016-08-13,43,2,,,,,,
2016-08-14,44,2,,,,,,
2016-08-15,45,2,,,,,,
2016-08-16,46,2,,,,,,
2016-08-17,47,2,,,,,,
2016-08-18,48,2,,,,,,
2016-08-19,49,3,,,,,,
2016-08-20,50,3,,,,,,
2016-08-21,51,3,,,,,,
2016-08-22,52,3,,,,,,
2016-08-23,53,3,,,,,,
2016-08-24,54,3,,,,,,
2016-08-25,55,3,,,,,,
2016-08-26,56,3,,,,,,
2016-08-27,57,3,,,,,,
2016-08-28,58,3,,,,,,
2016-08-29,59,3,,,,,,
2016-08-30,60,4,,,,,,
2016-08-31,61,4,,,,,,
2016-09-01,62,4,,,,,,
2016-09-02,63,4,,,,,,
2016-09-03,64,4,,,,,,
2016-09-04,65,4,,,,,,
2016-09-05,66,4,,,,,,
2016-09-06,67,4,,,,,,
2016-09-07,68,4,,,,,,
2016-09-08,69,4,,,,,,
2016-09-09,70,5,2,,,,,
2016-09-10,71,5,2,,,,,
2016-09-11,72,5,2,,,,,
2016-09-12,73,7,2,,,,,
2016-09-13,74,7,2,,,,,
2016-09-14,75,7,2,,,,,
2016-09-15,76,7,2,,,,,
2016-09-16,77,10,2,,,,,
2016-09-17,78,11,2,,,,,
2016-09-18,79,11,2,,,,,
2016-09-19,80,11,2,,,,,
2016-09-20,81,11,4,,,,,
2016-09-21,82,11,4,,,,,
2016-09-22,83,11,4,,,,,
2016-09-23,84,10,6,,,,,
2016-09-24,85,10,6,,,,,
2016-09-25,86,10,6,,,,,
2016-09-26,87,10,6,,,,,
2016-09-27,88,10,6,,,,,
2016-09-28,89,10,6,,,,,
2016-09-29,90,10,6,,,,,
2016-09-30,91,10,6,,,,,
2016-10-01,0,1,,,,,,
2016-10-02,1,1,,,,,,
2016-10-03,2,2,,,,,,
2016-10-04,3,2,2,,,,,
2016-10-05,4,2,2,,,,,
2016-10-06,5,2,2,,,,,
2016-10-07,6,2,2,,,,,
2016-10-08,7,2,2,,,,,
2016-10-09,8,2,2,,,,,
2016-10-10,9,2,2,,,,,
2016-10-11,10,2,2,,,,,
2016-10-12,11,2,2,,,,,
2016-10-13,12,2,2,,,,,
2016-10-14,13,2,2,,,,,
2016-10-15,14,2,2,,,,,
2016-10-16,15,2,2,,,,,
2016-10-17,16,4,,,,,,
2016-10-18,17,4,2,,,,,
2016-10-19,18,6,2,,,,,
2016-10-20,19,5,4,,,,,
2016-10-21,20,6,4,,,,,
2016-10-22,21,6,4,,,,,
2016-10-23,22,6,4,,,,,
2016-10-24,23,6,4,,,,,
2016-10-25,24,5,4,,,,,
2016-10-26,25,5,4,,,,,
2016-10-27,26,5,4,,,,,
2016-10-28,27,5,4,,,,,
2016-10-29,28,6,4,,,,,
2016-10-30,29,6,4,,,,,
2016-10-31,30,6,4,,,,,
2016-11-01,31,6,4,,,,,
2016-11-02,32,6,5,3,,,,
2016-11-03,33,6,5,3,,,,
2016-11-04,34,6,5,3,,,,
2016-11-05,35,6,5,3,,,,
2016-11-06,36,6,5,3,,,,
2016-11-07,37,6,5,3,,,,
2016-11-08,38,7,4,3,,,,
2016-11-09,39,7,4,3,,,,
2016-11-10,40,7,4,3,,,,
2016-11-11,41,8,4,3,,,,
2016-11-12,42,8,4,3,,,,
2016-11-13,43,8,4,3,,,,
2016-11-14,44,8,4,3,,,,
2016-11-15,45,8,4,3,,,,
2016-11-16,46,8,5,3,,,,
2016-11-17,47,7,8,3,,,,
2016-11-18,48,8,9,3,,,,
2016-11-19,49,8,9,3,,,,
2016-11-20,50,8,9,3,,,,
2016-11-21,51,8,13,3,,,,
2016-11-22,52,8,13,3,,,,
2016-11-23,53,8,14,3,,,,
2016-11-24,54,9,14,3,,,,
2016-11-25,55,9,14,3,,,,
2016-11-26,56,9,14,3,,,,
2016-11-27,57,10,14,3,,,,
2016-11-28,58,10,14,3,,,,
2016-11-29,59,10,14,3,,,,
2016-11-30,60,11,12,3,,,,
2016-12-01,61,11,11,3,,,,
2016-12-02,62,11,10,3,,,,
2016-12-03,63,12,10,3,,,,
2016-12-04,64,12,10,3,,,,
2016-12-05,65,12,10,3,,,,
2016-12-06,66,13,12,,,,,
2016-12-07,67,13,12,,,,,
2016-12-08,68,13,12,,,,,
2016-12-09,69,13,12,,,,,
2016-12-10,70,13,12,,,,,
2016-12-11,71,13,12,,,,,
2016-12-12,72,13,12,,,,,
2016-12-13,73,13,12,,,,,
2016-12-14,74,13,12,,,,,
2016-12-15,75,13,12,,,,,
2016-12-16,76,12,12,,,,,
2016-12-17,77,12,12,,,,,
2016-12-18,78,12,12,,,,,
2016-12-19,79,12,12,,,,,
2016-12-20,80,14,12,,,,,
2016-12-21,81,13,4,9,,,,
2016-12-22,82,13,4,10,,,,
2016-12-23,83,13,4,11,,,,
2016-12-24,84,13,4,11,,,,
2016-12-25,85,12,4,11,,,,
2016-12-26,86,12,4,12,,,,
2016-12-27,87,13,4,12,,,,
2016-12-28,88,13,15,,,,,
2016-12-29,89,13,15,,,,,
2016-12-30,90,13,15,,,,,
2016-12-31,91,13,15,,,,,
2017-01-01,,,,,,,,
2017-01-02,,,,,,,,
2017-01-03,,,,,,,,
2017-01-04,3,1,,,,,,
2017-01-05,4,,2,,,,,
2017-01-06,5,1,4,,,,,
2017-01-07,6,1,4,,,,,
2017-01-08,7,1,4,,,,,
2017-01-09,8,1,6,,,,,
2017-01-10,9,2,9,,,,,
2017-01-11,10,2,9,,,,,
2017-01-12,11,2,11,,,,,
2017-01-13,12,2,11,,,,,
2017-01-14,13,2,11,,,,,
2017-01-15,14,2,11,,,,,
2017-01-16,15,2,11,,,,,
2017-01-17,16,2,11,,,,,
2017-01-18,17,2,11,,,,,
2017-01-19,18,3,11,,,,,
2017-01-20,19,4,11,,,,,
2017-01-21,20,4,11,,,,,
2017-01-22,21,4,11,,,,,
2017-01-23,22,4,11,,,,,
2017-01-24,23,5,14,,,,,
2017-01-25,24,7,14,,,,,
2017-01-26,25,8,15,,,,,
2017-01-27,26,8,15,,,,,
2017-01-28,27,10,15,,,,,
2017-01-29,28,10,15,,,,,
2017-01-30,29,10,15,,,,,
2017-01-31,30,11,14,,,,,
2017-02-01,31,11,14,,,,,
2017-02-02,32,11,14,,,,,
2017-02-03,33,11,14,,,,,
2017-02-04,34,10,14,,,,,
2017-02-05,35,9,4,11,,,,
2017-02-06,36,9,4,11,,,,
2017-02-07,37,10,2,13,,,,
2017-02-08,38,10,2,13,,,,
2017-02-09,39,11,2,13,,,,
2017-02-10,40,11,2,14,,,,
2017-02-11,41,11,2,14,,,,
2017-02-12,42,11,2,14,,,,
2017-02-13,43,11,2,14,,,,
2017-02-14,44,13,2,14,,,,
2017-02-15,45,13,2,13,,,,
2017-02-16,46,13,2,13,,,,
2017-02-17,47,13,2,13,,,,
2017-02-18,48,15,2,13,,,,
2017-02-19,49,15,2,13,,,,
2017-02-20,50,15,2,13,,,,
2017-02-21,51,14,2,17,,,,
2017-02-22,52,15,2,17,,,,
2017-02-23,53,16,2,17,,,,
2017-02-24,54,15,4,19,,,,
2017-02-25,55,15,4,19,,,,
2017-02-26,56,16,4,19,,,,
2017-02-27,57,16,4,19,,,,
2017-02-28,58,16,4,20,,,,
2017-03-01,59,16,4,20,,,,
2017-03-02,60,16,4,23,,,,
2017-03-03,61,18,4,23,,,,
2017-03-04,62,18,4,23,,,,
2017-03-05,63,18,4,23,,,,
2017-03-06,64,20,4,23,,,,
2017-03-07,65,20,4,23,,,,
2017-03-08,66,19,4,25,,,,
2017-03-09,67,19,4,26,,,,
2017-03-10,68,21,4,30,,,,
2017-03-11,69,21,4,30,,,,
2017-03-12,70,21,4,30,,,,
2017-03-13,71,24,4,30,,,,
2017-03-14,72,24,4,30,,,,
2017-03-15,73,24,4,31,,,,
2017-03-16,74,23,4,31,,,,
2017-03-17,75,23,4,31,,,,
2017-03-18,76,24,4,31,,,,
2017-03-19,77,24,4,31,,,,
2017-03-20,78,24,4,31,,,,
2017-03-21,79,24,4,31,,,,
2017-03-22,80,27,4,30,,,,
2017-03-23,81,27,4,30,,,,
2017-03-24,82,27,4,29,,,,
2017-03-25,83,27,4,30,,,,
2017-03-26,84,28,4,30,,,,
2017-03-27,85,28,4,30,,,,
2017-03-28,86,29,4,30,,,,
2017-03-29,87,30,4,30,,,,
2017-03-30,88,32,4,30,,,,
2017-03-31,89,32,4,30,,,,
2017-04-01,,,,,,,,
2017-04-02,,,,,,,,
2017-04-03,,,,,,,,
2017-04-04,,,,,,,,
2017-04-05,4,,4,,,,,
2017-04-06,5,,5,,,,,
2017-04-07,6,2,5,,,,,
2017-04-08,7,2,5,,,,,
2017-04-09,8,2,5,,,,,
2017-04-10,9,2,5,,,,,
2017-04-11,10,2,5,,,,,
2017-04-12,11,2,5,,,,,
2017-04-13,12,2,5,,,,,
2017-04-14,13,4,2,,,,,
2017-04-15,14,4,2,,,,,
2017-04-16,15,4,2,,,,,
2017-04-17,16,5,2,,,,,
2017-04-18,17,6,2,,,,,
2017-04-19,18,7,2,,,,,
2017-04-20,19,6,4,,,,,
2017-04-21,20,6,4,,,,,
2017-04-22,21,6,4,,,,,
2017-04-23,22,6,4,,,,,
2017-04-24,23,7,4,,,,,
2017-04-25,24,8,4,,,,,
2017-04-26,25,8,4,,,,,
2017-04-27,26,8,4,,,,,
2017-04-28,27,8,4,,,,,
2017-04-29,28,8,4,,,,,
2017-04-30,29,8,4,,,,,
2017-05-01,30,8,4,,,,,
2017-05-02,31,8,6,,,,,
2017-05-03,32,8,6,,,,,
2017-05-04,33,9,6,,,,,
2017-05-05,34,10,4,,,,,
2017-05-06,35,10,4,,,,,
2017-05-07,36,10,4,,,,,
2017-05-08,37,12,2,,,,,
2017-05-09,38,12,2,,,,,
2017-05-10,39,12,2,,,,,
2017-05-11,40,15,,,,,,
2017-05-12,41,15,,,,,,
2017-05-13,42,15,,,,,,
2017-05-14,43,15,,,,,,
2017-05-15,44,15,,,,,,
2017-05-16,45,15,,,,,,
2017-05-17,46,15,,,,,,
2017-05-18,47,15,,,,,,
2017-05-19,48,14,,,,,,
2017-05-20,49,14,,,,,,
2017-05-21,50,14,,,,,,
2017-05-22,51,14,,,,,,
2017-05-23,52,14,,,,,,
2017-05-24,53,16,,,,,,
2017-05-25,54,16,,,,,,
2017-05-26,55,16,,,,,,
2017-05-27,56,15,,,,,,
2017-05-28,57,15,,,,,,
2017-05-29,58,15,,,,,,
2017-05-30,59,16,,,,,,
2017-05-31,60,16,,,,,,
2017-06-01,61,16,,,,,,
2017-06-02,62,16,,,,,,
2017-06-03,63,16,,,,,,
2017-06-04,64,15,,,,,,
2017-06-05,65,15,,,,,,
2017-06-06,66,15,,,,,,
2017-06-07,67,15,,,,,,
2017-06-08,68,16,,,,,,
2017-06-09,69,16,,,,,,
2017-06-10,70,16,,,,,,
2017-06-11,71,16,,,,,,
2017-06-12,72,16,,,,,,
2017-06-13,73,16,,,,,,
2017-06-14,74,16,,,,,,
2017-06-15,75,16,,,,,,
2017-06-16,76,16,,,,,,
2017-06-17,77,16,,,,,,
2017-06-18,78,16,,,,,,
2017-06-19,79,16,,,,,,
2017-06-20,80,14,2,,,,,
2017-06-21,81,14,2,,,,,
2017-06-22,82,14,2,,,,,
2017-06-23,83,14,2,,,,,
2017-06-24,84,14,2,,,,,
2017-06-25,85,14,2,,,,,
2017-06-26,86,13,2,,,,,
2017-06-27,87,13,2,,,,,
2017-06-28,88,13,2,,,,,
2017-06-29,89,13,2,,,,,
2017-06-30,90,13,2,,,,,
2017-07-01,,,,,,,,
2017-07-02,,,,,,,,
2017-07-03,2,1,,,,,,
2017-07-04,,,,,,,,
2017-07-05,,,,,,,,
2017-07-06,,,,,,,,
2017-07-07,,,,,,,,
2017-07-08,,,,,,,,
2017-07-09,,,,,,,,
2017-07-10,9,1,,,,,,
2017-07-11,10,1,,,,,,
2017-07-12,11,1,,,,,,
2017-07-13,12,1,,,,,,
2017-07-14,13,1,,,,,,
2017-07-15,14,1,,,,,,
2017-07-16,15,1,,,,,,
2017-07-17,16,1,,,,,,
2017-07-18,,,,,,,,
2017-07-19,,,,,,,,
2017-07-20,19,1,,,,,,
2017-07-21,20,1,,,,,,
2017-07-22,21,1,,,,,,
2017-07-23,22,1,,,,,,
2017-07-24,23,1,,,,,,
2017-07-25,24,2,,,,,,
2017-07-26,25,2,,,,,,
2017-07-27,26,2,,,,,,
2017-07-28,27,2,,,,,,
2017-07-29,28,2,,,,,,
2017-07-30,29,2,,,,,,
2017-07-31,30,2,,,,,,
2017-08-01,31,3,,,,,,
2017-08-02,32,3,,,,,,
2017-08-03,33,2,,,,,,
2017-08-04,34,3,2,,,,,
2017-08-05,35,3,2,,,,,
2017-08-06,36,3,2,,,,,
2017-08-07,37,3,2,,,,,
2017-08-08,38,3,2,,,,,
2017-08-09,39,3,2,,,,,
2017-08-10,40,3,2,,,,,
2017-08-11,41,2,2,,,,,
2017-08-12,42,2,2,,,,,
2017-08-13,43,3,2,,,,,
2017-08-14,44,5,,,,,,
2017-08-15,45,4,,,,,,
2017-08-16,46,4,,,,,,
2017-08-17,47,4,,,,,,
2017-08-18,48,4,,,,,,
2017-08-19,49,4,,,,,,
2017-08-20,50,4,,,,,,
2017-08-21,51,4,,,,,,
2017-08-22,52,4,,,,,,
2017-08-23,53,4,,,,,,
2017-08-24,54,5,,,,,,
2017-08-25,55,5,,,,,,
2017-08-26,56,5,,,,,,
2017-08-27,57,5,,,,,,
2017-08-28,58,5,,,,,,
2017-08-29,59,5,,,,,,
2017-08-30,60,6,,,,,,
2017-08-31,61,6,,,,,,
2017-09-01,62,6,,,,,,
2017-09-02,63,6,,,,,,
2017-09-03,64,6,,,,,,
2017-09-04,65,6,,,,,,
2017-09-05,66,5,5,,,,,
2017-09-06,67,5,5,,,,,
2017-09-07,68,6,5,,,,,
2017-09-08,69,7,5,,,,,
2017-09-09,70,7,5,,,,,
2017-09-10,71,7,5,,,,,
2017-09-11,72,7,5,,,,,
2017-09-12,73,7,5,,,,,
2017-09-13,74,6,5,,,,,
2017-09-14,75,6,5,,,,,
2017-09-15,76,5,7,,,,,
2017-09-16,77,5,7,,,,,
2017-09-17,78,5,9,,,,,
2017-09-18,79,6,9,,,,,
2017-09-19,80,6,9,,,,,
2017-09-20,81,6,9,,,,,
2017-09-21,82,6,9,,,,,
2017-09-22,83,4,11,,,,,
2017-09-23,84,4,12,,,,,
2017-09-24,85,4,12,,,,,
2017-09-25,86,4,13,,,,,
2017-09-26,87,5,14,,,,,
2017-09-27,88,5,14,,,,,
2017-09-28,89,6,14,,,,,
2017-09-29,90,7,14,,,,,
2017-09-30,91,7,14,,,,,
2017-10-01,,,,,,,,
2017-10-02,1,2,,,,,,
2017-10-03,2,2,,,,,,
2017-10-04,3,2,,,,,,
2017-10-05,4,3,,,,,,
2017-10-06,5,4,,,,,,
2017-10-07,6,4,,,,,,
2017-10-08,7,4,,,,,,
2017-10-09,8,6,,,,,,
2017-10-10,9,7,,,,,,
2017-10-11,10,7,,,,,,
2017-10-12,11,7,,,,,,
2017-10-13,12,7,2,,,,,
2017-10-14,13,7,2,,,,,
2017-10-15,14,7,2,,,,,
2017-10-16,15,7,2,,,,,
2017-10-17,16,8,2,,,,,
2017-10-18,17,10,2,,,,,
2017-10-19,18,11,2,,,,,
2017-10-20,19,11,2,,,,,
2017-10-21,20,11,2,,,,,
2017-10-22,21,11,2,,,,,
2017-10-23,22,11,2,,,,,
2017-10-24,23,11,2,,,,,
2017-10-25,24,10,2,,,,,
2017-10-26,25,10,2,,,,,
2017-10-27,26,10,2,,,,,
2017-10-28,27,10,2,,,,,
2017-10-29,28,10,2,,,,,
2017-10-30,29,10,2,,,,,
2017-10-31,30,10,4,,,,,
2017-11-01,31,11,4,,,,,
2017-11-02,32,13,2,,,,,
2017-11-03,33,14,2,,,,,
2017-11-04,34,14,2,,,,,
2017-11-05,35,14,2,,,,,
2017-11-06,36,17,4,,,,,
2017-11-07,37,19,4,,,,,
2017-11-08,38,20,4,,,,,
2017-11-09,39,21,4,,,,,
2017-11-10,40,21,4,,,,,
2017-11-11,41,21,4,,,,,
2017-11-12,42,21,4,,,,,
2017-11-13,43,21,6,,,,,
2017-11-14,44,21,6,,,,,
2017-11-15,45,21,6,,,,,
2017-11-16,46,21,6,,,,,
2017-11-17,47,21,6,,,,,
2017-11-18,48,21,6,,,,,
2017-11-19,49,20,6,,,,,
2017-11-20,50,21,4,,,,,
2017-11-21,51,22,4,,,,,
2017-11-22,52,22,4,,,,,
2017-11-23,53,22,4,,,,,
2017-11-24,54,22,4,,,,,
2017-11-25,55,23,4,,,,,
2017-11-26,56,23,4,,,,,
2017-11-27,57,24,4,,,,,
2017-11-28,58,23,4,,,,,
2017-11-29,59,22,6,,,,,
2017-11-30,60,23,6,,,,,
2017-12-01,61,23,6,,,,,
2017-12-02,62,23,6,,,,,
2017-12-03,63,23,6,,,,,
2017-12-04,64,25,6,,,,,
2017-12-05,65,25,6,,,,,
2017-12-06,66,25,6,,,,,
2017-12-07,67,25,6,,,,,
2017-12-08,68,25,6,,,,,
2017-12-09,69,25,6,,,,,
2017-12-10,70,24,8,,,,,
2017-12-11,71,24,8,,,,,
2017-12-12,72,25,8,,,,,
2017-12-13,73,25,8,,,,,
2017-12-14,74,25,8,,,,,
2017-12-15,75,25,8,,,,,
2017-12-16,76,25,8,,,,,
2017-12-17,77,25,8,,,,,
2017-12-18,78,24,8,,,,,
2017-12-19,79,23,8,,,,,
2017-12-20,80,22,8,,,,,
2017-12-21,81,22,8,,,,,
2017-12-22,82,22,8,,,,,
2017-12-23,83,22,8,,,,,
2017-12-24,84,22,8,,,,,
2017-12-25,85,22,8,,,,,
2017-12-26,86,23,8,,,,,
2017-12-27,87,23,8,,,,,
2017-12-28,88,23,8,,,,,
2017-12-29,89,23,8,,,,,
2017-12-30,90,23,8,,,,,
2017-12-31,91,23,8,,,,,
2018-01-01,,,,,,,,
2018-01-02,,,,,,,,
2018-01-03,,,,,,,,
2018-01-04,,,,,,,,
2018-01-05,,,,,,,,
2018-01-06,,,,,,,,
2018-01-07,6,1,,,,,,
2018-01-08,,,,,,,,
2018-01-09,,,,,,,,
2018-01-10,,,,,,,,
2018-01-11,,,,,,,,
2018-01-12,,,,,,,,
2018-01-13,,,,,,,,
2018-01-14,,,,,,,,
2018-01-15,,,,,,,,
2018-01-16,,,,,,,,
2018-01-17,,,,,,,,
2018-01-18,,,,,,,,
2018-01-19,,,,,,,,
2018-01-20,19,2,,,,,,
2018-01-21,20,1,,,,,,
2018-01-22,21,1,,,,,,
2018-01-23,22,2,,,,,,
2018-01-24,23,2,,,,,,
2018-01-25,24,3,,,,,,
2018-01-26,25,3,,,,,,
2018-01-27,26,2,,,,,,
2018-01-28,27,2,,,,,,
2018-01-29,28,3,,,,,,
2018-01-30,29,5,,,,,,
2018-01-31,30,6,2,,,,,
2018-02-01,31,6,2,,,,,
2018-02-02,32,8,2,,,,,
2018-02-03,33,9,2,,,,,
2018-02-04,34,9,2,,,,,
2018-02-05,35,8,2,,,,,
2018-02-06,36,8,2,,,,,
2018-02-07,37,8,2,,,,,
2018-02-08,38,9,,,,,,
2018-02-09,39,9,,,,,,
2018-02-10,40,9,,,,,,
2018-02-11,41,9,,,,,,
2018-02-12,42,9,,,,,,
2018-02-13,43,10,,,,,,
2018-02-14,44,10,,,,,,
2018-02-15,45,10,,,,,,
2018-02-16,46,11,,,,,,
2018-02-17,47,12,,,,,,
2018-02-18,48,13,,,,,,
2018-02-19,49,12,,,,,,
2018-02-20,50,12,,,,,,
2018-02-21,51,11,,,,,,
2018-02-22,52,12,,,,,,
2018-02-23,53,11,2,,,,,
2018-02-24,54,11,2,,,,,
2018-02-25,55,11,2,,,,,
2018-02-26,56,12,2,,,,,
2018-02-27,57,11,2,,,,,
2018-02-28,58,12,2,,,,,
2018-03-01,59,13,7,,,,,
2018-03-02,60,13,7,,,,,
2018-03-03,61,13,7,,,,,
2018-03-04,62,13,7,,,,,
2018-03-05,63,13,7,,,,,
2018-03-06,64,13,7,,,,,
2018-03-07,65,11,11,,,,,
2018-03-08,66,12,11,,,,,
2018-03-09,67,12,11,,,,,
2018-03-10,68,12,11,,,,,
2018-03-11,69,13,11,,,,,
2018-03-12,70,13,11,,,,,
2018-03-13,71,14,11,,,,,
2018-03-14,72,13,11,,,,,
2018-03-15,73,13,11,,,,,
2018-03-16,74,14,11,,,,,
2018-03-17,75,14,11,,,,,
2018-03-18,76,14,11,,,,,
2018-03-19,77,14,11,,,,,
2018-03-20,78,14,11,,,,,
2018-03-21,79,16,11,,,,,
2018-03-22,80,16,11,,,,,
2018-03-23,81,15,11,,,,,
2018-03-24,82,15,11,,,,,
2018-03-25,83,15,11,,,,,
2018-03-26,84,14,13,,,,,
2018-03-27,85,14,13,,,,,
2018-03-28,86,14,13,,,,,
2018-03-29,87,15,13,,,,,
2018-03-30,88,16,13,,,,,
2018-03-31,89,17,11,,,,,
2018-04-01,,,,,,,,
2018-04-02,1,1,,,,,,
2018-04-03,2,4,,,,,,
2018-04-04,3,5,,,,,,
2018-04-05,4,5,,,,,,
2018-04-06,5,5,,,,,,
2018-04-07,6,5,,,,,,
2018-04-08,7,5,,,,,,
2018-04-09,8,4,,,,,,
2018-04-10,9,5,,,,,,
2018-04-11,10,5,,,,,,
2018-04-12,11,5,,,,,,
2018-04-13,12,5,,,,,,
2018-04-14,13,5,,,,,,
2018-04-15,14,5,,,,,,
2018-04-16,15,5,,,,,,
2018-04-17,16,5,,,,,,
2018-04-18,17,5,,,,,,
2018-04-19,18,5,,,,,,
2018-04-20,19,5,,,,,,
2018-04-21,20,5,,,,,,
2018-04-22,21,5,,,,,,
2018-04-23,22,5,,,,,,
2018-04-24,23,4,,,,,,
2018-04-25,24,4,,,,,,
2018-04-26,25,4,,,,,,
2018-04-27,26,4,,,,,,
2018-04-28,27,4,,,,,,
2018-04-29,28,4,,,,,,
2018-04-30,29,5,,,,,,
2018-05-01,30,5,,,,,,
2018-05-02,31,5,,,,,,
2018-05-03,32,5,,,,,,
2018-05-04,33,7,,,,,,
2018-05-05,34,7,,,,,,
2018-05-06,35,7,,,,,,
2018-05-07,36,7,,,,,,
2018-05-08,37,6,,,,,,
2018-05-09,38,5,,,,,,
2018-05-10,39,7,,,,,,
2018-05-11,40,7,,,,,,
2018-05-12,41,7,,,,,,
2018-05-13,42,7,,,,,,
2018-05-14,43,7,,,,,,
2018-05-15,44,7,,,,,,
2018-05-16,45,7,,,,,,
2018-05-17,46,7,,,,,,
2018-05-18,47,8,,,,,,
2018-05-19,48,8,,,,,,
2018-05-20,49,8,,,,,,
2018-05-21,50,8,,,,,,
2018-05-22,51,9,,,,,,
2018-05-23,52,9,,5,,,,
2018-05-24,53,9,,5,,,,
2018-05-25,54,9,,5,,,,
2018-05-26,55,9,,5,,,,
2018-05-27,56,9,,5,,,,
2018-05-28,57,9,,5,,,,
2018-05-29,58,9,,5,,,,
2018-05-30,59,10,,5,,,,
2018-05-31,60,11,,5,,,,
2018-06-01,61,12,,5,,,,
2018-06-02,62,12,,5,,,,
2018-06-03,63,12,,5,,,,
2018-06-04,64,12,,5,,,,
2018-06-05,65,12,,4,,,,
2018-06-06,66,12,,4,,,,
2018-06-07,67,12,,4,,,,
2018-06-08,68,12,,4,,,,
2018-06-09,69,12,,4,,,,
2018-06-10,70,12,,4,,,,
2018-06-11,71,12,,4,,,,
2018-06-12,72,11,,4,,,,
2018-06-13,73,11,,4,,,,
2018-06-14,74,11,,4,,,,
2018-06-15,75,12,,4,,,,
2018-06-16,76,12,,4,,,,
2018-06-17,77,12,,4,,,,
2018-06-18,78,12,,4,,,,
2018-06-19,79,12,,4,,,,
2018-06-20,80,12,,4,,,,
2018-06-21,81,12,,4,,,,
2018-06-22,82,12,,4,,,,
2018-06-23,83,12,,4,,,,
2018-06-24,84,12,,4,,,,
2018-06-25,85,12,,4,,,,
2018-06-26,86,12,,4,,,,
2018-06-27,87,12,,4,,,,
2018-06-28,88,11,,4,,,,
2018-06-29,89,11,,4,,,,
2018-06-30,90,11,,4,,,,
2018-07-01,,,,,,,,
2018-07-02,,,,,,,,
2018-07-03,,,,,,,,
2018-07-04,,,,,,,,
2018-07-05,,,,,,,,
2018-07-06,5,,2,,,,,
2018-07-07,6,,2,,,,,
2018-07-08,7,,2,,,,,
2018-07-09,8,,2,,,,,
2018-07-10,9,,4,,,,,
2018-07-11,10,1,3,5,,,,
2018-07-12,11,3,3,6,,,,
2018-07-13,12,3,3,6,,,,
2018-07-14,13,3,3,6,,,,
2018-07-15,14,3,3,6,,,,
2018-07-16,15,4,5,3,,,,
2018-07-17,16,5,5,3,,,,
2018-07-18,17,6,5,,4,,,
2018-07-19,18,6,5,,4,,,
2018-07-20,19,6,2,6,4,,,
2018-07-21,20,6,2,6,4,,,
2018-07-22,21,6,2,6,4,,,
2018-07-23,22,6,2,6,4,,,
2018-07-24,23,6,2,6,4,,,
2018-07-25,24,7,2,6,4,,,
2018-07-26,25,7,2,6,4,,,
2018-07-27,26,8,2,9,,,,
2018-07-28,27,10,,9,,,,
2018-07-29,28,10,,9,,,,
2018-07-30,29,12,,9,,,,
2018-07-31,30,12,,9,,,,
2018-08-01,31,12,,10,,,,
2018-08-02,32,13,,10,,,,
2018-08-03,33,12,,12,,,,
2018-08-04,34,12,,12,,,,
2018-08-05,35,12,,12,,,,
2018-08-06,36,13,,11,,,,
2018-08-07,37,14,,11,,,,
2018-08-08,38,14,,11,,,,
2018-08-09,39,14,,11,,,,
2018-08-10,40,14,,11,,,,
2018-08-11,41,14,,11,,,,
2018-08-12,42,13,,11,,,,
2018-08-13,43,13,,11,,,,
2018-08-14,44,14,,11,,,,
2018-08-15,45,13,2,4,9,,,
2018-08-16,46,13,2,4,9,,,
2018-08-17,47,13,3,4,11,,,
2018-08-18,48,13,3,4,12,,,
2018-08-19,49,13,3,4,12,,,
2018-08-20,50,14,3,3,14,,,
2018-08-21,51,14,,3,,,18.0,
2018-08-22,52,14,,3,,,18.0,
2018-08-23,53,14,,3,,,19.0,
2018-08-24,54,14,,3,,,19.0,
2018-08-25,55,14,,3,,,19.0,
2018-08-26,56,14,,3,,,19.0,
2018-08-27,57,15,,3,,,19.0,
2018-08-28,58,15,,3,,,18.0,
2018-08-29,59,16,,3,,,18.0,
2018-08-30,60,16,,3,,,18.0,
2018-08-31,61,16,,3,,,19.0,
2018-09-01,62,16,,3,,,19.0,
2018-09-02,63,16,,3,,,19.0,
2018-09-03,64,16,,3,,,19.0,
2018-09-04,65,16,,3,,,19.0,
2018-09-05,66,17,2,,,,19.0,
2018-09-06,67,17,2,,,,19.0,
2018-09-07,68,17,2,,,,18.0,
2018-09-08,69,17,2,,,,18.0,
2018-09-09,70,17,2,,,,18.0,
2018-09-10,71,16,2,,,,18.0,
2018-09-11,72,16,2,,,,18.0,
2018-09-12,73,17,,,,,18.0,
2018-09-13,74,17,,,,,18.0,
2018-09-14,75,16,,,,,17.0,
2018-09-15,76,17,,,,,16.0,
2018-09-16,77,18,,,,,16.0,
2018-09-17,78,17,,,,,17.0,
2018-09-18,79,17,,,,,17.0,
2018-09-19,80,18,,,,,17.0,
2018-09-20,81,19,4,,,,,20.0
2018-09-21,82,18,4,,,,,20.0
2018-09-22,83,18,4,,,,,20.0
2018-09-23,84,19,2,,,,,20.0
2018-09-24,85,20,2,,,,,19.0
2018-09-25,86,21,2,,,,,19.0
2018-09-26,87,21,2,,,,,20.0
2018-09-27,88,21,2,,,,,20.0
2018-09-28,89,21,2,,,,,21.0
2018-09-29,90,21,2,,,,,21.0
2018-09-30,91,21,2,,,,,21.0
2018-10-01,,,,,,,,
2018-10-02,,,,,,,,
2018-10-03,,,,,,,,
2018-10-04,,,,,,,,
2018-10-05,,,,,,,,
2018-10-06,,,,,,,,
2018-10-07,,,,,,,,
2018-10-08,7,,2,,,,,
2018-10-09,8,,2,,,,,
2018-10-10,9,2,2,,,,,
2018-10-11,10,2,2,,,,,
2018-10-12,11,2,2,,,,,
2018-10-13,12,2,2,,,,,
2018-10-14,13,2,2,,,,,
2018-10-15,14,2,2,,,,,
2018-10-16,15,2,4,,,,,
2018-10-17,16,2,6,,,,,
2018-10-18,17,3,8,,,,,
2018-10-19,18,5,8,,,,,
2018-10-20,19,5,8,,,,,
2018-10-21,20,6,8,,,,,
2018-10-22,21,7,8,,,,,
2018-10-23,22,7,8,,,,,
2018-10-24,23,7,9,,,,,
2018-10-25,24,9,9,,,,,
2018-10-26,25,8,11,,,,,
2018-10-27,26,8,11,,,,,
2018-10-28,27,8,11,,,,,
2018-10-29,28,8,11,,,,,
2018-10-30,29,10,11,,,,,
2018-10-31,30,11,10,,,,,
2018-11-01,31,10,12,,,,,
2018-11-02,32,10,14,,,,,
2018-11-03,33,10,14,,,,,
2018-11-04,34,10,15,,,,,
2018-11-05,35,11,15,,,,,
2018-11-06,36,11,15,,,,,
2018-11-07,37,12,14,,,,,
2018-11-08,38,12,14,,,,,
2018-11-09,39,11,14,,,,,
2018-11-10,40,12,12,,,,,
2018-11-11,41,14,10,,,,,
2018-11-12,42,13,10,,,,,
2018-11-13,43,13,10,,,,,
2018-11-14,44,13,10,,,,,
2018-11-15,45,13,10,,,,,
2018-11-16,46,13,11,,,,,
2018-11-17,47,13,11,,,,,
2018-11-18,48,13,11,,,,,
2018-11-19,49,13,11,,,,,
2018-11-20,50,13,11,,,,,
2018-11-21,51,13,11,,,,,
2018-11-22,52,13,11,,,,,
2018-11-23,53,13,11,,,,,
2018-11-24,54,15,9,,,,,
2018-11-25,55,15,9,,,,,
2018-11-26,56,15,9,,,,,
2018-11-27,57,15,9,,,,,
2018-11-28,58,15,9,,,,,
2018-11-29,59,16,9,,,,,
2018-11-30,60,17,6,,,,,
2018-12-01,61,17,6,,,,,
2018-12-02,62,17,6,,,,,
2018-12-03,63,17,4,3,,,,
2018-12-04,64,17,4,3,,,,
2018-12-05,65,17,4,3,,,,
2018-12-06,66,17,4,3,,,,
2018-12-07,67,17,4,3,,,,
2018-12-08,68,16,4,3,,,,
2018-12-09,69,16,4,3,,,,
2018-12-10,70,16,4,3,,,,
2018-12-11,71,15,8,,,,,
2018-12-12,72,15,8,,,,,
2018-12-13,73,16,6,,,,,
2018-12-14,74,17,6,,,,,
2018-12-15,75,17,6,,,,,
2018-12-16,76,17,6,,,,,
2018-12-17,77,18,6,,,,,
2018-12-18,78,18,6,,,,,
2018-12-19,79,18,6,,,,,
2018-12-20,80,20,4,,,,,
2018-12-21,81,21,4,,,,,
2018-12-22,82,21,4,,,,,
2018-12-23,83,21,4,,,,,
2018-12-24,84,21,4,,,,,
2018-12-25,85,21,4,,,,,
2018-12-26,86,21,4,,,,,
2018-12-27,87,21,4,,,,,
2018-12-28,88,21,4,,,,,
2018-12-29,89,21,4,,,,,
2018-12-30,90,21,4,,,,,
2018-12-31,91,21,4,,,,,
2019-01-01,,,,,,,,
2019-01-02,1,,2,,,,,
2019-01-03,2,1,,,,,,
2019-01-04,3,1,,,,,,
2019-01-05,4,1,,,,,,
2019-01-06,5,1,,,,,,
2019-01-07,6,1,,,,,,
2019-01-08,7,2,,,,,,
2019-01-09,8,1,,,,,,
2019-01-10,9,1,2,,,,,
2019-01-11,10,1,2,,,,,
2019-01-12,11,1,2,,,,,
2019-01-13,12,1,2,,,,,
2019-01-14,13,1,2,,,,,
2019-01-15,14,1,2,,,,,
2019-01-16,15,3,,,,,,
2019-01-17,16,2,,,,,,
2019-01-18,17,2,,,,,,
2019-01-19,18,2,,,,,,
2019-01-20,19,2,,,,,,
2019-01-21,20,2,,,,,,
2019-01-22,21,3,,,,,,
2019-01-23,22,3,,,,,,
2019-01-24,23,3,,,,,,
2019-01-25,24,3,,,,,,
2019-01-26,25,3,,,,,,
2019-01-27,26,3,,,,,,
2019-01-28,27,3,,,,,,
2019-01-29,28,4,,,,,,
2019-01-30,29,4,,,,,,
2019-01-31,30,4,,,,,,
2019-02-01,31,3,,,,,,
2019-02-02,32,3,,,,,,
2019-02-03,33,3,,,,,,
2019-02-04,34,3,,,,,,
2019-02-05,35,3,,,,,,
2019-02-06,36,3,,,,,,
2019-02-07,37,3,,,,,,
2019-02-08,38,3,,,,,,
2019-02-09,39,3,,,,,,
2019-02-10,40,3,,,,,,
2019-02-11,41,3,,,,,,
2019-02-12,42,3,,,,,,
2019-02-13,43,3,,,,,,
2019-02-14,44,4,,,,,,
2019-02-15,45,5,,,,,,
2019-02-16,46,5,,,,,,
2019-02-17,47,5,,,,,,
2019-02-18,48,6,,,,,,
2019-02-19,49,6,,,,,,
2019-02-20,50,3,2,,,,,
2019-02-21,51,3,4,,,,,
2019-02-22,52,3,4,,,,,
2019-02-23,53,3,4,,,,,
2019-02-24,54,5,2,,,,,
2019-02-25,55,14,,5,,,,
2019-02-26,56,23,,5,,,,
2019-02-27,57,6,20,5,,,,
2019-02-28,58,5,24,,,,,
2019-03-01,59,5,24,,,,,
2019-03-02,60,5,24,,,,,
2019-03-03,61,5,24,,,,,
2019-03-04,62,6,25,,,,,
2019-03-05,63,7,25,,,,,
2019-03-06,64,7,24,,,,,
2019-03-07,65,8,24,,,,,
2019-03-08,66,8,24,,,,,
2019-03-09,67,8,24,,,,,
2019-03-10,68,8,24,,,,,
2019-03-11,69,7,25,,,,,
2019-03-12,70,7,28,,,,,
2019-03-13,71,6,31,,,,,
2019-03-14,72,8,32,,,,,
2019-03-15,73,8,34,,,,,
2019-03-16,74,9,34,,,,,
2019-03-17,75,9,34,,,,,
2019-03-18,76,9,33,,,,,
2019-03-19,77,9,33,,,,,
2019-03-20,78,9,33,,,,,
2019-03-21,79,8,33,,,,,
2019-03-22,80,8,32,,,,,
2019-03-23,81,8,32,,,,,
2019-03-24,82,8,32,,,,,
2019-03-25,83,9,33,,,,,
2019-03-26,84,9,34,,,,,
2019-03-27,85,9,33,,,,,
2019-03-28,86,9,33,,,,,
2019-03-29,87,9,33,,,,,
2019-03-30,88,10,33,,,,,
2019-03-31,89,10,33,,,,,
2019-04-01,0,1,2,,,,,
2019-04-02,1,2,2,,,,,
2019-04-03,2,2,2,,,,,
2019-04-04,3,2,2,,,,,
2019-04-05,4,3,2,,,,,
2019-04-06,5,3,2,,,,,
2019-04-07,6,3,2,,,,,
2019-04-08,7,2,2,,,,,
2019-04-09,8,2,4,,,,,
2019-04-10,9,2,4,,,,,
2019-04-11,10,2,4,,,,,
2019-04-12,11,2,4,,,,,
2019-04-13,12,2,4,,,,,
2019-04-14,13,3,2,,,,,
2019-04-15,14,3,2,3,,,,
2019-04-16,15,4,2,3,,,,
2019-04-17,16,4,2,3,,,,
2019-04-18,17,4,2,3,,,,
2019-04-19,18,6,2,3,,,,
2019-04-20,19,6,2,3,,,,
2019-04-21,20,6,2,3,,,,
2019-04-22,21,6,2,3,,,,
2019-04-23,22,6,2,3,,,,
2019-04-24,23,7,2,3,,,,
2019-04-25,24,7,2,4,,,,
2019-04-26,25,7,2,4,,,,
2019-04-27,26,7,2,4,,,,
2019-04-28,27,7,2,4,,,,
2019-04-29,28,8,5,,,,,
2019-04-30,29,8,5,,,,,
2019-05-01,30,8,5,,,,,
2019-05-02,31,8,5,,,,,
2019-05-03,32,8,5,,,,,
2019-05-04,33,8,5,,,,,
2019-05-05,34,9,4,,,,,
2019-05-06,35,11,4,,,,,
2019-05-07,36,10,4,,,,,
2019-05-08,37,12,4,,,,,
2019-05-09,38,13,4,,,,,
2019-05-10,39,13,4,,,,,
2019-05-11,40,13,4,,,,,
2019-05-12,41,13,4,,,,,
2019-05-13,42,12,5,,,,,
2019-05-14,43,13,3,,,,,
2019-05-15,44,14,3,,,,,
2019-05-16,45,15,3,,,,,
2019-05-17,46,15,3,,,,,
2019-05-18,47,15,3,,,,,
2019-05-19,48,15,3,,,,,
2019-05-20,49,15,3,,,,,
2019-05-21,50,15,3,,,,,
2019-05-22,51,15,5,,,,,
2019-05-23,52,16,4,,,,,
2019-05-24,53,15,4,,,,,
2019-05-25,54,15,4,,,,,
2019-05-26,55,15,4,,,,,
2019-05-27,56,16,4,,,,,
2019-05-28,57,16,8,,,,,
2019-05-29,58,17,8,,,,,
2019-05-30,59,19,8,,,,,
2019-05-31,60,20,9,,,,,
2019-06-01,61,21,9,,,,,
2019-06-02,62,21,9,,,,,
2019-06-03,63,21,9,,,,,
2019-06-04,64,22,9,,,,,
2019-06-05,65,22,9,,,,,
2019-06-06,66,22,10,,,,,
2019-06-07,67,22,11,,,,,
2019-06-08,68,22,11,,,,,
2019-06-09,69,22,11,,,,,
2019-06-10,70,22,11,,,,,
2019-06-11,71,22,10,,,,,
2019-06-12,72,24,10,,,,,
2019-06-13,73,25,10,,,,,
2019-06-14,74,25,10,,,,,
2019-06-15,75,25,10,,,,,
2019-06-16,76,25,10,,,,,
2019-06-17,77,25,10,,,,,
2019-06-18,78,25,10,,,,,
2019-06-19,79,25,,10,,,,
2019-06-20,80,24,,11,,,,
2019-06-21,81,24,,15,,,,
2019-06-22,82,23,,16,,,,
2019-06-23,83,23,,16,,,,
2019-06-24,84,23,,17,,,,
2019-06-25,85,23,,17,,,,
2019-06-26,86,23,,18,,,,
2019-06-27,87,23,,18,,,,
2019-06-28,88,23,,18,,,,
2019-06-29,89,24,,17,,,,
2019-06-30,90,24,,17,,,,
2019-07-01,0,1,,,,,,
2019-07-02,1,2,,,,,,
2019-07-03,2,2,,3,,,,
2019-07-04,3,2,,3,,,,
2019-07-05,4,3,,5,,,,
2019-07-06,5,3,,6,,,,
2019-07-07,6,3,,6,,,,
2019-07-08,7,3,,6,,,,
2019-07-09,8,2,,6,,,,
2019-07-10,9,3,,5,,,,
2019-07-11,10,2,,8,,,,
2019-07-12,11,2,,9,,,,
2019-07-13,12,2,,9,,,,
2019-07-14,13,2,,9,,,,
2019-07-15,14,2,8,,,,,
2019-07-16,15,2,8,,,,,
2019-07-17,16,2,,10,,,,
2019-07-18,17,4,,10,,,,
2019-07-19,18,4,,11,,,,
2019-07-20,19,3,,11,,,,
2019-07-21,20,3,,11,,,,
2019-07-22,21,3,,11,,,,
2019-07-23,22,3,,,12,,,
2019-07-24,23,5,,,12,,,
2019-07-25,24,5,,,14,,,
2019-07-26,25,5,,,14,,,
2019-07-27,26,4,,,15,,,
2019-07-28,27,4,,,15,,,
2019-07-29,28,4,,15,,,,
2019-07-30,29,3,,15,,,,
2019-07-31,30,4,,14,,,,
2019-08-01,31,4,,16,,,,
2019-08-02,32,5,,18,,,,
2019-08-03,33,5,,18,,,,
2019-08-04,34,5,,18,,,,
2019-08-05,35,4,,19,,,,
2019-08-06,36,4,,21,,,,
2019-08-07,37,4,,23,,,,
2019-08-08,38,4,,,25,,,
2019-08-09,39,4,,,27,,,
2019-08-10,40,5,,,27,,,
2019-08-11,41,5,,,27,,,
2019-08-12,42,6,,,29,,,
2019-08-13,43,9,,,31,,,
2019-08-14,44,10,,,29,,,
2019-08-15,45,10,,,29,,,
2019-08-16,46,10,,,29,,,
2019-08-17,47,9,,,29,,,
2019-08-18,48,9,,,29,,,
2019-08-19,49,9,,,30,,,
2019-08-20,50,9,,,33,,,
2019-08-21,51,9,,,32,,,
2019-08-22,52,9,,,34,,,
2019-08-23,53,9,,,34,,,
2019-08-24,54,9,,,34,,,
2019-08-25,55,9,,,34,,,
2019-08-26,56,9,,,35,,,
2019-08-27,57,9,,,36,,,
2019-08-28,58,10,,,36,,,
2019-08-29,59,10,,,36,,,
2019-08-30,60,10,,,35,,,
2019-08-31,61,10,,,35,,,
2019-09-01,62,10,,,35,,,
2019-09-02,63,10,,,34,,,
2019-09-03,64,10,,,34,,,
2019-09-04,65,11,,,33,,,
2019-09-05,66,13,,32,,,,
2019-09-06,67,12,,33,,,,
2019-09-07,68,12,,33,,,,
2019-09-08,69,12,,33,,,,
2019-09-09,70,12,,33,,,,
2019-09-10,71,12,,32,,,,
2019-09-11,72,12,,,34,,,
2019-09-12,73,13,,,35,,,
2019-09-13,74,14,,,35,,,
2019-09-14,75,15,,,34,,,
2019-09-15,76,15,,,34,,,
2019-09-16,77,14,,,33,,,
2019-09-17,78,16,,,33,,,
2019-09-18,79,16,,,33,,,
2019-09-19,80,18,2,,34,,,
2019-09-20,81,18,2,,34,,,
2019-09-21,82,18,2,,34,,,
2019-09-22,83,18,2,,34,,,
2019-09-23,84,18,2,,35,,,
2019-09-24,85,17,2,,35,,,
2019-09-25,86,18,2,,35,,,
2019-09-26,87,19,2,,35,,,
2019-09-27,88,21,2,,37,,,
2019-09-28,89,22,2,,37,,,
2019-09-29,90,22,2,,37,,,
2019-09-30,91,22,2,,37,,,
2019-10-01,,,,,,,,
2019-10-02,1,,2,,,,,
2019-10-03,2,2,4,,,,,
2019-10-04,3,2,4,,,,,
2019-10-05,4,2,4,,,,,
2019-10-06,5,2,4,,,,,
2019-10-07,6,2,5,,,,,
2019-10-08,7,2,5,,,,,
2019-10-09,8,2,5,,,,,
2019-10-10,9,2,5,,,,,
2019-10-11,10,2,6,,,,,
2019-10-12,11,2,6,,,,,
2019-10-13,12,2,6,,,,,
2019-10-14,13,2,7,,,,,
2019-10-15,14,3,8,,,,,
2019-10-16,15,4,8,,,,,
2019-10-17,16,5,8,,,,,
2019-10-18,17,5,9,,,,,
2019-10-19,18,6,9,,,,,
2019-10-20,19,6,9,,,,,
2019-10-21,20,6,9,,,,,
2019-10-22,21,7,9,,,,,
2019-10-23,22,7,10,,,,,
2019-10-24,23,7,8,3,,,,
2019-10-25,24,7,8,3,,,,
2019-10-26,25,7,8,3,,,,
2019-10-27,26,7,8,3,,,,
2019-10-28,27,6,8,3,,,,
2019-10-29,28,8,8,3,,,,
2019-10-30,29,9,7,3,,,,
2019-10-31,30,10,7,3,,,,
2019-11-01,31,10,7,3,,,,
2019-11-02,32,10,7,3,,,,
2019-11-03,33,10,7,3,,,,
2019-11-04,34,10,7,3,,,,
2019-11-05,35,10,7,3,,,,
2019-11-06,36,10,6,3,,,,
2019-11-07,37,11,5,3,,,,
2019-11-08,38,12,6,3,,,,
2019-11-09,39,13,6,3,,,,
2019-11-10,40,13,6,3,,,,
2019-11-11,41,13,6,3,,,,
2019-11-12,42,13,5,3,,,,
2019-11-13,43,13,5,3,,,,
2019-11-14,44,14,5,3,,,,
2019-11-15,45,14,5,3,,,,
2019-11-16,46,15,5,3,,,,
2019-11-17,47,15,5,3,,,,
2019-11-18,48,18,5,3,,,,
2019-11-19,49,19,5,3,,,,
2019-11-20,50,19,5,3,,,,
2019-11-21,51,19,8,3,,,,
2019-11-22,52,19,8,3,,,,
2019-11-23,53,19,8,3,,,,
2019-11-24,54,19,8,3,,,,
2019-11-25,55,20,7,3,,,,
2019-11-26,56,21,7,3,,,,
2019-11-27,57,21,7,3,,,,
2019-11-28,58,22,4,7,,,,
2019-11-29,59,22,4,7,,,,
2019-11-30,60,21,4,7,,,,
2019-12-01,61,21,4,7,,,,
2019-12-02,62,21,4,8,,,,
2019-12-03,63,21,7,5,,,,
2019-12-04,64,21,9,5,,,,
2019-12-05,65,20,10,5,,,,
2019-12-06,66,21,10,5,,,,
2019-12-07,67,21,10,5,,,,
2019-12-08,68,21,10,5,,,,
2019-12-09,69,20,12,5,,,,
2019-12-10,70,21,11,5,,,,
2019-12-11,71,21,11,5,,,,
2019-12-12,72,21,11,6,,,,
2019-12-13,73,22,11,8,,,,
2019-12-14,74,22,11,8,,,,
2019-12-15,75,23,11,8,,,,
2019-12-16,76,24,11,8,,,,
2019-12-17,77,24,11,8,,,,
2019-12-18,78,23,11,8,,,,
2019-12-19,79,34,13,8,,,,
2019-12-20,80,34,13,8,,,,
2019-12-21,81,34,13,8,,,,
2019-12-22,82,34,13,8,,,,
2019-12-23,83,36,13,7,,,,
2019-12-24,84,37,13,7,,,,
2019-12-25,85,37,13,7,,,,
2019-12-26,86,37,13,7,,,,
2019-12-27,87,38,13,7,,,,
2019-12-28,88,38,13,7,,,,
2019-12-29,89,38,13,7,,,,
2019-12-30,90,38,13,7,,,,
2019-12-31,91,38,13,7,,,,
