day_counter,0,1,2,3,4,5,6,7,8
0,,,3,,,,,,
1,,,3,,,,,,
2,,2,3,,,,,,
3,,2,4,,,,,,
4,1,4,4,,,,,,
5,1,4,4,,,,,,
6,3,5,5,,,,,,
7,5,5,5,,,,,,
8,7,5,5,,,,,,
9,7,8,,,,,,,
10,5,3,8,,,,,,
11,6,3,7,,,,,,
12,6,3,7,,,,,,
13,6,3,6,,,,,,
14,7,5,6,,,,,,
15,7,5,6,,,,,,
16,5,,16,,,,,,
17,5,,16,,,,,,
18,6,,16,,,,,,
19,8,,16,,,,,,
20,8,,,18,,,,,
21,14,2,,12,,,,,
22,17,2,,12,,,,,
23,17,2,,12,,,,,
24,17,,5,12,,,,,
25,16,,,20,,,,,
26,18,,,21,,,,,
27,18,2,,21,,,,,
28,19,4,,22,,,,,
29,20,4,,22,,,,,
30,23,4,,22,,,,,
31,23,4,,23,,,,,
32,21,4,,28,,,,,
33,21,4,,28,,,,,
34,21,4,,28,,,,,
35,18,4,,36,,,,,
36,18,4,,37,,,,,
37,18,4,36,,,,,,
38,18,4,37,,,,,,
39,18,4,37,,,,,,
40,16,4,6,37,,,,,
41,15,4,6,39,,,,,
42,17,4,6,40,,,,,
43,17,4,6,40,,,,,
44,19,4,6,40,,,,,
45,19,4,6,40,,,,,
46,21,4,6,40,,,,,
47,21,4,6,42,,,,,
48,18,,,57,,,,,
49,3,,,,75,,,,
50,4,,,,74,,,,
51,4,,,,74,,,,
52,4,,,,75,,,,
53,5,,,,75,,,,
54,6,,,,77,,,,
55,6,,,,77,,,,
56,6,,,,80,,,,
57,7,,,,80,,,,
58,7,,,,80,,,,
59,7,,,,80,,,,
60,8,,,,80,,,,
61,8,,,,80,,,,
62,9,,,,79,,,,
63,11,,,,81,,,,
64,12,,,,82,,,,
65,26,6,4,,59,,,,
66,29,6,4,,59,,,,
67,29,6,4,48,11,,,,
68,30,6,4,49,11,,,,
69,31,9,4,49,11,,,,
70,26,6,4,59,11,,,,
71,26,6,4,60,11,,,,
72,27,6,4,62,11,,,,
73,27,6,4,62,11,,,,
74,27,10,10,50,11,,,,
75,27,10,10,,64,,,,
76,29,10,10,,65,,,,
77,29,10,10,,65,,,,
78,26,11,4,4,72,,,,
79,26,11,4,4,72,,,,
80,23,11,4,,84,,,,
81,23,11,4,,83,,,,
82,23,11,4,,83,,,,
83,24,11,4,,83,,,,
84,24,13,4,,86,,,,
85,25,13,4,,86,,,,
86,26,16,4,,83,,,,
87,27,16,4,,83,,,,
88,28,16,4,,85,,,,
89,27,16,4,,87,,,,
90,29,14,4,,90,,,,
91,28,14,4,,92,,,,
92,28,16,4,,89,,,,
93,29,16,4,,90,,,,
94,29,16,4,,91,,,,
95,33,20,4,4,79,,,,
96,31,10,,,106,,,,
97,32,10,,,106,,,,
98,33,10,,,108,,,,
99,34,10,,,109,,,,
100,34,10,,,118,,,,
101,34,10,,,118,,,,
102,34,10,,,119,,,,
103,35,10,,,117,,,,
104,35,10,,,120,,,,
105,35,10,,,124,,,,
106,37,10,,,125,,,,
107,37,10,,,125,,,,
108,38,10,,,125,,,,
109,38,10,,,124,,,,
110,43,8,3,,126,,,,
111,43,8,3,,126,,,,
112,42,8,3,,128,,,,
113,42,8,3,,128,,,,
114,42,8,3,,131,,,,
115,42,8,3,,131,,,,
116,42,8,3,,130,,,,
117,44,8,3,,131,,,,
118,45,8,3,,131,,,,
119,45,8,3,,131,,,,
120,44,8,3,,137,,,,
121,44,8,3,,137,,,,
122,44,8,3,,135,,,,
123,44,8,3,,136,,,,
124,43,8,3,,140,,,,
125,44,8,3,,140,,,,
126,45,8,3,,143,,,,
127,46,8,3,,143,,,,
128,45,8,3,,145,,,,
129,45,8,3,,145,,,,
130,48,8,3,,145,,,,
131,48,8,3,,145,,,,
132,48,10,,,147,,,,
133,49,10,,,149,,,,
134,49,10,,,150,,,,
135,49,10,,,151,,,,
136,50,10,,,151,,,,
137,51,10,,,148,,,,
138,51,10,,,149,,,,
139,51,10,,,149,,,,
140,52,10,,,153,,,,
141,52,10,,,153,,,,
142,52,10,,,154,,,,
143,53,10,,,152,,,,
144,52,10,,,155,,,,
145,52,10,,,155,,,,
146,53,10,,,155,,,,
147,54,10,,,156,,,,
148,51,10,,,163,,,,
149,51,10,,,163,,,,
150,51,10,,,161,,,,
151,52,10,,,161,,,,
152,52,10,,,163,,,,
153,55,10,,,164,,,,
154,56,10,,,166,,,,
155,56,10,,,166,,,,
156,56,10,,,168,,,,
157,56,10,,,169,,,,
158,56,10,,,169,,,,
159,54,10,,,172,,,,
160,56,10,,,174,,,,
161,56,10,,,174,,,,
162,56,10,,,174,,,,
163,57,10,,,174,,,,
164,58,10,,,174,,,,
165,61,10,,,173,,,,
166,61,10,,,175,,,,
167,61,10,,,175,,,,
168,62,10,,,176,,,,
169,63,10,,,176,,,,
170,64,10,,,175,,,,
171,62,8,,,179,,,,
172,59,6,,,189,,,,
173,59,6,,,189,,,,
174,61,6,,,,188.0,,,
175,62,6,,,,189.0,,,
176,59,8,,,,195.0,,,
177,59,8,,,,196.0,,,
178,62,8,,,,197.0,,,
179,63,8,,,,197.0,,,
180,65,8,,,,,202.0,,
181,69,8,,,,,202.0,,
182,69,8,,,,,202.0,,
183,69,6,,,,,208.0,,
184,70,6,,,,,207.0,,
185,71,6,,,,,207.0,,
186,75,10,,,,,199.0,,
187,75,10,,,,,200.0,,
188,75,8,,,,,203.0,,
189,76,8,,,,,203.0,,
190,78,8,4,,,,197.0,,
191,78,8,4,,,,197.0,,
192,77,8,4,,,,202.0,,
193,77,8,4,,,,202.0,,
194,79,8,4,,,,202.0,,
195,79,8,4,,,,201.0,,
196,79,8,4,,,,203.0,,
197,81,8,4,,,,203.0,,
198,81,8,4,,,,206.0,,
199,79,8,4,,,,210.0,,
200,83,8,4,,,,212.0,,
201,85,8,4,,,,210.0,,
202,87,10,4,,,,213.0,,
203,85,10,4,,,,216.0,,
204,87,10,4,,,,217.0,,
205,89,14,4,,,,211.0,,
206,88,16,4,,,,211.0,,
207,90,16,4,,,,211.0,,
208,92,16,4,,,,215.0,,
209,92,16,4,,,,215.0,,
210,95,16,4,,,,217.0,,
211,96,16,4,,,,217.0,,
212,96,16,4,,,,217.0,,
213,96,16,4,,,,217.0,,
214,95,18,8,,,,212.0,,
215,95,18,8,,,,213.0,,
216,96,18,8,,,,214.0,,
217,96,18,8,,,,214.0,,
218,98,18,8,,,,213.0,,
219,98,18,8,,,,213.0,,
220,94,18,4,5,,,220.0,,
221,94,18,4,5,,,220.0,,
222,78,12,,,,,252.0,,
223,79,12,,,,,252.0,,
224,80,14,,,,,251.0,,
225,80,14,,,,,252.0,,
226,80,14,,,,,252.0,,
227,81,14,,,,,252.0,,
228,84,14,,,,,254.0,,
229,84,14,,,,,254.0,,
230,85,14,,,,,257.0,,
231,85,14,,,,,,257.0,
232,85,14,,,,,,257.0,
233,85,14,,,,,,256.0,
234,85,14,,,,,,259.0,
235,85,14,,,,,,260.0,
236,82,14,,,,,,266.0,
237,82,14,,,,,,266.0,
238,83,14,,,,,,268.0,
239,83,14,,,,,,268.0,
240,92,20,4,,,,,249.0,
241,92,20,4,,,,,249.0,
242,92,20,4,,,,,250.0,
243,93,22,4,,,,,246.0,
244,93,26,4,5,,,,237.0,
245,94,26,4,5,,,,237.0,
246,95,26,4,5,,,,237.0,
247,95,26,4,5,,,,237.0,
248,96,26,4,5,,,,241.0,
249,98,26,4,,,,,246.0,
250,98,28,4,,,,,246.0,
251,98,28,4,,,,,245.0,
252,99,28,4,,,,,245.0,
253,99,28,4,,,,,245.0,
254,102,28,4,,,,,246.0,
255,103,26,4,,,,,248.0,
256,103,26,4,,,,,248.0,
257,104,26,4,,,,,248.0,
258,105,26,4,,,,,248.0,
259,103,22,4,,,,,256.0,
260,103,22,4,,,,,259.0,
261,103,22,4,,,,,260.0,
262,99,22,4,,,,,268.0,
263,100,22,4,,,,,269.0,
264,100,22,4,,,,,269.0,
265,101,22,4,,,,,269.0,
266,101,22,4,,,,268.0,,
267,102,22,4,,,,270.0,,
268,98,20,4,,,,277.0,,
269,98,20,4,,,,277.0,,
270,100,20,4,,,,278.0,,
271,100,20,4,,,,278.0,,
272,101,18,7,,,,278.0,,
273,102,18,7,,,,278.0,,
274,106,18,7,,,,275.0,,
275,106,18,7,,,,275.0,,
276,107,18,7,,,,277.0,,
277,107,20,7,,,,277.0,,
278,109,22,7,,,,274.0,,
279,108,22,7,,,,278.0,,
280,109,25,7,,,,276.0,,
281,109,25,7,,,,277.0,,
282,111,25,7,,,,277.0,,
283,111,25,7,,,,277.0,,
284,112,25,7,,,,280.0,,
285,110,23,7,,,,285.0,,
286,112,26,7,,,,279.0,,
287,112,26,7,,,,281.0,,
288,113,23,7,,,,287.0,,
289,113,23,7,,,,287.0,,
290,114,23,7,,,,287.0,,
291,118,23,7,,,,282.0,,
292,120,23,7,,,,282.0,,
293,122,23,7,,,,280.0,,
294,121,25,7,,,,281.0,,
295,121,25,7,,,,281.0,,
296,121,25,7,,,,280.0,,
297,120,23,7,,,,285.0,,
298,121,23,7,,,,285.0,,
299,122,23,7,,,,286.0,,
300,126,23,7,,,,284.0,,
301,127,23,7,,,,284.0,,
302,127,21,7,,,,288.0,,
303,128,21,7,,,,288.0,,
304,125,21,7,,,,293.0,,
305,127,23,10,,,,287.0,,
306,131,23,10,,,,288.0,,
307,134,23,10,,,,288.0,,
308,137,23,10,,,,288.0,,
309,140,23,10,,,,285.0,,
310,140,23,10,,,,288.0,,
311,140,23,10,,,,288.0,,
312,143,23,10,,,,284.0,,
313,143,23,10,,,,284.0,,
314,146,23,10,,,,284.0,,
315,147,21,13,,,,284.0,,
316,148,21,13,,,,284.0,,
317,148,21,13,,,,283.0,,
318,148,21,13,,,,283.0,,
319,149,21,13,,,,282.0,,
320,152,21,13,,,,286.0,,
321,153,21,13,,,,286.0,,
322,151,21,13,,,,289.0,,
323,151,21,13,,,,288.0,,
324,148,18,13,,,,297.0,,
325,148,18,13,,,,297.0,,
326,148,18,13,,,,298.0,,
327,148,18,13,,,,299.0,,
328,149,20,13,,,,297.0,,
329,150,20,13,,,,297.0,,
330,148,20,10,,,,303.0,,
331,148,20,10,,,,303.0,,
332,150,20,10,,,,302.0,,
333,150,20,10,,,,303.0,,
334,153,20,10,,,,304.0,,
335,153,20,10,,,,305.0,,
336,155,20,10,,,,305.0,,
337,155,20,10,,,,305.0,,
338,154,20,10,,,,305.0,,
339,152,20,10,,,,309.0,,
340,152,20,10,,,,309.0,,
341,153,20,10,,,,309.0,,
342,155,20,10,,,,309.0,,
343,155,20,10,,,,309.0,,
344,154,20,10,,,,314.0,,
345,154,20,10,,,,315.0,,
346,154,20,10,,,,317.0,,
347,154,20,10,,,,318.0,,
348,154,20,7,,,,323.0,,
349,157,24,10,,,,312.0,,
350,157,24,10,,,,312.0,,
351,159,24,10,,,,310.0,,
352,156,22,3,,,,325.0,,
353,156,22,3,,,,325.0,,
354,159,22,3,,,,325.0,,
355,159,22,3,,,,325.0,,
356,159,22,3,,,,325.0,,
357,159,22,3,,,,326.0,,
358,161,22,3,,,,327.0,,
359,161,22,3,,,,328.0,,
360,160,22,3,,,,334.0,,
361,159,24,3,,,,334.0,,
362,160,24,3,,,,335.0,,
363,160,24,3,,,,335.0,,
364,160,24,3,,,,336.0,,
365,160,24,3,,,,336.0,,
366,161,24,3,,,,337.0,,
367,161,24,3,,,,335.0,,
368,163,24,3,,,,335.0,,
369,165,26,3,,,,330.0,,
370,165,26,3,,,,330.0,,
371,165,26,3,,,,330.0,,
372,165,26,3,,,,330.0,,
373,165,26,3,,,,330.0,,
374,165,26,3,,,,330.0,,
375,164,24,3,,,,335.0,,
376,164,24,3,,,,336.0,,
377,164,24,3,,,,336.0,,
378,162,24,3,,,,339.0,,
379,162,24,3,,,,339.0,,
380,163,24,3,,,,339.0,,
381,163,24,3,,,,339.0,,
382,163,24,3,,,,339.0,,
383,163,24,3,,,,339.0,,
384,163,18,3,,,,346.0,,
385,165,18,10,,,,336.0,,
386,167,20,13,,,,328.0,,
387,167,20,13,,,,329.0,,
388,168,20,13,,,,330.0,,
389,168,20,13,,,,328.0,,
390,168,20,13,,,,328.0,,
391,168,20,13,,,,328.0,,
392,167,21,13,,,,331.0,,
393,167,27,13,,,,324.0,,
394,169,27,13,,,,324.0,,
395,169,27,13,,,,325.0,,
396,170,27,13,,,,325.0,,
397,170,27,13,,,,324.0,,
398,171,27,13,,,,324.0,,
399,171,27,13,,,,324.0,,
400,172,27,13,,,,325.0,,
401,172,27,13,,,,324.0,,
402,172,27,13,,,,324.0,,
403,172,27,13,,,,324.0,,
404,173,27,9,,,,330.0,,
405,173,27,9,,,,330.0,,
406,173,32,9,,,,324.0,,
407,173,32,9,,,,324.0,,
408,174,32,9,,,,326.0,,
409,175,32,9,,,,324.0,,
410,176,32,9,,,,325.0,,
411,176,32,9,,,,325.0,,
412,177,32,9,,,,326.0,,
413,177,32,9,,,,326.0,,
414,177,32,9,,,,327.0,,
415,177,32,9,,,,327.0,,
416,176,32,9,,,,332.0,,
417,176,32,9,,,,332.0,,
418,177,34,9,,,,327.0,,
419,177,34,9,,,,327.0,,
420,166,29,9,,,,,349.0,
421,166,29,9,,,,,349.0,
422,166,29,9,,,,,349.0,
423,167,29,9,,,,,350.0,
424,168,29,9,,,,,350.0,
425,168,29,9,,,,,350.0,
426,168,29,9,,,,,351.0,
427,170,29,9,,,,,348.0,
428,170,29,9,,,,,348.0,
429,170,29,9,,,,,348.0,
430,171,29,9,,,,,349.0,
431,171,29,9,,,,,349.0,
432,174,29,9,,,,,349.0,
433,174,29,9,,,,,349.0,
434,174,29,13,,,,,344.0,
435,179,37,13,,,,330.0,,
436,179,37,13,,,,330.0,,
437,179,37,13,,,,330.0,,
438,180,37,13,,,,330.0,,
439,180,37,13,,,,330.0,,
440,182,33,16,,,,,333.0,
441,184,33,16,,,,,333.0,
442,184,33,16,,,,,333.0,
443,184,33,16,,,,,333.0,
444,186,33,16,,,,,331.0,
445,186,33,16,,,,,331.0,
446,186,33,16,,,,,331.0,
447,188,33,16,,,,,328.0,
448,188,33,16,,,,,328.0,
449,188,33,16,,,,,328.0,
450,188,29,16,,,,,336.0,
451,188,29,16,,,,,336.0,
452,186,29,13,,,,,343.0,
453,186,29,13,,,,,343.0,
454,188,36,13,,,,,333.0,
455,188,36,13,,,,,333.0,
456,189,36,13,,,,,336.0,
457,189,36,13,,,,,336.0,
458,189,36,13,,,,,337.0,
459,190,36,13,,,,,335.0,
460,190,36,10,,,,,341.0,
461,190,36,10,,,,,341.0,
462,192,36,10,,,,,340.0,
463,192,36,10,,,,,340.0,
464,191,41,10,,,,,337.0,
465,191,41,10,,,,,338.0,
466,192,41,10,,,,,340.0,
467,192,41,10,,,,,340.0,
468,191,41,10,,,,,342.0,
469,191,41,10,,,,,342.0,
470,191,41,10,,,,,342.0,
471,191,41,10,,,,,342.0,
472,193,41,6,,,,,348.0,
473,193,41,6,,,,,348.0,
474,194,41,6,,,,,349.0,
475,194,41,6,,,,,349.0,
476,183,36,3,,,,,370.0,
477,183,36,3,,,,,372.0,
478,184,36,3,,,,,374.0,
479,185,38,10,,,,,362.0,
480,185,38,10,,,,,362.0,
481,185,38,10,,,,,362.0,
482,186,38,10,,,,,362.0,
483,187,38,10,,,,,362.0,
484,188,38,10,,,,,362.0,
485,188,38,10,,,,,362.0,
486,189,38,10,,,,,362.0,
487,189,38,10,,,,,362.0,
488,189,38,10,,,,,366.0,
489,189,38,10,,,,,366.0,
490,198,38,10,,,,,361.0,
491,199,38,10,,,,,359.0,
492,200,38,10,,,,,359.0,
493,200,38,10,,,,,359.0,
494,201,38,10,,,,,359.0,
495,201,38,10,,,,,359.0,
496,202,38,10,,,,,361.0,
497,202,38,10,,,,,361.0,
498,201,38,10,,,,,365.0,
499,201,38,10,,,,,365.0,
500,202,38,13,,,,,361.0,
501,202,38,13,,,,,361.0,
502,199,43,13,,,,,361.0,
503,199,43,13,,,,,361.0,
504,199,45,13,,,,,361.0,
505,201,47,13,,,,,357.0,
506,202,47,13,,,,,357.0,
507,202,47,13,,,,,357.0,
508,202,47,13,,,,,357.0,
509,202,47,13,,,,,357.0,
510,203,47,13,,,,,359.0,
511,201,47,13,,,,,362.0,
512,202,47,13,,,,,362.0,
513,204,47,13,,,,,362.0,
514,204,47,13,,,,,363.0,
515,205,47,13,,,,,363.0,
516,206,51,13,,,,,355.0,
517,206,51,13,,,,,355.0,
518,207,51,13,,,,,355.0,
519,207,51,13,,,,,355.0,
520,205,34,13,,,,,377.0,
521,205,34,13,,,,,377.0,
522,208,36,13,,,,,375.0,
523,209,36,13,,,,,373.0,
524,209,36,13,,,,,373.0,
525,210,36,13,,,,,374.0,
526,211,38,13,,,,,372.0,
527,211,38,13,,,,,372.0,
528,212,38,13,,,,,373.0,
529,212,38,13,,,,,373.0,
530,212,38,13,,,,,374.0,
531,211,38,13,,,,,377.0,
532,212,38,13,,,,,377.0,
533,212,38,13,,,,,377.0,
534,212,38,13,,,,,379.0,
535,212,38,13,,,,,379.0,
536,212,38,13,,,,,382.0,
537,212,38,13,,,,,383.0,
538,212,41,13,,,,,379.0,
539,212,41,13,,,,,379.0,
540,211,39,10,,,,,398.0,
541,213,39,10,,,,,395.0,
542,213,39,10,,,,,396.0,
543,214,39,10,,,,,396.0,
544,214,35,10,,,,,403.0,
545,214,35,10,,,,,403.0,
546,215,35,10,,,,,405.0,
547,215,35,10,,,,,404.0,
548,215,35,10,,,,,404.0,
549,216,35,10,,,,,402.0,
550,216,35,10,,,,,403.0,
551,216,35,10,,,,,403.0,
552,213,31,10,,,,,418.0,
553,213,31,10,,,,,417.0,
554,213,31,10,,,,,417.0,
555,213,31,10,,,,,417.0,
556,214,31,10,,,,,419.0,
557,214,31,10,,,,,418.0,
558,215,31,10,,,,,418.0,
559,215,31,10,,,,,418.0,
560,213,29,10,,,,,433.0,
561,213,29,10,,,,,433.0,
562,213,29,10,,,,,433.0,
563,213,29,10,,,,,432.0,
564,214,29,10,,,,,432.0,
565,214,29,10,,,,,432.0,
566,214,29,10,,,,,432.0,
567,215,29,10,,,,,432.0,
568,216,29,10,,,,,432.0,
569,216,29,10,,,,,431.0,
570,215,29,10,,,,,441.0,
571,215,29,10,,,,,441.0,
572,215,29,10,,,,,441.0,
573,215,29,10,,,,,441.0,
574,215,29,10,,,,,440.0,
575,215,29,10,,,,,440.0,
576,214,35,10,,,,,440.0,
577,214,35,10,,,,,439.0,
578,214,35,10,,,,,439.0,
579,214,35,10,,,,,439.0,
580,215,32,6,,,,,449.0,
581,215,32,6,,,,,449.0,
582,217,32,6,,,,,449.0,
583,217,32,6,,,,,448.0,
584,217,32,6,,,,,447.0,
585,217,32,6,,,,,447.0,
586,217,34,9,,,,,441.0,
587,217,34,9,,,,,441.0,
588,218,34,9,,,,,443.0,
589,218,34,9,,,,,443.0,
590,219,34,9,,,,,442.0,
591,219,34,9,,,,,440.0,
592,219,34,9,,,,,444.0,
593,219,34,9,,,,,444.0,
594,219,34,9,,,,,450.0,
595,219,37,9,5,,,,441.0,
596,219,39,9,5,,,,437.0,
597,219,39,9,5,,,,437.0,
598,219,39,9,5,,,,437.0,
599,219,39,9,5,,,,437.0,
600,221,39,9,5,,,,437.0,
601,221,39,9,5,,,,436.0,
602,222,39,9,5,,,,436.0,
603,222,39,9,5,,,,437.0,
604,222,39,9,5,,,,437.0,
605,222,39,9,5,,,,437.0,
606,222,39,9,5,,,,436.0,
607,222,41,9,5,,,,433.0,
608,222,41,9,5,,,,433.0,
609,222,41,9,5,,,,432.0,
610,222,43,9,5,,,,432.0,
611,222,43,9,5,,,,431.0,
612,223,43,9,5,,,,430.0,
613,223,43,9,5,,,,430.0,
614,223,43,9,5,,,,432.0,
615,223,43,9,5,,,,431.0,
616,222,40,6,5,,,,441.0,
617,222,40,6,5,,,,440.0,
618,222,40,6,5,,,,440.0,
619,222,40,6,5,,,,440.0,
620,222,40,6,5,,,,440.0,
621,222,40,6,5,,,,440.0,
622,223,40,6,5,,,,439.0,
623,223,40,6,5,,,,439.0,
624,223,40,6,5,,,,440.0,
625,224,40,6,5,,,,438.0,
626,224,40,6,5,,,,439.0,
627,224,40,6,5,,,,439.0,
628,225,40,6,5,,,,439.0,
629,225,40,6,5,,,,438.0,
630,223,42,6,5,,,,442.0,
631,223,42,6,5,,,,442.0,
632,224,42,6,5,,,,442.0,
633,224,42,6,5,,,,442.0,
634,224,42,6,5,,,,442.0,
635,224,42,6,5,,,,441.0,
636,226,39,10,5,,,,442.0,
637,222,33,10,5,,,,453.0,
638,222,33,10,5,,,,453.0,
639,222,33,10,5,,,,454.0,
640,225,36,13,5,,,,448.0,
641,225,36,13,5,,,,448.0,
642,226,36,13,5,,,,448.0,
643,226,36,13,5,,,,448.0,
644,226,36,13,5,,,,448.0,
645,226,36,13,5,,,,448.0,
646,226,36,13,5,,,,448.0,
647,226,36,13,5,,,,447.0,
648,226,36,13,,,,,458.0,
649,227,36,13,,,,,456.0,
650,230,43,13,,,,,445.0,
651,230,43,13,,,,,444.0,
652,229,43,13,,,,,448.0,
653,229,43,13,,,,,448.0,
654,229,43,13,,,,,448.0,
655,229,43,13,,,,,448.0,
656,230,43,13,,,,,449.0,
657,230,43,13,,,,,449.0,
658,230,43,13,,,,,449.0,
659,230,43,13,,,,,449.0,
660,228,45,13,,,,,455.0,
661,228,45,13,,,,,454.0,
662,230,45,13,,,,,451.0,
663,230,45,13,,,,,451.0,
664,230,45,13,,,,,452.0,
665,228,45,13,,,,,453.0,
666,228,45,13,,,,,453.0,
667,228,45,13,,,,,453.0,
668,229,45,13,,,,,453.0,
669,229,45,13,,,,,453.0,
670,229,45,13,,,,,453.0,
671,231,45,13,,,,,450.0,
672,231,45,13,,,,,453.0,
673,232,47,13,5,,,,444.0,
674,232,47,13,5,,,,444.0,
675,234,47,13,5,,,,445.0,
676,234,47,13,5,,,,445.0,
677,234,47,13,5,,,,444.0,
678,235,47,13,5,,,,444.0,
679,235,47,13,5,,,,444.0,
680,236,47,13,5,,,,445.0,
681,231,47,13,5,,,,451.0,
682,234,47,13,5,,,,448.0,
683,234,47,13,5,,,,448.0,
684,234,47,13,,,,,456.0,
685,235,47,13,,,,,456.0,
686,238,47,13,,,,,456.0,
687,238,47,13,,,,,456.0,
688,238,47,13,,,,,457.0,
689,238,47,13,,,,,457.0,
690,239,47,13,,,,,457.0,
691,239,47,13,,,,,457.0,
692,238,47,13,,,,,460.0,
693,242,47,13,,,,,455.0,
694,242,47,13,,,,,455.0,
695,242,47,13,,,,,455.0,
696,242,47,13,,,,,457.0,
697,242,47,13,,,,,457.0,
698,242,47,13,,,,,456.0,
699,243,47,13,,,,,454.0,
700,243,47,13,,,,,456.0,
701,243,47,13,,,,,456.0,
702,244,47,13,,,,,456.0,
703,244,47,13,,,,,456.0,
704,243,47,13,,,,,460.0,
705,243,47,13,,,,,460.0,
706,243,47,13,,,,,460.0,
707,244,47,13,5,,,,453.0,
708,247,47,13,5,,,,453.0,
709,247,47,13,5,,,,453.0,
710,243,44,13,5,,,,465.0,
711,243,44,13,5,,,,466.0,
712,245,44,13,5,,,,466.0,
713,245,44,13,5,,,,466.0,
714,245,44,13,5,,,,468.0,
715,246,44,13,5,,,,467.0,
716,247,44,13,5,,,,468.0,
717,247,44,13,5,,,,468.0,
718,248,44,13,5,,,,468.0,
719,249,44,13,5,,,,466.0,
720,250,42,10,5,,,,475.0,
721,250,42,10,5,,,,475.0,
722,250,42,10,5,,,,475.0,
723,250,42,10,5,,,,475.0,
724,250,42,10,5,,,,474.0,
725,250,42,10,5,,,,474.0,
726,250,42,10,5,,,,475.0,
727,250,42,10,5,,,,475.0,
728,250,42,10,5,,,,474.0,
729,250,42,10,5,,,,474.0,
730,250,42,10,5,,,,477.0,
731,250,42,10,5,,,,477.0,
732,251,44,10,5,,,,475.0,
733,251,44,10,5,,,,475.0,
734,253,47,16,5,,,,462.0,
735,256,47,16,5,,,,462.0,
736,257,51,16,5,,,,455.0,
737,257,51,16,5,,,,455.0,
738,256,53,16,5,,,,455.0,
739,256,53,16,5,,,,455.0,
740,254,56,16,5,,,,455.0,
741,254,56,16,5,,,,455.0,
742,254,56,16,5,,,,455.0,
743,254,56,16,5,,,,455.0,
744,254,56,16,5,,,,455.0,
745,255,56,16,5,,,,454.0,
746,255,56,16,5,,,,454.0,
747,255,56,16,5,,,,454.0,
748,255,56,16,5,,,,454.0,
749,255,56,16,5,,,,454.0,
750,254,58,16,5,,,,457.0,
751,254,58,16,5,,,,457.0,
752,254,58,16,5,,,,457.0,
753,254,58,16,5,,,,457.0,
754,254,58,16,5,,,,456.0,
755,254,58,16,5,,,,456.0,
756,254,58,16,5,,,,457.0,
757,254,58,16,5,,,,456.0,
758,254,58,16,5,,,,456.0,
759,254,58,16,5,,,,456.0,
760,251,58,16,5,,,,461.0,
761,253,58,16,5,,,,458.0,
762,245,58,16,5,,,,467.0,
763,245,58,16,5,,,,467.0,
764,245,58,16,5,,,,467.0,
765,245,58,16,5,,,,466.0,
766,245,58,16,5,,,,466.0,
767,245,58,16,5,,,,466.0,
768,245,58,16,5,,,,468.0,
769,245,58,16,5,,,,468.0,
770,245,58,16,5,,,,469.0,
771,245,58,16,5,,,,469.0,
772,246,58,16,5,,,,469.0,
773,246,58,16,5,,,,468.0,
774,246,58,16,5,,,,467.0,
775,247,58,16,5,,,,467.0,
776,245,58,16,5,,,,474.0,
777,245,58,16,5,,,,475.0,
778,245,58,16,5,,,,475.0,
779,246,58,16,5,,,,473.0,
780,249,58,16,5,,,,474.0,
781,249,58,16,5,,,,474.0,
782,249,58,16,5,,,,474.0,
783,249,58,16,5,,,,474.0,
784,250,58,16,5,,,,473.0,
785,258,58,16,5,,,,464.0,
786,258,58,16,5,,,,464.0,
787,258,58,16,5,,,,464.0,
788,257,56,16,5,,,,468.0,
789,259,56,16,5,,,,465.0,
790,259,58,16,5,,,,462.0,
791,259,58,16,5,,,,462.0,
792,261,58,16,5,,,,462.0,
793,261,58,16,5,,,,461.0,
794,261,58,16,5,,,,461.0,
795,261,58,16,5,,,,462.0,
796,261,58,16,5,,,,462.0,
797,261,58,16,5,,,,461.0,
798,263,58,16,5,,,,461.0,
799,263,58,16,5,,,,461.0,
800,263,58,16,5,,,,461.0,
801,264,58,16,5,,,,461.0,
802,264,58,16,5,,,,461.0,
803,264,58,16,5,,,,460.0,
804,261,58,16,5,,,,464.0,
805,261,58,16,5,,,,463.0,
806,261,58,16,5,,,,463.0,
807,261,58,16,5,,,,462.0,
808,261,58,16,5,,,,462.0,
809,261,58,16,5,,,,462.0,
810,254,49,16,5,,,,483.0,
811,254,53,16,5,,,,477.0,
812,253,53,16,5,,,,481.0,
813,254,53,16,5,,,,482.0,
814,255,53,16,5,,,,480.0,
815,255,53,16,5,,,,481.0,
816,254,53,16,5,,,,485.0,
817,254,53,16,5,,,,485.0,
818,254,53,16,5,,,,485.0,
819,254,53,16,5,,,,485.0,
820,257,53,16,5,,,,485.0,
821,257,53,16,5,,,,485.0,
822,263,55,16,5,,,,475.0,
823,263,55,16,5,,,,474.0,
824,263,55,16,5,,,,476.0,
825,263,55,16,5,,,,476.0,
826,263,55,16,5,,,,477.0,
827,263,55,16,5,,,,477.0,
828,261,55,16,5,,,,484.0,
829,262,55,16,5,,,,482.0,
830,262,55,16,5,,,,482.0,
831,262,55,16,5,,,,482.0,
832,262,55,16,5,,,,482.0,
833,262,55,16,5,,,,482.0,
834,262,55,16,5,,,,482.0,
835,262,55,16,5,,,,482.0,
836,262,55,16,5,,,,482.0,
837,265,55,16,5,,,,483.0,
838,265,55,16,5,,,,483.0,
839,266,63,16,5,,,,472.0,
840,263,63,12,5,,,,482.0,
841,263,63,12,5,,,,482.0,
842,263,63,12,5,,,,482.0,
843,263,63,12,5,,,,482.0,
844,263,63,12,5,,,,481.0,
845,263,63,12,5,,,,481.0,
846,264,63,12,5,,,,482.0,
847,264,63,12,5,,,,482.0,
848,265,63,12,5,,,,482.0,
849,265,63,12,5,,,,482.0,
850,265,63,12,5,,,,482.0,
851,265,63,12,5,,,,482.0,
852,263,63,12,5,,,,488.0,
853,263,63,12,5,,,,488.0,
854,264,63,12,5,,,,488.0,
855,264,63,12,5,,,,489.0,
856,264,63,12,5,,,,492.0,
857,264,63,12,5,,,,491.0,
858,264,63,12,5,,,,490.0,
859,264,63,12,5,,,,490.0,
860,264,63,12,5,,,,490.0,
861,264,63,12,5,,,,490.0,
862,264,63,12,5,,,,490.0,
863,264,63,12,5,,,,490.0,
864,265,61,12,5,,,,493.0,
865,265,61,12,5,,,,493.0,
866,265,61,12,5,,,,492.0,
867,266,61,12,5,,,,492.0,
868,260,61,12,5,,,,504.0,
869,260,61,12,5,,,,504.0,
870,261,61,12,5,,,,503.0,
871,261,61,12,5,,,,503.0,
872,261,61,12,5,,,,504.0,
873,261,61,12,5,,,,506.0,
874,261,61,12,5,,,,506.0,
875,260,61,12,5,,,,509.0,
876,254,50,12,5,,,,533.0,
877,254,50,12,5,,,,533.0,
878,254,50,12,5,,,,533.0,
879,254,50,12,5,,,,535.0,
880,256,50,12,5,,,,536.0,
881,257,50,12,5,,,,534.0,
882,257,50,12,5,,,,534.0,
883,257,50,12,5,,,,534.0,
884,257,50,12,5,,,,537.0,
885,258,50,12,5,,,,536.0,
886,258,50,12,5,,,,536.0,
887,258,50,12,5,,,,535.0,
888,259,50,12,5,,,,535.0,
889,259,50,12,5,,,,535.0,
890,260,50,12,5,,,,535.0,
891,260,50,12,5,,,,535.0,
892,260,50,12,5,,,,536.0,
893,260,50,12,5,,,,535.0,
894,259,48,12,,,,,546.0,
895,261,48,12,,,,,543.0,
896,263,48,12,,,,,543.0,
897,263,48,12,,,,,543.0,
898,263,48,12,,,,,543.0,
899,263,48,12,,,,,543.0,
900,265,48,12,,,,,544.0,
901,265,48,12,,,,,544.0,
902,268,56,12,,,,,531.0,
903,268,56,12,,,,,531.0,
904,269,56,12,,,,,532.0,
905,269,56,12,,,,,532.0,
906,270,56,12,,,,,532.0,
907,271,56,12,,,,,530.0,
908,271,56,12,,,,,529.0,
909,271,56,12,,,,,529.0,
910,271,56,9,,,,,534.0,
911,271,56,9,,,,,534.0,
912,268,56,9,,,,,542.0,
913,268,56,9,,,,,542.0,
914,269,56,9,,,,,540.0,
915,269,56,9,,,,,540.0,
916,269,56,9,,,,,541.0,
917,266,56,9,,,,,545.0,
918,266,56,9,,,,,546.0,
919,266,56,9,,,,,546.0,
920,265,56,9,,,,,550.0,
921,266,56,9,,,,,550.0,
922,266,56,9,,,,,550.0,
923,266,56,9,,,,,550.0,
924,266,56,9,,,,,553.0,
925,270,59,9,,,,,544.0,
926,270,59,9,,,,,544.0,
927,270,59,9,,,,,544.0,
928,270,59,9,,,,,544.0,
929,270,59,9,,,,,544.0,
930,270,59,9,,,,,545.0,
931,264,61,9,,,,,548.0,
932,265,61,9,,,,,549.0,
933,265,61,9,,,,,548.0,
934,265,61,9,,,,,548.0,
935,265,61,9,,,,,547.0,
936,264,61,9,,,,,556.0,
937,264,61,9,,,,,556.0,
938,264,61,9,,,,,556.0,
939,264,61,9,,,,,559.0,
940,263,61,9,,,,,560.0,
941,263,61,9,,,,,560.0,
942,263,61,9,,,,,560.0,
943,263,61,9,,,,,560.0,
944,264,61,9,,,,,560.0,
945,266,61,9,,,,,560.0,
946,268,61,9,,,,,557.0,
947,268,61,9,,,,,557.0,
948,268,61,9,,,,,558.0,
949,268,61,9,,,,,557.0,
950,268,61,9,,,,,557.0,
951,268,61,9,,,,,557.0,
952,266,59,9,,,,,563.0,
953,266,59,9,,,,,563.0,
954,266,59,9,,,,,566.0,
955,266,59,9,,,,,567.0,
956,267,59,9,,,,,567.0,
957,272,61,9,,,,,559.0,
958,272,61,9,,,,,559.0,
959,272,61,9,,,,,558.0,
960,274,61,9,,,,,561.0,
961,277,61,9,,,,,557.0,
962,277,61,9,,,,,557.0,
963,277,61,9,,,,,557.0,
964,277,61,9,,,,,557.0,
965,277,61,9,,,,,557.0,
966,275,61,9,,,,,561.0,
967,275,61,9,,,,,561.0,
968,276,61,9,,,,,561.0,
969,276,61,9,,,,,561.0,
970,276,61,9,,,,,561.0,
971,276,61,9,,,,,561.0,
972,278,61,9,,,,,558.0,
973,279,61,9,,,,,558.0,
974,279,61,9,,,,,558.0,
975,279,61,9,,,,,558.0,
976,277,61,9,,,,,561.0,
977,278,61,9,,,,,559.0,
978,275,61,9,,,,,564.0,
979,275,61,9,,,,,564.0,
980,276,61,9,,,,,564.0,
981,276,61,9,,,,,564.0,
982,276,61,9,,,,,564.0,
983,276,61,9,,,,,563.0,
984,276,61,9,,,,,565.0,
985,276,67,9,,,,,558.0,
986,276,67,9,,,,,558.0,
987,273,67,9,,,,,562.0,
988,274,67,9,,,,,560.0,
989,274,67,9,,,,,560.0,
990,275,67,9,,,,,561.0,
991,275,67,9,,,,,561.0,
992,274,65,9,,,,,566.0,
993,269,65,9,,,,,574.0,
994,269,65,9,,,,,573.0,
995,269,65,9,,,,,573.0,
996,269,65,9,,,,,575.0,
997,269,65,9,,,,,575.0,
998,269,65,9,,,,,575.0,
999,269,65,9,,,,,576.0,
1000,272,65,9,,,,,575.0,
1001,272,65,9,5,,,,568.0,
1002,272,65,9,5,,,,570.0,
1003,272,65,9,5,,,,570.0,
1004,272,65,9,5,,,,570.0,
1005,273,65,9,5,,,,570.0,
1006,273,65,9,5,,,,570.0,
1007,274,65,9,5,,,,568.0,
1008,271,59,9,,,,,584.0,
1009,271,59,9,,,,,584.0,
1010,271,59,9,,,,,584.0,
1011,271,59,9,,,,,584.0,
1012,271,59,9,,,,,582.0,
1013,271,59,9,,,,,582.0,
1014,271,59,9,,,,,582.0,
1015,271,59,9,,,,,582.0,
1016,271,59,9,,,,,582.0,
1017,271,59,9,,,,,581.0,
1018,271,59,9,,,,,581.0,
1019,271,59,9,,,,,581.0,
1020,270,61,9,,,,,584.0,
1021,270,61,9,,,,,584.0,
1022,270,61,9,,,,,584.0,
1023,273,67,9,5,,,,568.0,
1024,272,65,9,,,,,578.0,
1025,273,70,9,,,,,571.0,
1026,273,70,9,,,,,571.0,
1027,273,70,9,,,,,571.0,
1028,273,70,9,,,,,570.0,
1029,269,70,9,,,,,575.0,
1030,269,70,9,,,,,576.0,
1031,270,70,9,,,,,574.0,
1032,271,70,9,,,,,574.0,
1033,271,70,9,,,,,574.0,
1034,271,70,9,,,,,574.0,
1035,271,70,9,,,,,574.0,
1036,273,74,9,,,,,568.0,
1037,273,74,9,,,,,568.0,
1038,272,74,9,,,,,570.0,
1039,272,74,9,,,,,570.0,
1040,272,74,9,,,,,571.0,
1041,272,76,9,,,,,569.0,
1042,272,76,9,,,,,569.0,
1043,272,76,9,,,,,569.0,
1044,272,76,9,,,,,569.0,
1045,273,76,9,,,,,567.0,
1046,273,76,9,,,,,567.0,
1047,273,76,9,,,,,567.0,
1048,273,76,9,,,,,570.0,
1049,275,76,9,,,,,567.0,
1050,275,76,9,,,,,570.0,
1051,275,76,9,,,,,569.0,
1052,275,76,9,,,,,569.0,
1053,275,76,9,,,,,569.0,
1054,275,76,9,,,,,569.0,
1055,275,76,9,,,,,569.0,
1056,270,76,9,,,,,579.0,
1057,271,76,9,,,,,579.0,
1058,272,78,9,,,,,575.0,
1059,272,78,9,,,,,575.0,
1060,274,78,9,,,,,575.0,
1061,274,78,9,,,,,575.0,
1062,274,78,9,,,,,577.0,
1063,274,78,9,,,,,577.0,
1064,274,78,9,,,,,577.0,
1065,272,76,9,,,,,587.0,
1066,272,76,9,,,,586.0,,
1067,272,76,9,,,,586.0,,
1068,272,76,9,,,,585.0,,
1069,272,76,9,,,,585.0,,
1070,272,76,9,,,,585.0,,
1071,272,76,9,,,,585.0,,
1072,273,76,9,,,,585.0,,
1073,273,76,9,,,,585.0,,
1074,273,76,9,,,,584.0,,
1075,273,76,9,,,,584.0,,
1076,274,76,9,,,,584.0,,
1077,275,76,9,,,,582.0,,
1078,275,76,9,,,,582.0,,
1079,275,76,9,,,,581.0,,
1080,271,75,9,,,,589.0,,
1081,271,75,9,,,,589.0,,
1082,271,75,9,,,,589.0,,
1083,271,75,9,,,,589.0,,
1084,271,75,9,,,,589.0,,
1085,272,77,9,,,,587.0,,
1086,272,75,9,,,,589.0,,
1087,272,75,9,,,,589.0,,
1088,272,75,9,,,,589.0,,
1089,272,75,9,,,,589.0,,
1090,274,75,9,,,,590.0,,
1091,274,78,9,,,,586.0,,
1092,274,78,9,,,,586.0,,
1093,274,78,9,,,,586.0,,
1094,274,78,9,,,,586.0,,
1095,274,78,9,,,,586.0,,
1096,274,78,9,,,,586.0,,
1097,274,78,9,,,,586.0,,
1098,269,69,9,,,,,603.0,
1099,269,69,9,,,,,603.0,
1100,270,69,9,,,,,603.0,
1101,270,69,9,,,,,602.0,
1102,270,69,9,,,,,602.0,
1103,270,69,9,,,,,602.0,
1104,271,69,9,,,,,602.0,
1105,271,69,9,,,,,602.0,
1106,271,69,9,,,,,602.0,
1107,271,69,9,,,,,602.0,
1108,271,69,9,,,,,602.0,
1109,271,69,9,,,,,602.0,
1110,271,69,9,,,,,602.0,
1111,271,69,9,,,,,601.0,
1112,272,78,9,,,,,590.0,
1113,273,78,9,,,,,590.0,
1114,273,78,9,,,,,590.0,
1115,273,78,9,,,,,590.0,
1116,274,78,9,,,,,591.0,
1117,274,78,9,,,,,590.0,
1118,274,78,9,,,,,590.0,
1119,274,78,9,,,,,589.0,
1120,274,78,9,,,,,590.0,
1121,277,80,9,,,,,584.0,
1122,277,80,9,,,,,584.0,
1123,277,80,9,,,,,584.0,
1124,277,80,9,,,,,584.0,
1125,276,73,9,,,,,593.0,
1126,279,75,9,,,,,587.0,
1127,279,75,9,,,,,588.0,
1128,279,75,9,,,,,589.0,
1129,279,75,9,,,,,589.0,
1130,280,75,9,,,,,591.0,
1131,280,75,9,,,,,591.0,
1132,281,75,9,,,,,589.0,
1133,281,75,9,,,,,589.0,
1134,281,75,9,,,,,590.0,
1135,281,75,9,,,,,590.0,
1136,281,75,9,,,,,591.0,
1137,281,75,9,,,,,590.0,
1138,281,75,9,,,,,590.0,
1139,281,75,9,,,,,590.0,
1140,279,72,9,,,,,599.0,
1141,279,72,9,,,,,597.0,
1142,279,72,9,,,,,597.0,
1143,280,72,9,,,,,595.0,
1144,280,72,9,,,,,595.0,
1145,280,72,9,,,,,595.0,
1146,279,72,9,,,,,597.0,
1147,279,72,9,,,,,597.0,
1148,279,72,9,,,,,597.0,
1149,279,72,9,,,,,597.0,
1150,280,72,14,,,,,591.0,
1151,280,72,14,,,,,591.0,
1152,280,72,14,,,,,595.0,
1153,280,72,14,,,,,595.0,
1154,280,72,14,,,,594.0,,
1155,280,72,14,,,,594.0,,
1156,280,72,14,,,,594.0,,
1157,280,72,14,,,,594.0,,
1158,280,72,14,,,,593.0,,
1159,280,72,14,,,,593.0,,
1160,280,72,14,,,,592.0,,
1161,280,72,14,,,,592.0,,
1162,281,72,14,,,,590.0,,
1163,281,72,14,,,,590.0,,
1164,281,72,14,,,,590.0,,
1165,281,72,14,,,,590.0,,
1166,281,72,14,,,,590.0,,
1167,281,72,14,,,,590.0,,
1168,281,72,14,,,,590.0,,
1169,281,72,14,,,,590.0,,
1170,282,64,14,,,,599.0,,
1171,283,64,14,,,,596.0,,
1172,283,64,14,,,,596.0,,
1173,283,64,14,,,,596.0,,
1174,283,64,14,,,,596.0,,
1175,283,64,14,,,,596.0,,
1176,284,64,14,,,,600.0,,
1177,284,64,14,,,,600.0,,
1178,284,64,14,,,,600.0,,
1179,284,64,14,,,,600.0,,
1180,284,64,14,,,,600.0,,
1181,284,64,14,,,,600.0,,
1182,284,64,14,,,,600.0,,
1183,284,64,14,,,,601.0,,
1184,284,64,14,,,,601.0,,
1185,284,64,14,,,,601.0,,
1186,286,64,14,,,,598.0,,
1187,289,64,14,,,,594.0,,
1188,287,60,14,,,,603.0,,
1189,287,60,14,,,,603.0,,
1190,289,60,14,,,,604.0,,
1191,289,60,14,,,,604.0,,
1192,290,60,14,,,,603.0,,
1193,290,60,14,,,,603.0,,
1194,290,60,14,,,,603.0,,
1195,287,60,14,,,,607.0,,
1196,287,60,14,,,,607.0,,
1197,287,60,14,,,,607.0,,
1198,287,60,14,,,,607.0,,
1199,287,60,14,,,,606.0,,
1200,287,60,14,,,,606.0,,
1201,287,60,14,,,,606.0,,
1202,287,60,14,,,,606.0,,
1203,287,60,14,,,,606.0,,
1204,288,60,14,,,,604.0,,
1205,288,60,14,,,,604.0,,
1206,288,60,14,,,,604.0,,
1207,288,60,14,,,,604.0,,
1208,287,62,14,,,,604.0,,
1209,287,62,14,,,,604.0,,
1210,287,62,14,,,,604.0,,
1211,287,62,14,,,,604.0,,
1212,286,62,14,,,,607.0,,
1213,286,62,14,,,,607.0,,
1214,286,66,14,,,,602.0,,
1215,286,66,14,,,,602.0,,
1216,283,67,9,,,,609.0,,
1217,283,67,9,,,,609.0,,
1218,284,67,9,,,,611.0,,
1219,284,67,9,,,,611.0,,
1220,284,67,9,,,,611.0,,
1221,284,67,9,,,,611.0,,
1222,284,67,9,,,,611.0,,
1223,286,67,9,,,,608.0,,
1224,286,67,9,,,,609.0,,
1225,286,67,9,,,,607.0,,
1226,286,67,9,,,,607.0,,
1227,286,67,9,,,,607.0,,
1228,286,67,9,,,,607.0,,
1229,286,67,9,,,,607.0,,
1230,286,67,9,,,,610.0,,
1231,286,67,9,,,,610.0,,
1232,286,67,9,,,,610.0,,
1233,286,67,9,9,,,600.0,,
1234,286,67,15,9,,,593.0,,
1235,286,67,15,9,,,593.0,,
1236,278,65,15,9,,,604.0,,
1237,278,65,15,9,,,604.0,,
1238,278,65,15,9,,,604.0,,
1239,278,65,15,9,,,604.0,,
1240,280,65,15,9,,,603.0,,
1241,280,65,15,9,,,603.0,,
1242,281,65,15,9,,,604.0,,
1243,281,65,15,9,,,603.0,,
1244,281,65,15,9,,,602.0,,
1245,281,65,15,9,,,602.0,,
1246,281,65,15,9,,,602.0,,
1247,281,65,15,9,,,602.0,,
1248,283,65,15,9,,,603.0,,
1249,283,65,15,9,,,603.0,,
1250,283,65,15,9,,,604.0,,
1251,284,65,15,9,,,604.0,,
1252,284,65,15,9,,,604.0,,
1253,285,65,15,9,,,603.0,,
1254,285,65,15,9,,,605.0,,
1255,286,65,15,9,,,606.0,,
1256,286,65,15,9,,,606.0,,
1257,286,65,15,9,,,605.0,,
1258,286,65,15,9,,,605.0,,
1259,286,69,15,9,,,600.0,,
1260,288,69,15,9,,,602.0,,
1261,288,69,15,9,,,602.0,,
1262,288,69,15,9,,,602.0,,
1263,288,69,15,9,,,601.0,,
1264,288,69,15,9,,,601.0,,
1265,288,69,15,9,,,601.0,,
1266,288,69,15,9,,,601.0,,
1267,288,69,15,9,,,601.0,,
1268,288,69,15,9,,,600.0,,
1269,288,69,15,9,,,600.0,,
1270,289,69,15,9,,,601.0,,
1271,289,69,15,9,,,601.0,,
1272,285,67,15,9,,,608.0,,
1273,285,67,15,9,,,608.0,,
1274,285,67,15,9,,,607.0,,
1275,285,67,15,9,,,606.0,,
1276,285,67,15,9,,,606.0,,
1277,286,70,20,9,,,596.0,,
1278,286,70,20,9,,,597.0,,
1279,286,70,20,9,,,597.0,,
1280,287,70,20,9,,,598.0,,
1281,287,70,20,9,,,600.0,,
1282,287,70,20,9,,,600.0,,
1283,287,70,20,9,,,600.0,,
1284,287,70,20,9,,,600.0,,
1285,288,70,20,9,,,598.0,,
1286,288,70,20,9,,,597.0,,
1287,287,70,20,9,,,602.0,,
1288,287,70,20,9,,,602.0,,
1289,287,70,20,9,,,602.0,,
1290,288,72,20,9,,,600.0,,
1291,288,72,20,9,,,600.0,,
1292,288,72,20,9,,,600.0,,
1293,288,72,20,9,,,600.0,,
1294,288,72,20,9,,,599.0,,
1295,288,72,20,9,,,599.0,,
1296,287,72,20,9,,,602.0,,
1297,287,72,20,9,,,602.0,,
1298,287,72,20,9,,,602.0,,
1299,287,72,20,9,,,602.0,,
1300,288,72,20,9,,,604.0,,
1301,288,72,20,9,,,603.0,,
1302,284,72,20,9,,,615.0,,
1303,284,72,20,9,,,615.0,,
1304,284,72,20,9,,,616.0,,
1305,284,74,20,9,,,613.0,,
1306,284,74,20,9,,,613.0,,
1307,284,74,20,9,,,612.0,,
1308,280,74,20,9,,,619.0,,
1309,280,74,20,9,,,619.0,,
1310,280,74,20,9,,,622.0,,
1311,280,74,20,9,,,622.0,,
1312,281,74,20,9,,,622.0,,
1313,281,74,20,9,,,622.0,,
1314,281,74,20,9,,,623.0,,
1315,281,74,20,9,,,624.0,,
1316,285,74,20,9,,,621.0,,
1317,285,74,20,9,,,621.0,,
1318,285,74,20,9,,,620.0,,
1319,285,74,20,9,,,620.0,,
1320,287,74,20,9,,,620.0,,
1321,287,74,20,9,,,620.0,,
1322,287,74,20,9,,,619.0,,
1323,288,74,20,9,,,617.0,,
1324,287,74,20,9,,,620.0,,
1325,287,74,20,9,,,620.0,,
1326,287,74,20,9,,,620.0,,
1327,287,74,20,9,,,620.0,,
1328,287,74,20,9,,,620.0,,
1329,287,74,20,9,,,620.0,,
1330,287,74,20,9,,,620.0,,
1331,287,74,20,9,,,620.0,,
1332,289,74,20,9,,,618.0,,
1333,289,74,20,9,,,618.0,,
1334,289,74,20,9,,,618.0,,
1335,289,74,20,9,,,618.0,,
1336,289,74,20,9,,,618.0,,
1337,289,74,20,9,,,618.0,,
1338,286,72,20,9,,,629.0,,
1339,286,72,20,9,,,629.0,,
1340,287,72,20,9,,,627.0,,
1341,287,72,20,9,,,626.0,,
1342,287,72,20,9,,,626.0,,
1343,287,72,20,9,,,626.0,,
1344,289,72,20,9,,,,625.0,
1345,289,72,20,9,,,,625.0,
1346,289,72,20,9,,,,625.0,
1347,289,72,20,9,,,,624.0,
1348,289,72,20,9,,,,624.0,
1349,289,72,20,9,,,,624.0,
1350,294,72,20,9,,,,624.0,
1351,294,72,20,9,,,,623.0,
1352,294,72,20,9,,,,623.0,
1353,294,72,20,9,,,,623.0,
1354,294,72,20,9,,,,623.0,
1355,294,72,20,9,,,,622.0,
1356,293,72,17,9,,,,628.0,
1357,293,72,17,9,,,,628.0,
1358,293,72,17,9,,,,627.0,
1359,294,72,17,9,,,,627.0,
1360,292,70,17,9,,,,634.0,
1361,292,70,17,9,,,,634.0,
1362,292,70,17,9,,,,636.0,
1363,292,70,17,9,,,,636.0,
1364,294,70,17,9,,,,632.0,
1365,295,70,17,9,,,,632.0,
1366,295,70,17,9,,,,632.0,
1367,295,70,17,9,,,,632.0,
1368,291,70,17,9,,,,637.0,
1369,291,70,17,9,,,,637.0,
1370,291,70,17,9,,,,637.0,
1371,291,70,17,9,,,635.0,,
1372,291,70,17,9,,,636.0,,
1373,291,70,17,9,,,636.0,,
1374,291,70,17,9,,,638.0,,
1375,291,70,17,9,,,638.0,,
1376,291,70,17,9,,,638.0,,
1377,291,70,17,9,,,638.0,,
1378,291,70,17,9,,,638.0,,
1379,291,76,17,9,,,630.0,,
1380,289,76,17,9,,,634.0,,
1381,291,82,17,9,,,625.0,,
1382,291,82,17,9,,,625.0,,
1383,291,82,17,9,,,625.0,,
1384,291,82,17,9,,,626.0,,
1385,291,82,17,9,,,626.0,,
1386,289,82,17,9,,,629.0,,
1387,289,82,17,9,,,629.0,,
1388,291,82,17,9,,,626.0,,
1389,291,82,17,9,,,626.0,,
1390,292,82,17,9,,,625.0,,
1391,292,82,17,9,,,625.0,,
1392,290,82,17,9,,,631.0,,
1393,290,82,17,9,,,631.0,,
1394,290,82,17,9,,,630.0,,
1395,290,82,17,9,,,630.0,,
1396,295,82,17,9,,,625.0,,
1397,295,82,17,9,,,625.0,,
1398,295,82,17,9,,,626.0,,
1399,295,82,17,9,,,626.0,,
1400,286,82,17,9,,,636.0,,
1401,286,82,17,9,,,636.0,,
1402,286,82,17,9,,,636.0,,
1403,286,82,17,9,,,636.0,,
1404,287,82,17,9,,,636.0,,
1405,288,82,17,9,,,634.0,,
1406,288,82,17,9,,,634.0,,
1407,288,82,17,9,,,634.0,,
1408,289,82,17,9,,,634.0,,
1409,289,82,17,9,,,634.0,,
1410,289,82,17,9,,,635.0,,
1411,298,85,17,9,,,622.0,,
1412,298,85,17,9,,,622.0,,
1413,298,90,17,9,,,616.0,,
1414,299,90,17,9,,,616.0,,
1415,299,90,17,9,,,616.0,,
1416,294,85,17,9,,,627.0,,
1417,294,85,17,9,,,627.0,,
1418,294,85,17,9,,,626.0,,
1419,295,85,17,9,,,624.0,,
1420,295,85,17,9,,,626.0,,
1421,295,85,17,9,,,626.0,,
1422,295,85,17,9,,,627.0,,
1423,295,85,17,9,,,627.0,,
1424,295,85,17,9,,,627.0,,
1425,295,85,17,9,,,627.0,,
1426,295,85,17,9,,,627.0,,
1427,295,85,17,9,,,627.0,,
1428,296,85,17,9,,,624.0,,
1429,296,85,17,9,,,624.0,,
1430,298,85,17,9,,,624.0,,
1431,298,85,17,9,,,624.0,,
1432,298,85,17,9,,,624.0,,
1433,299,85,17,9,,,622.0,,
1434,296,81,17,9,,,631.0,,
1435,296,81,17,9,,,631.0,,
1436,296,81,17,9,,,631.0,,
1437,296,81,17,9,,,631.0,,
1438,296,81,17,9,,,631.0,,
1439,296,81,17,9,,,630.0,,
1440,298,81,17,9,,,630.0,,
1441,298,81,17,9,,,630.0,,
1442,298,81,17,9,,,630.0,,
1443,299,84,23,9,,,619.0,,
1444,299,84,23,9,,,619.0,,
1445,300,84,23,9,,,619.0,,
1446,300,84,23,9,,,619.0,,
1447,300,84,23,9,,,619.0,,
1448,300,84,23,9,,,619.0,,
1449,300,84,23,9,,,619.0,,
1450,303,88,23,9,,,611.0,,
1451,303,88,23,9,,,611.0,,
1452,304,88,23,9,,,611.0,,
1453,304,88,23,9,,,611.0,,
1454,305,88,23,9,,,609.0,,
1455,305,88,23,9,,,609.0,,
1456,305,90,23,9,,,609.0,,
1457,305,90,23,9,,,609.0,,
1458,306,90,23,9,,,607.0,,
1459,307,90,23,9,,,605.0,,
1460,308,90,23,9,,,606.0,,
1461,308,90,23,9,,,606.0,,
1462,308,90,23,9,,,606.0,,
1463,309,90,23,9,,,604.0,,
1464,309,90,23,9,,,604.0,,
1465,309,90,23,9,,,604.0,,
1466,309,90,23,9,,,603.0,,
1467,309,90,23,9,,,603.0,,
1468,309,90,23,9,,,603.0,,
1469,309,90,23,9,,,603.0,,
1470,308,90,23,9,,,605.0,,
1471,308,90,23,9,,,605.0,,
1472,309,90,23,9,,,605.0,,
1473,309,90,23,9,,,605.0,,
1474,309,90,23,9,,,605.0,,
1475,309,90,23,9,,,605.0,,
1476,309,90,23,9,,,605.0,,
1477,309,90,23,9,,,605.0,,
1478,309,95,23,9,,,598.0,,
1479,309,95,23,9,,,598.0,,
1480,310,95,23,9,,,602.0,,
1481,310,95,23,9,,,601.0,,
1482,310,95,23,9,,,601.0,,
1483,310,95,23,9,,,601.0,,
1484,310,95,23,9,,,601.0,,
1485,311,95,23,9,,,601.0,,
1486,311,95,23,9,,,601.0,,
1487,311,95,23,9,,,601.0,,
1488,311,95,23,9,,,601.0,,
1489,311,95,23,9,,,601.0,,
1490,308,95,23,9,,,606.0,,
1491,308,95,23,9,,,606.0,,
1492,308,95,23,9,,,606.0,,
1493,308,95,23,9,,,606.0,,
1494,309,95,23,9,,,606.0,,
1495,309,95,23,9,,,606.0,,
1496,311,95,23,9,,,602.0,,
1497,311,95,23,9,,,602.0,,
1498,311,95,23,9,,,602.0,,
1499,312,95,23,9,,,600.0,,
1500,310,89,23,9,,,613.0,,
1501,310,89,23,9,,,613.0,,
1502,310,89,23,9,,,613.0,,
1503,310,89,23,9,,,613.0,,
1504,310,89,23,9,,,613.0,,
1505,310,89,23,9,,,615.0,,
1506,310,89,23,9,,,615.0,,
1507,312,91,23,9,,,610.0,,
1508,312,91,23,9,,,610.0,,
1509,312,91,23,9,,,609.0,,
1510,311,89,23,9,,,614.0,,
1511,311,89,23,9,,,614.0,,
1512,311,89,23,9,,,613.0,,
1513,311,89,23,9,,,613.0,,
1514,311,89,23,9,,,613.0,,
1515,311,89,23,9,,,613.0,,
1516,311,89,23,9,,,613.0,,
1517,311,89,23,9,,,613.0,,
1518,311,89,23,9,,,613.0,,
1519,311,89,23,9,,,613.0,,
1520,313,89,23,9,,,614.0,,
1521,314,89,23,9,,,612.0,,
1522,314,89,23,9,,,612.0,,
1523,314,89,23,9,,,612.0,,
1524,314,89,23,9,,,612.0,,
1525,314,89,23,9,,,612.0,,
1526,314,89,23,9,,,612.0,,
1527,315,93,23,9,,,606.0,,
1528,314,93,23,9,,,608.0,,
1529,314,93,23,9,,,608.0,,
1530,313,93,18,,,,624.0,,
1531,313,93,18,,,,624.0,,
1532,313,93,18,,,,623.0,,
1533,313,93,18,,,,623.0,,
1534,313,93,18,,,,623.0,,
1535,313,93,18,,,,623.0,,
1536,313,93,18,,,,623.0,,
1537,313,93,18,,,,623.0,,
1538,313,93,18,,,,623.0,,
1539,310,93,18,,,,626.0,,
1540,313,89,23,,,,622.0,,
1541,313,89,23,,,,622.0,,
1542,313,89,23,,,,623.0,,
1543,313,89,23,,,,623.0,,
1544,314,89,23,,,,623.0,,
1545,314,89,23,,,,623.0,,
1546,314,89,23,,,,623.0,,
1547,314,89,23,,,,623.0,,
1548,315,89,23,,,,623.0,,
1549,315,89,23,,,,621.0,,
1550,315,89,23,,,,622.0,,
1551,315,89,23,,,,622.0,,
1552,315,89,23,,,,622.0,,
1553,316,89,23,,,,620.0,,
1554,316,89,23,,,,620.0,,
1555,316,89,23,,,,620.0,,
1556,316,89,23,,,,620.0,,
1557,319,89,23,,,,616.0,,
1558,319,89,23,,,,616.0,,
1559,319,89,23,,,,616.0,,
1560,317,89,23,,,,619.0,,
1561,321,89,34,,,,602.0,,
1562,321,89,34,,,,602.0,,
1563,321,89,34,,,,602.0,,
1564,322,89,34,,,,600.0,,
1565,322,89,34,,,,600.0,,
1566,322,87,34,,,,603.0,,
1567,322,87,34,,,,603.0,,
1568,322,87,34,,,,603.0,,
1569,323,87,34,,,,600.0,,
1570,323,87,34,,,,603.0,,
1571,323,87,34,,,,603.0,,
1572,323,87,34,,,,603.0,,
1573,323,87,34,,,,603.0,,
1574,323,87,34,,,,603.0,,
1575,324,87,34,,,,603.0,,
1576,324,87,34,,,,603.0,,
1577,324,87,34,,,,603.0,,
1578,324,87,34,,,,603.0,,
1579,324,87,34,,,,603.0,,
1580,321,91,34,,,,603.0,,
1581,321,91,34,,,,603.0,,
1582,321,91,34,,,,603.0,,
1583,321,91,34,,,,603.0,,
1584,321,91,34,,,,603.0,,
1585,320,91,34,,,,606.0,,
1586,321,91,34,,,,604.0,,
1587,321,91,34,,,,603.0,,
1588,321,91,34,,,,603.0,,
1589,321,91,34,,,,603.0,,
1590,321,91,34,,,,603.0,,
1591,321,91,34,,,,603.0,,
1592,321,91,34,,,,602.0,,
1593,321,91,34,,,,602.0,,
1594,321,91,34,,,,602.0,,
1595,322,91,34,,,,602.0,,
1596,323,91,34,,,,604.0,,
1597,323,91,34,,,,604.0,,
1598,324,91,34,,,,602.0,,
1599,324,91,34,,,,602.0,,
1600,324,91,34,,,,602.0,,
1601,324,91,34,,,,602.0,,
1602,323,91,34,,,,604.0,,
1603,324,91,34,,,,603.0,,
1604,324,91,34,,,,603.0,,
1605,324,91,34,,,,603.0,,
1606,324,91,34,,,,603.0,,
1607,324,91,34,,,,603.0,,
1608,323,93,34,,,,603.0,,
1609,324,93,34,,,,601.0,,
1610,322,93,34,,,,605.0,,
1611,323,95,30,,,,605.0,,
1612,323,95,30,,,,605.0,,
1613,323,95,30,,,,605.0,,
1614,323,95,30,,,,604.0,,
1615,323,95,30,,,,604.0,,
1616,323,95,30,,,,604.0,,
1617,323,95,30,,,,604.0,,
1618,323,95,30,,,,604.0,,
1619,325,95,30,,,,601.0,,
1620,326,95,30,,,,601.0,,
1621,326,95,30,,,,601.0,,
1622,326,95,30,,,,601.0,,
1623,326,95,30,,,,599.0,,
1624,318,91,30,,,,611.0,,
1625,319,91,30,,,,611.0,,
1626,321,91,30,,,,608.0,,
1627,321,91,30,,,,608.0,,
1628,321,91,30,,,,608.0,,
1629,321,91,30,,,,608.0,,
1630,323,91,30,,,,608.0,,
1631,323,91,30,,,,608.0,,
1632,323,91,30,,,,608.0,,
1633,323,91,30,,,,608.0,,
1634,326,87,30,,,,608.0,,
1635,326,87,30,,,,608.0,,
1636,326,87,30,,,,608.0,,
1637,335,91,30,,,,594.0,,
1638,337,91,30,,,,591.0,,
1639,337,91,30,,,,591.0,,
1640,331,89,30,,,,601.0,,
1641,331,89,30,,,,601.0,,
1642,331,89,30,,,,601.0,,
1643,331,89,30,,,,601.0,,
1644,331,89,30,,,,601.0,,
1645,334,89,30,,,,597.0,,
1646,334,89,30,,,,597.0,,
1647,334,89,30,,,,597.0,,
1648,334,89,30,,,,598.0,,
1649,334,89,30,,,,597.0,,
1650,334,89,30,,,,597.0,,
1651,334,89,30,,,,597.0,,
1652,334,89,30,,,,597.0,,
1653,334,89,30,,,,597.0,,
1654,334,89,30,,,,597.0,,
1655,335,89,30,,,,597.0,,
1656,335,89,30,,,,597.0,,
1657,335,89,30,,,,597.0,,
1658,341,91,30,,,,588.0,,
1659,339,89,30,,,,593.0,,
1660,339,89,30,,,,595.0,,
1661,339,89,30,,,,595.0,,
1662,339,89,30,,,,594.0,,
1663,339,89,30,,,,594.0,,
1664,340,89,30,,,,594.0,,
1665,340,89,30,,,,593.0,,
1666,340,89,30,,,,593.0,,
1667,340,89,30,,,,593.0,,
1668,337,89,30,,,,599.0,,
1669,337,89,30,,,,599.0,,
1670,338,91,30,,,,596.0,,
1671,338,91,30,,,,596.0,,
1672,338,91,30,,,,596.0,,
1673,338,91,30,,,,596.0,,
1674,339,91,30,,,,596.0,,
1675,339,91,30,,,,595.0,,
1676,339,91,30,,,,595.0,,
1677,340,91,30,,,,593.0,,
1678,340,91,30,,,,593.0,,
1679,340,91,30,,,,593.0,,
1680,335,86,30,,,,604.0,,
1681,335,86,30,,,,604.0,,
1682,335,86,30,,,,604.0,,
1683,334,86,30,,,,605.0,,
1684,336,88,30,,,,600.0,,
1685,336,88,30,,,,600.0,,
1686,336,88,30,,,,599.0,,
1687,336,88,30,,,,599.0,,
1688,337,88,30,,,,599.0,,
1689,337,88,30,,,,598.0,,
1690,337,88,30,,,,598.0,,
1691,337,88,30,,,,598.0,,
1692,339,90,30,,,,594.0,,
1693,339,90,30,,,,594.0,,
1694,339,90,30,,,,595.0,,
1695,340,90,30,,,,595.0,,
1696,342,90,30,,,,592.0,,
1697,342,90,30,,,,592.0,,
1698,342,90,30,,,,592.0,,
1699,342,90,30,,,,592.0,,
1700,343,90,30,,,,593.0,,
1701,345,92,37,,,,582.0,,
1702,345,92,37,,,,582.0,,
1703,345,92,37,,,,582.0,,
1704,345,92,37,,,,582.0,,
1705,345,92,37,,,,582.0,,
1706,345,92,37,,,,582.0,,
1707,345,92,37,,,,582.0,,
1708,346,95,37,,,,576.0,,
1709,346,95,37,,,,576.0,,
1710,345,95,37,,,,580.0,,
1711,346,95,37,,,,578.0,,
1712,346,95,37,,,,578.0,,
1713,346,95,37,,,,578.0,,
1714,346,95,37,,,,578.0,,
1715,346,95,37,,,,577.0,,
1716,347,95,37,,,,575.0,,
1717,347,95,37,,,,575.0,,
1718,347,95,37,,,,575.0,,
1719,343,95,37,,,,580.0,,
1720,344,88,37,,,,593.0,,
1721,344,88,37,,,,593.0,,
1722,346,88,37,,,,590.0,,
1723,346,88,37,,,,590.0,,
1724,346,88,37,,,,590.0,,
1725,346,88,37,,,,590.0,,
1726,346,88,37,,,,590.0,,
1727,346,88,37,,,,589.0,,
1728,344,88,28,,,,607.0,,
1729,344,88,28,,,,607.0,,
1730,344,88,28,,,,607.0,,
1731,344,88,28,,,,607.0,,
1732,344,88,28,,,,607.0,,
1733,344,88,28,,,,607.0,,
1734,344,88,28,,,,608.0,,
1735,344,88,28,,,,608.0,,
1736,344,88,28,,,,607.0,,
1737,342,88,28,,,,612.0,,
1738,342,88,28,,,,612.0,,
1739,342,88,28,,,,611.0,,
1740,342,88,28,,,,612.0,,
1741,342,88,28,,,,612.0,,
1742,344,88,28,,,,609.0,,
1743,344,88,28,,,,608.0,,
1744,344,88,28,,,,608.0,,
1745,347,88,28,,,,605.0,,
1746,348,88,28,,,,604.0,,
1747,348,88,28,,,,603.0,,
1748,348,88,28,,,,603.0,,
1749,348,88,28,,,,602.0,,
1750,343,88,28,,,,609.0,,
1751,343,88,28,,,,609.0,,
1752,343,88,28,,,,610.0,,
1753,343,88,28,,,,610.0,,
1754,343,88,28,,,,610.0,,
1755,343,88,34,,,,605.0,,
1756,343,88,34,,,,605.0,,
1757,345,88,34,,,,603.0,,
1758,343,88,34,,,,607.0,,
1759,343,88,34,,,,607.0,,
1760,343,88,34,,,,608.0,,
1761,343,88,34,,,,608.0,,
1762,343,88,34,,,,607.0,,
1763,343,88,34,,,,605.0,,
1764,338,86,28,,,,,626.0,
1765,339,86,28,,,,,627.0,
1766,339,86,28,,,,,627.0,
1767,339,86,28,,,,,627.0,
1768,339,86,28,,,,,627.0,
1769,339,86,28,,,,,627.0,
1770,341,86,28,,,,,629.0,
1771,341,84,28,,,,,634.0,
1772,341,84,28,,,,,634.0,
1773,341,84,28,,,,,634.0,
1774,341,84,28,,,,,634.0,
1775,341,84,28,,,,,634.0,
1776,338,82,28,,,,,640.0,
1777,338,82,28,,,,,639.0,
1778,338,82,28,,,,,639.0,
1779,338,82,28,,,,,639.0,
1780,338,82,28,,,,,640.0,
1781,338,82,28,,,,,640.0,
1782,339,82,28,,,,,641.0,
1783,339,82,28,,,,,640.0,
1784,340,82,28,,,,,640.0,
1785,340,82,28,,,,,639.0,
1786,340,82,28,,,,,639.0,
1787,340,82,28,,,,,639.0,
1788,340,82,28,,,,,639.0,
1789,340,82,28,,,,,639.0,
1790,340,82,28,,,,,639.0,
1791,341,82,28,,,,,641.0,
1792,341,82,28,,,,,643.0,
1793,341,82,28,,,,,643.0,
1794,342,82,28,,,,,641.0,
1795,342,82,28,,,,,641.0,
1796,342,82,28,,,,,641.0,
1797,342,82,28,,,,,640.0,
1798,342,82,28,,,,,640.0,
1799,342,82,28,,,,,639.0,
1800,334,82,28,,,,,652.0,
1801,334,82,28,,,,,652.0,
1802,334,82,28,,,,,652.0,
1803,334,82,28,,,,,652.0,
1804,334,82,28,,,,,651.0,
1805,334,82,28,,,,,650.0,
1806,337,82,28,,,,,650.0,
1807,337,82,28,,,,,650.0,
1808,338,82,28,,,,,650.0,
1809,336,82,21,,,,,662.0,
1810,336,82,21,,,,,661.0,
1811,336,82,21,,,,,661.0,
1812,337,82,21,,,,,661.0,
1813,337,84,21,,,,,658.0,
1814,337,84,21,,,,,658.0,
1815,337,84,21,,,,,657.0,
1816,338,84,21,,,,,657.0,
1817,338,84,21,,,,,657.0,
1818,338,84,21,,,,,657.0,
1819,338,84,21,,,,,657.0,
1820,340,81,21,,,,,662.0,
1821,340,81,21,,,,,661.0,
1822,340,81,21,,,,,661.0,
1823,347,81,21,,,,,653.0,
1824,347,81,21,,,,,653.0,
1825,347,81,21,,,,,653.0,
1826,347,81,21,,,,,653.0,
1827,350,81,21,,,,,650.0,
1828,350,81,21,,,,,650.0,
1829,350,83,27,,,,,641.0,
1830,350,83,27,,,,,643.0,
1831,350,86,27,,,,,639.0,
1832,351,86,27,,,,,639.0,
1833,351,86,27,,,,,639.0,
1834,351,86,27,,,,,639.0,
1835,351,86,27,,,,,638.0,
1836,351,86,27,,,,,638.0,
1837,351,86,27,,,,,638.0,
1838,358,86,27,,,,,629.0,
1839,358,86,27,,,,,629.0,
1840,355,86,27,,,,,634.0,
1841,355,86,27,,,,,634.0,
1842,355,84,27,,,,,,638.0
1843,355,84,27,,,,,,638.0
1844,355,84,27,,,,,,638.0
1845,355,84,27,,,,,,639.0
1846,355,84,27,,,,,,639.0
1847,355,84,27,,,,,,639.0
1848,346,82,27,,,,,,653.0
1849,347,82,27,,,,,,651.0
1850,347,82,30,,,,,,647.0
1851,347,82,30,,,,,,647.0
1852,347,82,30,,,,,,647.0
1853,347,82,30,,,,,,647.0
1854,348,82,30,,,,,,647.0
1855,354,82,30,,,,,,640.0
1856,354,82,30,,,,,,640.0
1857,354,82,30,,,,,,639.0
1858,354,82,30,,,,,,639.0
1859,354,82,30,,,,,,639.0
1860,352,82,27,,,,,,646.0
1861,352,82,27,,,,,,646.0
1862,352,82,27,,,,,,646.0
1863,352,82,27,,,,,,646.0
1864,352,82,27,,,,,,645.0
1865,352,82,27,,,,,,645.0
1866,353,84,27,,,,,,642.0
1867,353,84,27,,,,,,642.0
1868,353,84,27,,,,,,642.0
1869,353,84,27,,,,,,643.0
1870,353,84,27,,,,,,644.0
1871,355,84,27,,,,,,641.0
1872,356,84,27,,,,,,642.0
1873,356,84,27,,,,,,642.0
1874,356,84,27,,,,,,642.0
1875,356,84,27,,,,,,641.0
1876,356,84,27,,,,,,641.0
1877,356,84,27,,,,,,641.0
1878,356,84,27,,,,,,641.0
1879,357,84,27,,,,,,639.0
1880,357,84,27,,,,,,639.0
1881,359,90,27,,,,,631.0,
1882,359,90,27,,,,,631.0,
1883,359,90,27,,,,,631.0,
1884,359,90,27,,,,,631.0,
1885,363,90,30,,,,,622.0,
1886,363,90,30,,,,,622.0,
1887,363,90,30,,,,,622.0,
1888,362,90,30,,,,,623.0,
1889,362,90,30,,,,,623.0,
1890,359,88,30,,,,,629.0,
1891,359,88,30,,,,,629.0,
1892,359,88,30,,,,,629.0,
1893,359,88,30,,,,,629.0,
1894,359,88,37,,,,,620.0,
1895,359,88,37,,,,,620.0,
1896,359,88,34,,,,,624.0,
1897,359,88,34,,,,,624.0,
1898,359,88,34,,,,,623.0,
1899,356,84,34,,,,,632.0,
1900,356,84,34,,,,,632.0,
1901,356,84,34,,,,,632.0,
1902,356,84,34,,,,,633.0,
1903,356,84,34,,,,,632.0,
1904,356,84,34,,,,,631.0,
1905,356,84,34,,,,,631.0,
1906,356,84,34,,,,,631.0,
1907,356,84,34,,,,,631.0,
1908,357,84,34,,,,,631.0,
1909,357,84,34,,,,,631.0,
1910,359,80,34,,,,,633.0,
1911,359,80,34,,,,,633.0,
1912,359,80,34,,,,,633.0,
1913,361,80,34,,,,,630.0,
1914,361,80,34,,,,,629.0,
1915,361,80,34,,,,,629.0,
1916,361,80,34,,,,,629.0,
1917,360,75,42,,,,,628.0,
1918,360,75,42,,,,,628.0,
1919,360,75,42,,,,,628.0,
1920,360,75,39,,,,,634.0,
1921,360,75,39,,,,,634.0,
1922,360,75,39,,,,,634.0,
1923,360,75,39,,,,,634.0,
1924,360,75,39,,,,,634.0,
1925,361,75,39,,,,,634.0,
1926,358,75,39,,,,,639.0,
1927,359,79,33,,,,,639.0,
1928,359,79,33,,,,,639.0,
1929,359,79,33,,,,,638.0,
1930,359,79,33,,,,,639.0,
1931,359,79,33,,,,,639.0,
1932,359,79,33,,,,,640.0,
1933,360,85,33,,,,,632.0,
1934,360,85,33,,,,,632.0,
1935,359,85,33,,,,,635.0,
1936,359,85,33,,,,,636.0,
1937,359,85,33,,,,,636.0,
1938,360,85,33,,,,,636.0,
1939,361,85,33,,,,,635.0,
1940,361,85,33,,,,,635.0,
1941,361,85,33,,,,,635.0,
1942,363,89,33,,,,,628.0,
1943,363,89,33,,,,,628.0,
1944,362,91,33,,,,,628.0,
1945,362,91,33,,,,,628.0,
1946,362,82,33,,,,,638.0,
1947,362,82,33,,,,,638.0,
1948,362,82,33,,,,,638.0,
1949,364,84,33,,,,,632.0,
1950,364,84,33,,,,,632.0,
1951,364,84,33,,,,,631.0,
1952,364,84,33,,,,,631.0,
1953,364,84,33,,,,,631.0,
1954,364,84,33,,,,,631.0,
1955,364,84,33,,,,,631.0,
1956,364,84,33,,,,,630.0,
1957,364,84,33,,,,,630.0,
1958,364,84,33,,,,,630.0,
1959,364,84,33,,,,,630.0,
1960,363,84,33,,,,,632.0,
1961,363,84,33,,,,,632.0,
1962,363,84,33,,,,,633.0,
1963,363,84,33,,,,,633.0,
1964,363,84,33,,,,,633.0,
1965,364,84,33,,,,,631.0,
1966,364,84,33,,,,,631.0,
1967,364,84,33,,,,,630.0,
1968,362,86,33,,,,,630.0,
1969,362,86,33,,,,,630.0,
1970,362,86,33,,,,,630.0,
1971,363,86,33,,,,,630.0,
1972,363,86,33,,,,,630.0,
1973,364,86,37,,,,,624.0,
1974,363,86,37,,,,,626.0,
1975,364,86,37,,,,,624.0,
1976,364,86,37,,,,,624.0,
1977,364,86,37,,,,,624.0,
1978,365,89,37,,,,,619.0,
1979,365,89,37,,,,,619.0,
1980,362,87,37,,,,,627.0,
1981,362,87,37,,,,,627.0,
1982,366,87,37,,,,,621.0,
1983,366,91,37,,,,,616.0,
1984,367,91,37,,,,,619.0,
1985,367,91,37,,,,,619.0,
1986,368,91,37,,,,,617.0,
1987,368,91,37,,,,,617.0,
1988,368,91,37,,,,,618.0,
1989,368,91,37,,,,,618.0,
1990,368,91,37,,,,,620.0,
1991,369,91,37,,,,,618.0,
1992,369,91,37,,,,,618.0,
1993,369,91,37,,,,,618.0,
1994,369,91,37,,,,,618.0,
1995,369,91,37,,,,,618.0,
1996,369,91,37,,,,,618.0,
1997,369,93,37,,,,,615.0,
1998,370,93,37,,,,,613.0,
1999,370,93,37,,,,,613.0,
2000,368,91,37,,,,,619.0,
2001,368,91,37,,,,,618.0,
2002,368,91,37,,,,,618.0,
2003,368,91,37,,,,,618.0,
2004,368,91,37,,,,,618.0,
2005,368,91,37,,,,,618.0,
2006,368,91,37,,,,,618.0,
2007,369,91,37,,,,,616.0,
2008,369,91,37,,,,,617.0,
2009,369,91,37,,,,,616.0,
2010,360,85,34,,,,,636.0,
2011,360,87,34,,,,,633.0,
2012,360,87,34,,,,,633.0,
2013,360,87,34,,,,,633.0,
2014,360,87,34,,,,,633.0,
2015,360,87,34,,,,,633.0,
2016,360,87,34,,,,,633.0,
2017,360,87,34,,,,,633.0,
2018,360,87,34,,,,,632.0,
2019,360,87,34,,,,,632.0,
2020,360,87,34,,,,,632.0,
2021,360,87,34,,,,,632.0,
2022,369,93,37,,,,,612.0,
2023,369,93,37,,,,,611.0,
2024,369,93,37,,,,,611.0,
2025,369,93,37,,,,,611.0,
2026,369,93,37,,,,,611.0,
2027,369,93,37,,,,,611.0,
2028,369,93,37,,,,,611.0,
2029,369,93,37,,,,,611.0,
2030,372,89,37,,,,,610.0,
2031,372,89,37,,,,,610.0,
2032,372,89,37,,,,,610.0,
2033,372,89,37,,,,,610.0,
2034,371,89,37,,,,,614.0,
2035,371,89,37,,,,,614.0,
2036,373,94,37,,,,,606.0,
2037,373,94,37,,,,,607.0,
2038,375,94,37,,,,,604.0,
2039,375,94,37,,,,,604.0,
2040,372,94,37,,,,,609.0,
2041,372,94,37,,,,,608.0,
2042,372,94,37,,,,,608.0,
2043,370,94,37,,,,,612.0,
2044,370,94,37,,,,,613.0,
2045,370,94,37,,,,,613.0,
2046,370,94,37,,,,,612.0,
2047,370,94,37,,,,,612.0,
2048,370,94,37,,,,,612.0,
2049,370,94,37,,,,,612.0,
2050,372,94,37,,,,,612.0,
2051,370,94,37,,,,,617.0,
2052,370,94,37,,,,,616.0,
2053,370,94,37,,,,,616.0,
2054,370,94,37,,,,,616.0,
2055,370,94,37,,,,,616.0,
2056,370,94,37,,,,,615.0,
2057,371,94,37,,,,,613.0,
2058,372,94,37,,,,,613.0,
2059,372,94,37,,,,,613.0,
2060,369,94,37,,,,,619.0,
2061,370,94,37,,,,,622.0,
2062,370,94,37,,,,,622.0,
2063,370,94,37,,,,,621.0,
2064,370,94,37,,,,,621.0,
2065,370,94,37,,,,,622.0,
2066,370,94,37,,,,,622.0,
2067,370,94,37,,,,,622.0,
2068,370,94,37,,,,,622.0,
2069,370,94,37,,,,,621.0,
2070,368,95,37,,,,,625.0,
2071,368,100,37,,,,,619.0,
2072,369,100,37,,,,,617.0,
2073,370,103,37,,,,,612.0,
2074,370,103,37,,,,,612.0,
2075,370,103,37,,,,,612.0,
2076,370,103,37,,,,,611.0,
2077,370,103,37,,,,,611.0,
2078,370,103,37,,,,,611.0,
2079,370,103,37,,,,,611.0,
2080,371,103,37,,,,,610.0,
2081,371,103,37,,,,,610.0,
2082,371,103,37,,,,,610.0,
2083,371,103,37,,,,,610.0,
2084,371,103,37,,,,,610.0,
2085,372,103,37,,,,,608.0,
2086,372,103,37,,,,,608.0,
2087,372,103,37,,,,,608.0,
2088,370,101,37,,,,,617.0,
2089,370,101,37,,,,,617.0,
2090,370,101,37,,,,,617.0,
2091,370,101,37,,,,,617.0,
2092,370,101,37,,,,,617.0,
2093,371,101,37,,,,,616.0,
2094,371,104,37,,,,,612.0,
2095,371,104,37,,,,,612.0,
2096,371,104,37,,,,,612.0,
2097,369,102,32,,,,,622.0,
2098,369,102,32,,,,,622.0,
2099,369,102,32,,,,,622.0,
2100,368,102,32,,,,,625.0,
2101,368,102,32,,,,,625.0,
2102,369,102,32,,,,,623.0,
2103,369,102,32,,,,,622.0,
2104,369,102,32,,,,,622.0,
2105,369,102,32,,,,,622.0,
2106,370,102,32,,,,,623.0,
2107,370,102,32,,,,,622.0,
2108,370,102,32,,,,,622.0,
2109,370,102,32,,,,,622.0,
2110,370,102,32,,,,,622.0,
2111,370,104,32,,,,,619.0,
2112,370,104,32,,,,,619.0,
2113,370,104,32,,,,,618.0,
2114,370,104,32,,,,,618.0,
2115,370,104,32,,,,,619.0,
2116,371,104,32,,,,,617.0,
2117,371,104,32,,,,,617.0,
2118,371,104,32,,,,,616.0,
2119,371,104,32,,,,,616.0,
2120,370,104,28,,,,,623.0,
2121,370,104,28,,,,,624.0,
2122,371,104,28,,,,,622.0,
2123,371,104,28,,,,,622.0,
2124,371,104,28,,,,,622.0,
2125,371,104,28,,,,,621.0,
2126,371,104,28,,,,,621.0,
2127,371,104,28,,,,,621.0,
2128,371,101,28,,,,,625.0,
2129,371,101,28,,,,,625.0,
2130,369,98,33,,,,,631.0,
2131,370,98,33,,,,,629.0,
2132,370,98,33,,,,,629.0,
2133,371,98,33,,,,,629.0,
2134,371,98,37,,,,,623.0,
2135,371,98,37,,,,,623.0,
2136,371,98,37,,,,,623.0,
2137,371,98,37,,,,,623.0,
2138,371,98,37,,,,,623.0,
2139,371,98,37,,,,,622.0,
2140,368,98,37,,,,,628.0,
2141,368,98,37,,,,,628.0,
2142,368,98,37,,,,,629.0,
2143,368,98,37,,,,,629.0,
2144,367,98,37,,,,,631.0,
2145,367,98,37,,,,,631.0,
2146,367,98,37,,,,,631.0,
2147,369,98,41,,,,,624.0,
2148,369,98,41,,,,,623.0,
2149,368,98,41,,,,,626.0,
2150,368,98,41,,,,,626.0,
2151,367,98,41,,,,,628.0,
2152,366,98,41,,,,,631.0,
2153,366,98,41,,,,,631.0,
2154,366,98,41,,,,,631.0,
2155,366,98,41,,,,,631.0,
2156,366,98,41,,,,,631.0,
2157,366,98,41,,,,,631.0,
2158,366,98,41,,,,,631.0,
2159,366,98,41,,,,,630.0,
2160,366,98,41,,,,,631.0,
2161,366,98,41,,,,,631.0,
2162,366,98,41,,,,,630.0,
2163,364,98,36,,,,,637.0,
2164,364,98,36,,,,,637.0,
2165,364,98,36,,,,,637.0,
2166,364,98,36,,,,,637.0,
2167,364,98,36,,,,,637.0,
2168,364,98,36,,,,,637.0,
2169,366,98,36,,,,,638.0,
2170,366,98,36,,,,,639.0,
2171,366,98,36,,,,,638.0,
2172,366,98,36,,,,,639.0,
2173,366,98,36,,,,,639.0,
2174,366,98,36,,,,,639.0,
2175,366,98,36,,,,,639.0,
2176,367,98,36,,,,,639.0,
2177,367,98,36,,,,,639.0,
2178,364,96,36,,,,,646.0,
2179,364,96,36,,,,,646.0,
2180,364,96,36,,,,,647.0,
2181,364,96,36,,,,,646.0,
2182,364,96,36,,,,,646.0,
2183,364,96,36,,,,,646.0,
2184,364,96,36,,,,,650.0,
2185,364,96,36,,,,,649.0,
2186,364,96,36,,,,,649.0,
2187,364,96,36,,,,,650.0,
2188,364,96,36,,,,,650.0,
2189,364,96,36,,,,,650.0,
2190,364,96,36,,,,,652.0,
2191,366,96,36,,,,,650.0,
2192,366,96,36,,,,,650.0,
2193,366,96,36,,,,,649.0,
2194,366,96,36,,,,,649.0,
2195,366,96,36,,,,,648.0,
2196,366,96,36,,,,,647.0,
2197,366,96,36,,,,,646.0,
2198,366,96,36,,,,,646.0,
2199,366,98,41,,,,,638.0,
2200,365,98,41,,,,,643.0,
2201,365,98,41,,,,,643.0,
2202,365,98,41,,,,,643.0,
2203,365,101,41,,,,,639.0,
2204,365,101,41,,,,,639.0,
2205,365,101,41,,,,,640.0,
2206,365,101,41,,,,,640.0,
2207,365,101,41,,,,,640.0,
2208,365,101,41,,,,,640.0,
2209,365,101,41,,,,,639.0,
2210,368,101,41,,,,,637.0,
2211,368,101,41,,,,,637.0,
2212,368,101,41,,,,,638.0,
2213,368,101,41,,,,,638.0,
2214,368,101,41,,,,,638.0,
2215,368,101,41,,,,,638.0,
2216,368,101,41,,,,,638.0,
2217,368,101,41,,,,,638.0,
2218,370,103,41,,,,,633.0,
2219,370,103,41,,,,,632.0,
2220,371,103,41,,,,,632.0,
2221,371,103,41,,,,,631.0,
2222,371,103,41,,,,,631.0,
2223,371,103,41,,,,,631.0,
2224,372,103,41,,,,,631.0,
2225,373,103,41,,,,,628.0,
2226,373,103,41,,,,,627.0,
2227,373,103,41,,,,,627.0,
2228,373,103,41,,,,,627.0,
2229,373,103,41,,,,,627.0,
2230,373,103,41,,,,,627.0,
2231,373,103,41,,,,,627.0,
2232,374,103,41,,,,,628.0,
2233,374,103,41,,,,,628.0,
2234,374,103,41,,,,,628.0,
2235,374,108,41,,,,,622.0,
2236,374,108,41,,,,,622.0,
2237,374,108,41,,,,,622.0,
2238,374,108,41,,,,,622.0,
2239,374,108,41,,,,,622.0,
2240,371,106,35,,,,,638.0,
2241,371,106,35,,,,,637.0,
2242,371,106,35,,,,,637.0,
2243,371,106,35,,,,,637.0,
2244,371,106,35,,,,,637.0,
2245,371,106,35,,,,,637.0,
2246,371,106,35,,,,,636.0,
2247,369,106,35,,,,,639.0,
2248,369,106,35,,,,,639.0,
2249,369,106,35,,,,,639.0,
2250,369,106,35,,,,,644.0,
2251,369,106,35,,,,,644.0,
2252,369,106,35,,,,,644.0,
2253,369,106,35,,,,,644.0,
2254,368,106,32,,,,,651.0,
2255,368,106,32,,,,,651.0,
2256,368,106,32,,,,,653.0,
2257,368,106,32,,,,,653.0,
2258,368,106,32,,,,,653.0,
2259,368,106,32,,,,,652.0,
2260,366,106,32,,,,,655.0,
2261,365,104,32,,,,,660.0,
2262,365,104,32,,,,,659.0,
2263,365,104,32,,,,,658.0,
2264,359,104,32,,,,,666.0,
2265,359,104,32,,,,,665.0,
2266,359,104,32,,,,,665.0,
2267,359,104,32,,,,,664.0,
2268,359,104,32,,,,,664.0,
2269,359,104,32,,,,,664.0,
2270,359,104,32,,,,,664.0,
2271,359,104,32,,,,,664.0,
2272,359,104,32,,,,,664.0,
2273,359,104,32,,,,,664.0,
2274,360,104,32,,,,,662.0,
2275,360,104,32,,,,,662.0,
2276,360,104,32,,,,,662.0,
2277,360,104,32,,,,,662.0,
2278,360,104,32,,,,,662.0,
2279,360,104,32,,,,,662.0,
2280,361,104,32,,,,,663.0,
2281,361,104,32,,,,,663.0,
2282,359,104,32,,,,,670.0,
2283,359,104,32,,,,669.0,,
2284,359,104,32,,,,668.0,,
2285,359,104,32,,,,668.0,,
2286,360,104,32,,,,669.0,,
2287,360,104,32,,,,669.0,,
2288,360,104,32,,,,671.0,,
2289,361,104,37,,,,664.0,,
2290,361,104,37,,,,664.0,,
2291,361,104,37,,,,664.0,,
2292,361,104,37,,,,664.0,,
2293,361,104,37,,,,664.0,,
2294,361,104,37,,,,664.0,,
2295,364,106,37,,,,659.0,,
2296,364,106,37,,,,659.0,,
2297,364,106,37,,,,659.0,,
2298,364,106,37,,,,659.0,,
2299,364,109,37,,,,655.0,,
2300,364,109,37,,,,654.0,,
2301,364,109,37,,,,654.0,,
2302,364,109,37,,,,654.0,,
2303,365,112,44,,,,643.0,,
2304,365,112,44,,,,643.0,,
2305,365,112,44,,,,643.0,,
2306,365,112,44,,,,643.0,,
2307,365,112,44,,,,643.0,,
2308,366,112,44,,,,641.0,,
2309,366,112,44,,,,641.0,,
2310,364,112,44,,,,645.0,,
2311,366,112,44,,,,642.0,,
2312,369,112,44,,,,638.0,,
2313,369,112,44,,,,638.0,,
2314,369,112,44,,,,638.0,,
2315,370,112,44,,,,636.0,,
2316,370,112,44,,,,636.0,,
2317,370,112,44,,,,636.0,,
2318,370,112,44,,,,636.0,,
2319,370,112,44,,,,636.0,,
2320,366,112,44,,,,645.0,,
2321,366,112,44,,,,645.0,,
2322,366,112,44,,,,646.0,,
2323,366,112,44,,,,646.0,,
2324,367,112,44,,,,646.0,,
2325,368,112,44,,,,644.0,,
2326,368,112,44,,,,644.0,,
2327,368,112,44,,,,644.0,,
2328,368,112,44,,,,646.0,,
2329,370,112,44,,,,643.0,,
2330,370,112,44,,,,642.0,,
2331,371,112,44,,,,642.0,,
2332,371,112,44,,,,642.0,,
2333,371,112,44,,,,642.0,,
2334,371,112,44,,,,641.0,,
2335,372,112,44,,,,639.0,,
2336,372,112,44,,,,639.0,,
2337,372,112,44,,,,639.0,,
2338,372,112,44,,,,639.0,,
2339,372,112,44,,,,638.0,,
2340,373,112,44,,,,640.0,,
2341,374,112,44,,,,638.0,,
2342,374,112,44,,,,638.0,,
2343,374,112,44,,,,638.0,,
2344,374,112,44,,,,638.0,,
2345,374,112,44,,,,638.0,,
2346,376,112,44,,,,635.0,,
2347,376,112,44,,,,634.0,,
2348,377,116,44,,,,628.0,,
2349,378,116,44,,,,628.0,,
2350,379,116,48,,,,622.0,,
2351,379,116,48,,,,622.0,,
2352,379,116,48,,,,622.0,,
2353,379,116,48,,,,622.0,,
2354,379,116,48,,,,622.0,,
2355,379,116,48,,,,622.0,,
2356,382,116,48,,,,618.0,,
2357,382,116,48,,,,618.0,,
2358,381,116,48,,,,620.0,,
2359,383,116,48,,,,617.0,,
2360,383,116,48,,,,617.0,,
2361,383,116,48,,,,617.0,,
2362,383,116,48,,,,617.0,,
2363,383,116,48,,,,616.0,,
2364,383,116,48,,,,616.0,,
2365,383,116,48,,,,615.0,,
2366,384,116,48,,,,615.0,,
2367,383,113,51,,,,622.0,,
2368,383,113,51,,,,622.0,,
2369,383,113,51,,,,622.0,,
2370,383,113,51,,,,622.0,,
2371,383,113,51,,,,622.0,,
2372,383,113,51,,,,622.0,,
2373,383,113,51,,,,622.0,,
2374,384,113,51,,,,620.0,,
2375,384,113,51,,,,620.0,,
2376,381,113,51,,,,623.0,,
2377,381,113,51,,,,623.0,,
2378,382,116,57,,,,612.0,,
2379,382,116,57,,,,612.0,,
2380,381,116,57,,,,613.0,,
2381,381,116,57,,,,612.0,,
2382,381,116,57,,,,611.0,,
2383,381,116,57,,,,611.0,,
2384,382,116,57,,,,611.0,,
2385,383,119,57,,,,606.0,,
2386,383,119,57,,,,606.0,,
2387,383,119,57,,,,607.0,,
2388,383,119,57,,,,607.0,,
2389,383,119,57,,,,606.0,,
2390,381,119,57,,,,611.0,,
2391,382,119,57,,,,609.0,,
2392,382,119,57,,,,609.0,,
2393,382,119,57,,,,609.0,,
2394,382,119,57,,,,609.0,,
2395,384,121,57,,,,604.0,,
2396,384,121,57,,,,604.0,,
2397,384,121,57,,,,604.0,,
2398,384,121,57,,,,604.0,,
2399,384,121,57,,,,604.0,,
2400,385,121,57,,,,605.0,,
2401,385,121,57,,,,604.0,,
2402,385,121,57,,,,604.0,,
2403,386,121,57,,,,604.0,,
2404,386,121,57,,,,604.0,,
2405,386,121,57,,,,604.0,,
2406,386,121,57,,,,604.0,,
2407,386,121,57,,,,604.0,,
2408,386,121,57,,,,604.0,,
2409,386,121,57,,,,603.0,,
2410,386,121,57,,,,603.0,,
2411,386,121,57,,,,603.0,,
2412,386,121,57,,,,603.0,,
2413,386,121,57,,,,603.0,,
2414,386,121,57,,,,603.0,,
2415,386,121,57,,,,603.0,,
2416,384,121,57,,,,605.0,,
2417,384,121,57,,,,605.0,,
2418,384,121,57,,,,605.0,,
2419,384,121,57,,,,605.0,,
2420,384,121,57,,,,605.0,,
2421,384,121,52,,,,611.0,,
2422,384,121,52,,,,611.0,,
2423,384,121,52,,,,611.0,,
2424,384,121,52,,,,611.0,,
2425,384,121,52,,,,611.0,,
2426,385,121,52,,,,609.0,,
2427,385,121,52,,,,608.0,,
2428,386,121,52,,,,606.0,,
2429,386,121,52,,,,606.0,,
2430,386,121,52,,,,606.0,,
2431,386,121,52,,,,606.0,,
2432,385,121,52,,,,608.0,,
2433,385,121,52,,,,608.0,,
2434,385,121,52,,,,608.0,,
2435,385,121,52,,,,608.0,,
2436,385,121,52,,,,608.0,,
2437,385,121,52,,,,607.0,,
2438,385,121,52,,,,607.0,,
2439,385,121,52,,,,607.0,,
2440,386,121,52,,,,607.0,,
2441,386,121,52,,,,607.0,,
2442,386,121,52,,,,606.0,,
2443,386,121,52,,,,606.0,,
2444,386,121,52,,,,606.0,,
2445,386,121,52,,,,606.0,,
2446,386,121,52,,,,606.0,,
2447,386,121,57,,,,600.0,,
2448,386,122,57,,,,600.0,,
2449,386,122,57,,,,600.0,,
2450,387,122,57,,,,598.0,,
2451,387,122,57,,,,598.0,,
2452,387,122,57,,,,598.0,,
2453,387,122,57,,,,597.0,,
2454,387,122,57,,,,597.0,,
2455,387,122,57,,,,597.0,,
2456,387,122,57,,,,598.0,,
2457,387,122,57,,,,598.0,,
2458,387,122,57,,,,597.0,,
2459,387,122,57,,,,597.0,,
2460,387,122,57,,,,597.0,,
2461,388,122,57,,,,595.0,,
2462,388,122,57,,,,595.0,,
2463,388,122,57,,,,595.0,,
2464,388,124,57,,,,592.0,,
2465,388,124,57,,,,592.0,,
2466,388,124,57,,,,592.0,,
2467,388,124,57,,,,592.0,,
2468,388,124,57,,,,592.0,,
2469,388,124,57,,,,592.0,,
2470,389,124,57,,,,590.0,,
2471,389,124,57,,,,590.0,,
2472,389,124,57,,,,590.0,,
2473,391,124,57,,,,587.0,,
2474,391,124,57,,,,587.0,,
2475,391,124,57,,,,587.0,,
2476,391,127,57,,,,583.0,,
2477,391,127,57,,,,583.0,,
2478,391,127,57,,,,582.0,,
2479,391,127,57,,,,582.0,,
2480,392,125,57,,,,587.0,,
2481,392,125,57,,,,587.0,,
2482,392,125,57,,,,587.0,,
2483,392,125,57,,,,587.0,,
2484,392,125,57,,,,587.0,,
2485,390,125,57,,,,591.0,,
2486,390,125,57,,,,590.0,,
2487,390,125,57,,,,590.0,,
2488,388,125,57,,,,594.0,,
2489,388,125,57,,,,594.0,,
2490,388,125,57,,,,595.0,,
2491,388,125,57,,,,595.0,,
2492,388,125,57,,,,595.0,,
2493,388,125,57,,,,595.0,,
2494,388,125,57,,,,595.0,,
2495,390,125,57,,,,592.0,,
2496,392,125,57,,,,592.0,,
2497,392,125,57,,,,592.0,,
2498,392,125,57,,,,592.0,,
2499,389,125,57,,,,596.0,,
2500,389,125,57,,,,596.0,,
2501,389,125,57,,,,596.0,,
2502,390,125,57,,,,596.0,,
2503,390,125,57,,,,596.0,,
2504,391,125,57,,,,596.0,,
2505,391,125,57,,,,596.0,,
2506,391,122,57,,,,599.0,,
2507,391,122,57,,,,598.0,,
2508,391,122,57,,,,598.0,,
2509,391,122,57,,,,598.0,,
2510,391,122,57,,,,598.0,,
2511,391,131,57,,,,588.0,,
2512,391,131,57,,,,588.0,,
2513,391,131,57,,,,588.0,,
2514,391,131,57,,,,588.0,,
2515,392,131,57,,,,586.0,,
2516,392,131,57,,,,586.0,,
2517,392,131,57,,,,586.0,,
2518,392,131,57,,,,586.0,,
2519,392,131,57,,,,586.0,,
2520,393,131,57,,,,584.0,,
2521,393,130,57,,,,584.0,,
2522,398,124,57,,,,584.0,,
2523,399,126,57,,,,580.0,,
2524,399,126,57,,,,580.0,,
2525,399,126,57,,,,580.0,,
2526,399,126,57,,,,580.0,,
2527,399,126,57,,,,582.0,,
2528,399,126,57,,,,582.0,,
2529,399,126,57,,,,583.0,,
2530,400,126,57,,,,583.0,,
2531,400,126,57,,,,583.0,,
2532,400,126,57,,,,583.0,,
2533,400,126,57,,,,583.0,,
2534,395,126,57,,,,589.0,,
2535,395,126,57,,,,589.0,,
2536,399,122,57,,,,589.0,,
2537,399,122,57,,,,589.0,,
2538,399,122,57,,,,589.0,,
2539,399,122,57,,,,589.0,,
2540,399,122,57,,,,591.0,,
2541,399,122,57,,,,591.0,,
2542,400,122,57,,,,589.0,,
2543,400,122,57,,,,589.0,,
2544,400,122,57,,,,589.0,,
2545,401,122,57,,,,587.0,,
2546,401,122,57,,,,587.0,,
2547,403,122,57,,,,587.0,,
2548,401,125,57,,,,587.0,,
2549,401,125,57,,,,587.0,,
2550,402,125,57,,,,588.0,,
2551,406,128,57,,,,580.0,,
2552,406,128,57,,,,581.0,,
2553,406,128,57,,,,581.0,,
2554,407,128,57,,,,579.0,,
2555,407,128,57,,,,579.0,,
2556,407,128,57,,,,578.0,,
2557,407,128,57,,,,577.0,,
2558,407,128,63,,,,570.0,,
2559,408,128,63,,,,568.0,,
2560,408,128,63,,,,569.0,,
2561,408,128,63,,,,569.0,,
2562,408,128,63,,,,569.0,,
2563,408,128,63,,,,569.0,,
2564,408,128,63,,,,568.0,,
2565,408,128,63,,,,568.0,,
2566,408,128,63,,,,568.0,,
2567,408,128,63,,,,568.0,,
2568,408,128,63,,,,568.0,,
2569,408,128,63,,,,568.0,,
2570,408,128,63,,,,569.0,,
2571,408,128,63,,,,569.0,,
2572,408,128,63,,,,569.0,,
2573,408,128,63,,,,569.0,,
2574,408,128,63,,,,569.0,,
2575,408,128,63,,,,569.0,,
2576,408,128,63,,,,569.0,,
2577,408,128,63,,,,569.0,,
2578,410,132,63,,,,562.0,,
2579,410,132,63,,,,562.0,,
2580,410,132,63,,,,561.0,,
2581,410,132,63,,,,561.0,,
2582,410,132,63,,,,561.0,,
2583,410,132,63,,,,561.0,,
2584,410,132,63,,,,561.0,,
2585,410,132,63,,,,561.0,,
2586,410,132,63,,,,561.0,,
2587,410,132,63,,,,561.0,,
2588,410,132,63,,,,561.0,,
2589,410,132,63,,,,561.0,,
2590,410,132,63,,,,561.0,,
2591,410,132,63,,,,561.0,,
2592,410,132,63,,,,561.0,,
2593,410,132,63,,,,561.0,,
2594,410,132,68,,,,554.0,,
2595,410,132,68,,,,554.0,,
2596,410,132,68,,,,554.0,,
2597,410,132,68,,,,554.0,,
2598,410,132,68,,,,554.0,,
2599,410,132,68,,,,554.0,,
2600,409,132,68,,,,558.0,,
2601,406,132,68,,,,564.0,,
2602,406,132,68,,,,563.0,,
2603,406,132,68,,,,563.0,,
2604,406,132,68,,,,563.0,,
2605,406,132,68,,,,562.0,,
2606,406,132,68,,,,562.0,,
2607,406,132,68,,,,562.0,,
2608,407,132,68,,,,560.0,,
2609,407,132,68,,,,560.0,,
2610,405,130,68,,,,566.0,,
2611,405,130,68,,,,566.0,,
2612,406,130,68,,,,563.0,,
2613,406,130,68,,,,563.0,,
2614,406,130,68,,,,562.0,,
2615,406,130,68,,,,562.0,,
2616,407,130,68,,,,561.0,,
2617,407,130,68,,,,561.0,,
2618,407,130,85,,,,543.0,,
2619,407,127,85,,,,548.0,,
2620,408,127,81,,,,555.0,,
2621,408,127,81,,,,555.0,,
2622,408,127,81,,,,555.0,,
2623,410,129,81,,,,550.0,,
2624,410,129,81,,,,550.0,,
2625,410,129,81,,,,550.0,,
2626,410,129,81,,,,550.0,,
2627,411,129,81,,,,548.0,,
2628,410,129,81,,,550.0,,,
2629,410,129,81,,,550.0,,,
2630,411,129,81,,,548.0,,,
2631,411,129,81,,,548.0,,,
2632,411,125,81,,,552.0,,,
2633,411,125,81,,,552.0,,,
2634,411,125,81,,,552.0,,,
2635,411,125,81,,,552.0,,,
2636,411,125,81,,,552.0,,,
2637,411,125,81,,,551.0,,,
2638,411,125,81,,,551.0,,,
2639,411,125,81,,,551.0,,,
2640,412,127,81,,,548.0,,,
2641,412,127,81,,,548.0,,,
2642,412,127,81,,,548.0,,,
2643,412,127,81,,,548.0,,,
2644,412,127,81,,,548.0,,,
2645,412,127,81,,,548.0,,,
2646,412,127,81,,,549.0,,,
2647,413,131,81,,,542.0,,,
2648,414,131,81,,,542.0,,,
2649,414,131,81,,,541.0,,,
2650,414,131,81,,,541.0,,,
2651,414,131,81,,,541.0,,,
2652,414,134,81,,,537.0,,,
2653,414,134,81,,,537.0,,,
2654,414,134,81,,,537.0,,,
2655,416,134,81,,,535.0,,,
2656,416,128,81,,,542.0,,,
2657,416,128,81,,,541.0,,,
2658,416,128,81,,,541.0,,,
2659,416,128,81,,,541.0,,,
2660,415,128,83,,,541.0,,,
2661,415,128,83,,,541.0,,,
2662,415,128,83,,,541.0,,,
2663,415,128,83,,,541.0,,,
2664,413,128,64,,,562.0,,,
2665,413,128,64,,,561.0,,,
2666,413,128,64,4,,556.0,,,
2667,413,128,64,4,,556.0,,,
2668,413,128,64,4,,555.0,,,
2669,413,128,64,4,,555.0,,,
2670,414,130,64,4,,552.0,,,
2671,415,130,64,4,,550.0,,,
2672,407,121,56,4,,576.0,,,
2673,407,121,56,4,,577.0,,,
2674,407,121,56,4,,577.0,,,
2675,407,121,56,4,,577.0,,,
2676,407,121,56,4,,577.0,,,
2677,407,121,56,4,,576.0,,,
2678,407,121,56,4,,576.0,,,
2679,407,127,56,4,,569.0,,,
2680,408,122,50,4,,582.0,,,
2681,408,122,50,4,,582.0,,,
2682,408,122,50,4,,583.0,,,
2683,408,122,50,4,,583.0,,,
2684,408,122,50,4,,583.0,,,
2685,408,122,50,4,,583.0,,,
2686,408,122,50,4,,583.0,,,
2687,408,122,50,4,,582.0,,,
2688,408,122,50,4,,582.0,,,
2689,408,122,50,4,,582.0,,,
2690,415,131,54,4,,562.0,,,
2691,415,131,54,4,,562.0,,,
2692,415,131,54,4,,562.0,,,
2693,415,131,54,4,,562.0,,,
2694,415,131,54,4,,561.0,,,
2695,415,131,54,4,,561.0,,,
2696,415,131,54,4,,561.0,,,
2697,415,131,54,4,,561.0,,,
2698,415,131,54,4,,560.0,,,
2699,415,131,54,4,,560.0,,,
2700,417,131,54,4,,564.0,,,
2701,417,131,64,4,,553.0,,,
2702,417,138,64,4,,545.0,,,
2703,417,138,64,4,,545.0,,,
2704,416,133,64,4,,553.0,,,
2705,416,133,64,4,,553.0,,,
2706,416,133,64,4,,553.0,,,
2707,416,133,64,4,,553.0,,,
2708,416,133,64,4,,553.0,,,
2709,416,133,64,4,,553.0,,,
2710,417,133,64,4,,553.0,,,
2711,419,133,83,4,,531.0,,,
2712,419,133,83,4,,531.0,,,
2713,419,137,83,4,,526.0,,,
2714,419,137,83,4,,526.0,,,
2715,419,137,83,4,,526.0,,,
2716,419,137,83,4,,525.0,,,
2717,419,137,83,4,,524.0,,,
2718,419,137,83,4,,524.0,,,
2719,419,142,77,4,,524.0,,,
2720,420,147,77,4,,516.0,,,
2721,420,147,77,4,,516.0,,,
2722,420,147,77,4,,516.0,,,
2723,420,147,77,4,,516.0,,,
2724,420,147,77,4,,516.0,,,
2725,420,147,77,4,,516.0,,,
2726,420,147,77,4,,516.0,,,
2727,420,144,77,4,,519.0,,,
2728,420,144,77,4,,519.0,,,
2729,420,144,77,4,,519.0,,,
2730,387,108,46,4,,619.0,,,
2731,387,108,46,4,,619.0,,,
2732,387,108,46,4,,619.0,,,
2733,387,108,46,4,,619.0,,,
2734,387,108,46,4,,618.0,,,
2735,387,108,46,4,,618.0,,,
2736,387,108,46,4,,619.0,,,
2737,387,108,46,4,,619.0,,,
2738,387,108,46,4,,619.0,,,
2739,388,113,46,4,,612.0,,,
2740,388,113,46,4,,612.0,,,
2741,421,149,77,4,,511.0,,,
2742,421,149,77,4,,510.0,,,
2743,421,149,77,4,,510.0,,,
2744,421,149,77,4,,510.0,,,
2745,422,149,77,4,,510.0,,,
2746,422,149,83,4,,503.0,,,
2747,422,149,83,4,,503.0,,,
2748,422,149,83,4,,503.0,,,
2749,424,149,83,4,,499.0,,,
2750,425,146,83,4,,503.0,,,
2751,425,146,83,4,,503.0,,,
2752,425,146,83,4,,504.0,,,
2753,425,146,83,4,,504.0,,,
2754,425,146,89,4,,498.0,,,
2755,425,146,89,4,,498.0,,,
2756,425,146,89,4,,498.0,,,
2757,425,146,89,4,,498.0,,,
2758,425,149,89,4,,494.0,,,
2759,425,149,89,4,,493.0,,,
2760,422,147,70,4,,521.0,,,
2761,422,147,70,4,,521.0,,,
2762,424,150,67,4,,517.0,,,
2763,424,150,67,4,,517.0,,,
2764,424,153,67,4,,513.0,,,
2765,425,153,73,4,,505.0,,,
2766,425,153,73,4,,505.0,,,
2767,425,153,73,4,,504.0,,,
2768,423,151,68,4,,515.0,,,
2769,423,151,68,4,,515.0,,,
2770,424,151,68,32,,485.0,,,
2771,424,151,72,32,,480.0,,,
2772,424,151,72,32,,481.0,,,
2773,424,151,72,32,,481.0,,,
2774,424,151,72,32,,480.0,,,
2775,424,151,72,32,,480.0,,,
2776,424,151,72,32,,480.0,,,
2777,425,151,72,32,,478.0,,,
2778,425,151,72,32,,478.0,,,
2779,425,151,72,32,,478.0,,,
2780,425,151,72,32,,477.0,,,
2781,425,151,72,32,,478.0,,,
2782,425,151,72,32,,478.0,,,
2783,427,153,77,32,,468.0,,,
2784,428,153,77,32,,468.0,,,
2785,428,153,77,32,,468.0,,,
2786,428,153,77,32,,468.0,,,
2787,429,157,96,32,,443.0,,,
2788,429,157,96,32,,443.0,,,
2789,430,157,96,32,,441.0,,,
2790,430,157,96,32,,441.0,,,
2791,430,159,96,32,,438.0,,,
2792,431,159,96,32,,438.0,,,
2793,431,159,96,32,,438.0,,,
2794,431,159,96,32,,438.0,,,
2795,431,159,96,32,,437.0,,,
2796,431,159,96,32,,436.0,,,
2797,431,159,96,32,,436.0,,,
2798,432,162,96,32,,431.0,,,
2799,433,162,96,32,,430.0,,,
2800,432,162,96,32,,432.0,,,
2801,432,164,100,32,,425.0,,,
2802,432,164,100,32,,425.0,,,
2803,432,164,100,32,,425.0,,,
2804,432,164,100,32,,425.0,,,
2805,432,164,100,32,,424.0,,,
2806,432,164,100,32,,424.0,,,
2807,432,164,100,32,,423.0,,,
2808,432,164,100,32,,423.0,,,
2809,434,161,100,32,,422.0,,,
2810,434,161,100,32,,422.0,,,
2811,434,161,100,32,,422.0,,,
2812,434,161,100,32,,422.0,,,
2813,437,157,100,32,,422.0,,,
2814,437,157,100,32,,422.0,,,
2815,437,157,100,32,,422.0,,,
2816,437,148,100,32,,432.0,,,
2817,437,148,100,32,,432.0,,,
2818,437,148,100,32,,432.0,,,
2819,437,148,100,32,,432.0,,,
2820,438,148,100,32,,430.0,,,
2821,438,148,100,32,,430.0,,,
2822,438,148,100,32,,430.0,,,
2823,438,148,100,44,,417.0,,,
2824,438,148,100,44,,418.0,,,
2825,440,148,100,44,,415.0,,,
2826,440,148,100,44,,415.0,,,
2827,440,148,100,44,,415.0,,,
2828,440,148,100,44,,415.0,,,
2829,440,158,100,44,,404.0,,,
2830,440,158,100,44,,404.0,,,
2831,440,158,100,44,,403.0,,,
2832,440,158,100,44,,402.0,,,
2833,440,158,100,44,,402.0,,,
2834,440,158,100,44,,401.0,,,
2835,441,158,100,44,,401.0,,,
2836,442,158,98,44,,401.0,,,
2837,442,158,98,44,,401.0,,,
2838,442,158,98,44,,401.0,,,
2839,442,158,98,44,,401.0,,,
2840,441,155,98,32,,417.0,,,
2841,441,155,98,32,,417.0,,,
2842,441,155,98,32,,417.0,,,
2843,442,155,98,32,,415.0,,,
2844,442,155,98,32,,415.0,,,
2845,442,155,98,32,,415.0,,,
2846,442,155,98,32,,415.0,,,
2847,442,155,98,32,,415.0,,,
2848,442,155,98,32,,415.0,,,
2849,442,155,98,32,,415.0,,,
2850,442,155,98,32,12,402.0,,,
2851,443,155,102,32,12,396.0,,,
2852,443,155,102,32,12,396.0,,,
2853,443,155,102,32,12,396.0,,,
2854,443,155,102,32,12,396.0,,,
2855,443,155,102,32,12,395.0,,,
2856,444,155,102,32,12,395.0,,,
2857,444,155,102,32,12,395.0,,,
2858,444,155,102,32,12,395.0,,,
2859,444,155,102,32,12,395.0,,,
2860,444,155,102,32,12,394.0,,,
2861,444,155,106,32,12,389.0,,,
2862,446,152,106,32,12,389.0,,,
2863,446,152,106,32,12,389.0,,,
2864,446,152,106,32,12,389.0,,,
2865,446,152,106,32,12,388.0,,,
2866,446,152,106,32,12,388.0,,,
2867,446,152,106,75,12,344.0,,,
2868,446,152,106,75,12,344.0,,,
2869,446,152,106,75,12,344.0,,,
2870,444,152,95,75,12,359.0,,,
2871,447,155,95,87,12,339.0,,,
2872,448,159,89,87,12,339.0,,,
2873,448,159,89,87,12,339.0,,,
2874,448,159,89,87,12,339.0,,,
2875,448,159,89,87,12,339.0,,,
2876,448,159,89,87,12,339.0,,,
2877,451,159,100,87,12,324.0,,,
2878,452,161,96,87,12,324.0,,,
2879,452,161,96,87,12,324.0,,,
2880,449,161,84,59,12,371.0,,,
2881,449,161,84,59,12,371.0,,,
2882,451,158,84,59,12,371.0,,,
2883,451,158,84,59,12,371.0,,,
2884,451,158,84,59,12,371.0,,,
2885,451,160,84,59,12,368.0,,,
2886,451,160,84,59,12,368.0,,,
2887,451,160,84,59,12,368.0,,,
2888,453,162,84,59,12,365.0,,,
2889,453,162,84,59,12,365.0,,,
2890,454,162,84,59,12,364.0,,,
2891,454,164,84,116,12,304.0,,,
2892,455,164,91,144,12,267.0,,,
2893,456,164,96,144,12,260.0,,,
2894,457,162,96,144,12,260.0,,,
2895,459,162,96,144,12,257.0,,,
2896,460,166,90,144,12,257.0,,,
2897,460,166,90,144,12,257.0,,,
2898,461,166,90,144,12,255.0,,,
2899,461,166,90,144,12,255.0,,,
2900,463,166,90,144,12,253.0,,,
2901,463,166,90,144,12,253.0,,,
2902,463,166,90,144,12,253.0,,,
2903,463,166,90,144,12,253.0,,,
2904,466,166,90,140,12,253.0,,,
2905,466,166,90,140,12,253.0,,,
2906,466,166,90,140,12,253.0,,,
2907,466,168,93,140,12,247.0,,,
2908,466,171,89,140,12,247.0,,,
2909,466,171,89,140,12,247.0,,,
2910,464,171,89,143,12,247.0,,,
2911,464,171,89,143,12,247.0,,,
2912,464,171,89,143,12,247.0,,,
2913,464,171,89,143,12,247.0,,,
2914,465,173,94,134,12,247.0,,,
2915,465,176,94,134,12,243.0,,,
2916,466,176,94,134,12,241.0,,,
2917,466,176,94,134,12,241.0,,,
2918,466,176,94,134,12,241.0,,,
2919,466,176,94,134,12,241.0,,,
2920,466,174,94,134,12,244.0,,,
2921,466,174,94,134,12,244.0,,,
2922,466,174,94,134,12,244.0,,,
2923,466,174,94,134,12,244.0,,,
2924,467,174,94,134,12,242.0,,,
2925,467,174,94,134,12,242.0,,,
2926,467,174,94,134,12,242.0,,,
2927,467,174,94,134,12,242.0,,,
2928,467,174,94,134,12,242.0,,,
2929,467,174,101,134,12,234.0,,,
2930,467,174,101,134,12,234.0,,,
2931,467,174,101,134,12,234.0,,,
2932,467,174,101,134,12,234.0,,,
2933,467,174,101,134,12,233.0,,,
2934,467,174,101,134,12,233.0,,,
2935,467,174,101,134,12,233.0,,,
2936,467,174,101,134,12,233.0,,,
2937,467,174,101,134,12,232.0,,,
2938,468,174,101,134,12,230.0,,,
2939,468,174,101,134,12,230.0,,,
2940,469,174,101,134,12,230.0,,,
2941,470,174,99,134,12,230.0,,,
2942,470,174,99,134,12,230.0,,,
2943,470,174,99,134,12,230.0,,,
2944,471,174,99,134,12,228.0,,,
2945,471,174,99,134,12,228.0,,,
2946,471,174,99,134,12,228.0,,,
2947,471,176,99,134,12,225.0,,,
2948,471,176,99,145,,225.0,,,
2949,473,173,99,145,,225.0,,,
2950,475,173,97,145,,225.0,,,
2951,475,173,97,145,,225.0,,,
2952,477,173,97,145,,223.0,,,
2953,477,173,97,145,,223.0,,,
2954,477,173,97,145,,223.0,,,
2955,478,175,97,141,,223.0,,,
2956,478,175,97,141,,223.0,,,
2957,478,175,97,141,,222.0,,,
2958,478,175,97,141,,222.0,,,
2959,478,175,97,141,,222.0,,,
2960,477,173,97,146,,222.0,,,
2961,477,173,97,146,,222.0,,,
2962,477,176,97,146,,218.0,,,
2963,477,176,97,146,,218.0,,,
2964,477,176,97,146,,218.0,,,
2965,477,176,97,146,,218.0,,,
2966,478,176,97,144,,218.0,,,
2967,479,176,97,142,,218.0,,,
2968,479,176,97,142,,218.0,,,
2969,479,176,97,142,,218.0,,,
2970,479,176,97,144,,218.0,,,
2971,479,176,97,144,,218.0,,,
2972,479,176,97,144,,218.0,,,
2973,479,176,97,144,,218.0,,,
2974,479,176,97,144,,217.0,,,
2975,479,176,97,144,,217.0,,,
2976,479,176,97,144,,217.0,,,
2977,479,176,97,144,11,205.0,,,
2978,479,176,97,144,11,205.0,,,
2979,479,176,97,144,11,205.0,,,
2980,479,176,97,144,11,205.0,,,
2981,479,176,97,144,11,204.0,,,
2982,479,176,97,144,11,204.0,,,
2983,479,176,97,144,11,204.0,,,
2984,479,176,97,144,11,204.0,,,
2985,479,176,97,144,11,204.0,,,
2986,479,182,105,210,11,122.0,,,
2987,479,182,105,210,11,122.0,,,
2988,480,180,105,210,10,122.0,,,
2989,482,180,102,210,10,122.0,,,
2990,482,180,102,210,10,122.0,,,
2991,482,180,102,210,10,122.0,,,
2992,482,180,102,210,10,122.0,,,
2993,482,180,102,210,10,122.0,,,
2994,482,180,102,210,10,122.0,,,
2995,482,180,102,209,10,122.0,,,
2996,482,180,102,209,10,122.0,,,
2997,481,173,102,218,10,122.0,,,
2998,481,173,102,218,10,122.0,,,
2999,481,173,102,218,10,122.0,,,
3000,481,173,102,218,10,122.0,,,
3001,481,175,102,215,10,122.0,,,
3002,481,175,102,215,10,122.0,,,
3003,481,175,102,215,10,122.0,,,
3004,481,175,102,215,10,122.0,,,
3005,483,175,102,212,10,122.0,,,
3006,483,175,102,212,10,122.0,,,
3007,484,175,106,206,10,122.0,,,
3008,484,175,106,206,10,122.0,,,
3009,485,175,106,206,10,120.0,,,
3010,485,175,106,215,,120.0,,,
3011,485,175,106,215,,120.0,,,
3012,485,175,109,215,,116.0,,,
3013,488,171,109,215,,116.0,,,
3014,488,171,109,215,,116.0,,,
3015,488,171,109,215,,116.0,,,
3016,488,171,132,191,,116.0,,,
3017,488,171,132,191,,116.0,,,
3018,488,171,132,191,,116.0,,,
3019,489,173,136,182,,116.0,,,
3020,487,177,136,182,,116.0,,,
3021,487,177,136,182,,116.0,,,
3022,487,177,136,182,,116.0,,,
3023,487,177,136,182,,116.0,,,
3024,487,177,147,170,,116.0,,,
3025,487,177,147,170,,116.0,,,
3026,488,177,148,166,,116.0,,,
3027,489,177,146,166,,116.0,,,
3028,489,177,151,166,,110.0,,,
3029,489,177,151,166,,110.0,,,
3030,492,179,151,164,,107.0,,,
3031,492,179,151,164,,107.0,,,
3032,492,179,151,164,,107.0,,,
3033,489,183,151,164,,107.0,,,
3034,489,183,151,164,,107.0,,,
3035,489,183,151,164,,107.0,,,
3036,489,183,151,164,,107.0,,,
3037,489,183,151,164,,107.0,,,
3038,489,183,151,164,,107.0,,,
3039,489,183,151,164,,107.0,,,
3040,489,184,151,164,,107.0,,,
3041,490,187,151,164,,102.0,,,
3042,490,187,151,164,,102.0,,,
3043,490,187,151,164,,102.0,,,
3044,492,184,151,164,,102.0,,,
3045,492,184,151,164,,102.0,,,
3046,492,184,151,164,,102.0,,,
3047,494,184,151,164,,99.0,,,
3048,494,184,151,163,,99.0,,,
3049,494,184,151,163,,99.0,,,
3050,496,187,147,163,24,73.0,,,
3051,496,187,147,163,24,73.0,,,
3052,496,194,139,163,24,73.0,,,
3053,496,194,139,163,24,73.0,,,
3054,496,197,158,163,24,50.0,,,
3055,496,197,158,163,24,50.0,,,
3056,497,197,156,163,24,50.0,,,
3057,497,197,156,163,24,50.0,,,
3058,497,197,156,163,24,50.0,,,
3059,497,197,156,163,24,50.0,,,
3060,500,201,156,154,24,50.0,,,
3061,500,201,165,154,24,40.0,,,
3062,502,198,165,154,24,40.0,,,
3063,502,198,165,154,24,40.0,,,
3064,502,198,165,154,24,40.0,,,
3065,502,202,160,154,24,40.0,,,
3066,502,202,160,154,24,40.0,,,
3067,502,202,160,154,24,40.0,,,
3068,502,202,160,154,24,40.0,,,
3069,502,202,160,154,24,40.0,,,
3070,502,202,160,154,24,40.0,,,
3071,502,202,160,154,24,40.0,,,
3072,502,202,160,154,24,40.0,,,
3073,505,202,160,149,24,40.0,,,
3074,505,202,160,149,23,40.0,,,
3075,505,204,160,146,23,40.0,,,
3076,505,204,160,146,23,40.0,,,
3077,508,200,160,146,23,40.0,,,
3078,510,200,160,144,23,40.0,,,
3079,510,200,160,144,23,40.0,,,
3080,510,200,160,144,23,40.0,,,
3081,510,200,160,144,23,40.0,,,
3082,511,200,160,144,21,40.0,,,
3083,511,204,160,144,16,40.0,,,
3084,511,204,160,144,16,40.0,,,
3085,511,204,160,144,16,40.0,,,
3086,512,204,160,142,16,40.0,,,
3087,514,201,160,142,16,40.0,,,
3088,514,201,160,142,16,40.0,,,
3089,514,201,160,142,16,40.0,,,
3090,515,204,172,125,16,40.0,,,
3091,515,204,172,125,16,40.0,,,
3092,515,206,169,125,16,40.0,,,
3093,515,206,169,125,16,40.0,,,
3094,515,206,169,125,16,40.0,,,
3095,516,208,165,125,16,40.0,,,
3096,516,208,165,125,16,40.0,,,
3097,516,208,165,125,16,40.0,,,
3098,517,208,165,123,16,40.0,,,
3099,517,208,165,123,16,40.0,,,
3100,517,208,165,123,16,40.0,,,
3101,519,208,165,123,16,37.0,,,
3102,521,205,165,123,16,37.0,,,
3103,523,205,165,120,16,37.0,,,
3104,523,205,165,120,16,37.0,,,
3105,520,205,161,120,,61.0,,,
3106,520,205,161,120,,61.0,,,
3107,520,205,161,120,,61.0,,,
3108,520,205,161,120,,61.0,,,
3109,520,205,161,120,,61.0,,,
3110,523,205,159,118,,61.0,,,
3111,523,205,159,118,,61.0,,,
3112,523,205,159,118,,61.0,,,
3113,524,208,159,113,,61.0,,,
3114,527,208,163,113,16,37.0,,,
3115,527,208,163,113,16,37.0,,,
3116,527,208,163,113,16,37.0,,,
3117,528,206,163,113,16,37.0,,,
3118,528,206,163,113,16,37.0,,,
3119,528,206,163,113,16,37.0,,,
3120,527,209,164,113,16,37.0,,,
3121,528,212,159,113,16,37.0,,,
3122,528,212,159,113,16,37.0,,,
3123,528,209,163,113,16,37.0,,,
3124,528,209,163,113,16,37.0,,,
3125,531,205,163,113,16,37.0,,,
3126,531,205,163,113,16,37.0,,,
3127,531,205,163,113,16,37.0,,,
3128,531,205,163,113,16,36.0,,,
3129,531,205,163,113,16,36.0,,,
3130,532,205,163,113,16,36.0,,,
3131,532,205,163,113,16,36.0,,,
3132,531,205,157,121,16,36.0,,,
3133,531,205,157,121,16,36.0,,,
3134,531,205,157,121,16,36.0,,,
3135,532,209,150,121,16,36.0,,,
3136,532,209,150,121,16,36.0,,,
3137,532,209,150,121,16,36.0,,,
3138,532,209,150,121,16,36.0,,,
3139,532,209,150,121,16,36.0,,,
3140,533,209,156,113,16,36.0,,,
3141,533,209,156,113,16,36.0,,,
3142,535,206,156,113,16,36.0,,,
3143,535,206,156,113,16,36.0,,,
3144,535,206,156,113,16,36.0,,,
3145,535,206,156,113,16,36.0,,,
3146,535,206,156,113,35,16.0,,,
3147,535,209,156,109,35,16.0,,,
3148,535,209,156,109,35,16.0,,,
3149,535,209,156,109,35,16.0,,,
3150,535,209,156,109,35,16.0,,,
3151,535,211,159,110,27,16.0,,,
3152,535,211,159,110,27,16.0,,,
3153,535,211,165,103,27,16.0,,,
3154,535,211,165,103,27,16.0,,,
3155,535,211,165,103,27,16.0,,,
3156,535,211,165,103,27,16.0,,,
3157,537,211,165,115,27,,,,
3158,537,211,165,115,27,,,,
3159,534,211,169,115,27,,,,
3160,535,211,174,107,27,,,,
3161,535,211,174,107,27,,,,
3162,535,211,174,107,27,,,,
3163,535,211,174,107,27,,,,
3164,535,211,174,107,27,,,,
3165,535,211,174,107,27,,,,
3166,535,211,174,107,27,,,,
3167,535,211,174,107,27,,,,
3168,535,211,174,107,27,,,,
3169,535,211,174,107,27,,,,
3170,535,211,174,107,27,,,,
3171,535,211,187,92,27,,,,
3172,535,211,187,92,27,,,,
3173,535,211,187,92,27,,,,
3174,535,211,187,92,27,,,,
3175,535,211,194,84,26,,,,
3176,535,211,194,84,26,,,,
3177,535,211,194,84,26,,,,
3178,535,211,194,84,26,,,,
3179,538,207,194,84,26,,,,
3180,539,207,194,84,26,,,,
3181,539,207,194,84,26,,,,
3182,539,207,194,84,26,,,,
3183,539,207,194,84,26,,,,
3184,540,209,198,75,26,,,,
3185,540,209,198,75,26,,,,
3186,537,205,206,74,26,,,,
3187,537,205,206,74,26,,,,
3188,537,205,206,74,26,,,,
3189,540,205,202,88,11,,,,
3190,540,205,202,88,11,,,,
3191,540,205,202,88,11,,,,
3192,540,205,202,88,11,,,,
3193,540,205,202,88,11,,,,
3194,540,205,201,88,11,,,,
3195,538,208,201,88,11,,,,
3196,538,210,201,85,11,,,,
3197,538,222,188,85,11,,,,
3198,538,222,188,85,11,,,,
3199,538,222,188,85,11,,,,
3200,539,222,188,85,11,,,,
3201,540,222,186,85,11,,,,
3202,540,222,186,85,11,,,,
3203,540,222,186,85,11,,,,
3204,540,222,186,85,11,,,,
3205,543,221,196,71,11,,,,
3206,543,221,196,71,11,,,,
3207,547,225,186,71,11,,,,
3208,547,225,186,71,11,,,,
3209,547,225,196,60,11,,,,
3210,547,225,196,60,11,,,,
3211,547,225,196,60,11,,,,
3212,547,225,196,60,11,,,,
3213,547,225,196,60,11,,,,
3214,547,225,196,60,11,,,,
3215,547,225,196,60,11,,,,
3216,547,225,196,60,11,,,,
3217,547,225,195,60,11,,,,
3218,547,225,195,60,11,,,,
3219,547,225,195,60,11,,,,
3220,549,227,195,60,11,,,,
3221,549,227,194,60,11,,,,
3222,549,227,194,60,11,,,,
3223,549,227,194,60,11,,,,
3224,549,227,194,60,11,,,,
3225,549,227,194,59,11,,,,
3226,550,227,192,59,11,,,,
3227,550,227,192,59,11,,,,
3228,550,227,192,59,10,,,,
3229,550,227,192,59,10,,,,
3230,551,227,192,59,10,,,,
3231,551,227,192,59,10,,,,
3232,552,230,187,59,10,,,,
3233,552,234,187,54,10,,,,
3234,553,237,182,54,10,,,,
3235,553,237,181,54,10,,,,
3236,553,239,181,51,10,,,,
3237,553,239,181,51,10,,,,
3238,553,239,180,50,10,,,,
3239,553,239,180,50,10,,,,
3240,553,239,180,49,10,,,,
3241,553,239,183,45,10,,,,
3242,553,239,183,45,10,,,,
3243,553,239,186,41,10,,,,
3244,553,239,186,41,10,,,,
3245,553,242,182,41,10,,,,
3246,553,242,182,41,10,,,,
3247,553,242,182,41,10,,,,
3248,553,242,182,41,10,,,,
3249,553,242,181,41,10,,,,
3250,550,248,181,41,10,,,,
3251,550,248,181,41,10,,,,
3252,550,248,181,41,10,,,,
3253,550,248,181,41,10,,,,
3254,550,248,181,41,10,,,,
3255,550,248,181,41,10,,,,
3256,550,251,181,36,10,,,,
3257,550,251,181,36,10,,,,
3258,550,251,181,36,10,,,,
3259,550,251,181,36,10,,,,
3260,550,251,181,36,10,,,,
3261,550,251,181,36,10,,,,
3262,550,250,181,36,10,,,,
3263,550,250,181,36,10,,,,
3264,550,250,181,36,10,,,,
3265,550,250,181,36,10,,,,
3266,550,250,181,36,10,,,,
3267,550,250,181,36,10,,,,
3268,550,250,181,36,10,,,,
3269,551,254,175,36,10,,,,
3270,551,254,175,36,10,,,,
3271,551,254,175,36,10,,,,
3272,551,254,175,36,10,,,,
3273,551,254,175,36,9,,,,
3274,551,254,175,36,9,,,,
3275,551,254,175,36,9,,,,
3276,551,254,175,36,9,,,,
3277,551,254,175,35,9,,,,
3278,551,254,175,35,9,,,,
3279,551,254,174,35,9,,,,
3280,551,254,173,35,9,,,,
3281,551,256,170,35,9,,,,
3282,551,256,170,35,9,,,,
3283,551,256,169,35,9,,,,
3284,551,256,169,35,9,,,,
3285,551,259,165,35,8,,,,
3286,551,259,165,35,8,,,,
3287,551,261,162,35,8,,,,
3288,551,261,162,35,8,,,,
3289,551,261,162,35,8,,,,
3290,550,254,174,31,8,,,,
3291,550,254,174,31,8,,,,
3292,550,254,174,31,8,,,,
3293,550,254,174,31,8,,,,
3294,550,257,170,31,8,,,,
3295,550,257,170,31,8,,,,
3296,550,257,170,31,8,,,,
3297,550,257,170,31,8,,,,
3298,551,260,165,31,8,,,,
3299,551,260,165,31,8,,,,
3300,553,261,161,31,8,,,,
3301,553,261,161,31,8,,,,
3302,553,263,157,31,8,,,,
3303,553,265,154,31,8,,,,
3304,553,265,154,30,8,,,,
3305,553,265,154,30,8,,,,
3306,553,267,151,30,8,,,,
3307,553,267,151,30,8,,,,
3308,553,267,151,30,8,,,,
3309,553,267,151,30,8,,,,
3310,552,269,151,30,8,,,,
3311,552,269,151,30,8,,,,
3312,552,271,148,30,8,,,,
3313,552,271,148,30,8,,,,
3314,552,271,147,30,8,,,,
3315,552,271,147,30,8,,,,
3316,552,271,147,30,8,,,,
3317,552,271,147,30,8,,,,
3318,552,271,147,30,8,,,,
3319,552,271,147,30,8,,,,
3320,546,271,147,38,8,,,,
3321,546,271,147,38,8,,,,
3322,546,271,147,38,7,,,,
3323,546,271,147,38,7,,,,
3324,546,273,144,38,7,,,,
3325,546,273,144,38,6,,,,
3326,546,273,144,38,6,,,,
3327,546,273,144,38,6,,,,
3328,546,273,143,37,6,,,,
3329,546,273,143,37,6,,,,
3330,546,273,142,37,6,,,,
3331,546,273,142,37,6,,,,
3332,546,273,142,37,6,,,,
3333,546,273,153,25,6,,,,
3334,546,273,153,25,6,,,,
3335,546,273,153,25,6,,,,
3336,546,277,148,25,6,,,,
3337,546,277,148,25,6,,,,
3338,546,277,147,25,6,,,,
3339,546,277,147,25,6,,,,
3340,543,281,146,30,,,,,
3341,543,281,146,30,,,,,
3342,543,281,146,30,,,,,
3343,543,281,146,30,,,,,
3344,543,281,146,30,,,,,
3345,543,281,151,24,,,,,
3346,543,281,151,24,,,,,
3347,546,277,151,23,,,,,
3348,551,277,151,17,,,,,
3349,551,277,151,17,,,,,
3350,551,277,151,17,,,,,
3351,551,277,151,17,,,,,
3352,552,277,156,10,,,,,
3353,552,277,156,10,,,,,
3354,552,277,156,10,,,,,
3355,552,277,156,10,,,,,
3356,552,277,156,10,,,,,
3357,552,277,155,10,,,,,
3358,552,277,155,10,,,,,
3359,553,275,155,10,,,,,
3360,551,271,162,10,,,,,
3361,551,271,162,10,,,,,
3362,551,271,162,10,,,,,
3363,551,271,161,10,,,,,
3364,551,271,161,10,,,,,
3365,551,271,164,5,,,,,
3366,551,271,164,5,,,,,
3367,551,270,164,5,,,,,
3368,551,270,164,5,,,,,
3369,552,270,162,5,,,,,
3370,551,270,157,12,,,,,
3371,551,274,152,12,,,,,
3372,551,274,152,12,,,,,
3373,551,274,152,12,,,,,
3374,551,274,152,12,,,,,
3375,553,278,145,12,,,,,
3376,553,278,144,12,,,,,
3377,553,278,143,12,,,,,
3378,554,276,143,12,,,,,
3379,555,276,141,12,,,,,
3380,552,274,147,12,,,,,
3381,552,274,147,12,,,,,
3382,552,274,147,12,,,,,
3383,552,274,147,12,,,,,
3384,552,274,147,12,,,,,
3385,552,274,147,12,,,,,
3386,553,272,147,12,,,,,
3387,553,272,147,12,,,,,
3388,553,272,147,12,,,,,
3389,553,271,147,12,,,,,
3390,553,271,133,28,,,,,
3391,553,274,129,28,,,,,
3392,553,274,129,28,,,,,
3393,554,272,129,28,,,,,
3394,554,272,129,28,,,,,
3395,554,272,129,28,,,,,
3396,555,270,129,28,,,,,
3397,555,270,129,28,,,,,
3398,555,269,129,28,,,,,
3399,555,269,129,28,,,,,
3400,555,267,120,39,,,,,
3401,555,266,120,39,,,,,
3402,555,266,120,39,,,,,
3403,555,266,120,39,,,,,
3404,555,266,120,39,,,,,
3405,555,266,120,39,,,,,
3406,556,271,120,32,,,,,
3407,558,273,124,23,,,,,
3408,558,272,124,23,,,,,
3409,558,272,124,23,,,,,
3410,559,272,129,16,,,,,
3411,559,272,129,16,,,,,
3412,561,272,136,5,,,,,
3413,561,272,136,5,,,,,
3414,561,272,136,5,,,,,
3415,561,272,136,5,,,,,
3416,561,272,136,5,,,,,
3417,561,272,136,5,,,,,
3418,561,272,136,5,,,,,
3419,562,270,136,5,,,,,
3420,562,270,136,5,,,,,
3421,562,269,136,5,,,,,
3422,562,269,136,5,,,,,
3423,562,269,135,5,,,,,
3424,562,269,139,,,,,,
3425,562,269,139,,,,,,
3426,564,266,139,,,,,,
3427,564,266,139,,,,,,
3428,565,264,139,,,,,,
3429,565,264,139,,,,,,
3430,566,264,139,,,,,,
3431,566,264,139,,,,,,
3432,566,264,139,,,,,,
3433,567,262,139,,,,,,
3434,567,262,139,,,,,,
3435,567,262,139,,,,,,
3436,567,262,139,,,,,,
3437,567,262,138,,,,,,
3438,567,262,138,,,,,,
3439,568,260,137,,,,,,
3440,567,262,137,,,,,,
3441,567,262,137,,,,,,
3442,567,262,137,,,,,,
3443,569,259,137,,,,,,
3444,569,259,137,,,,,,
3445,570,257,137,,,,,,
3446,570,256,137,,,,,,
3447,570,256,137,,,,,,
3448,570,255,137,,,,,,
3449,570,255,137,,,,,,
3450,571,255,137,,,,,,
3451,571,255,137,,,,,,
3452,571,255,136,,,,,,
3453,571,255,136,,,,,,
3454,571,255,136,,,,,,
3455,571,255,136,,,,,,
3456,573,252,136,,,,,,
3457,573,252,136,,,,,,
3458,573,254,133,,,,,,
3459,573,254,133,,,,,,
3460,571,248,141,,,,,,
3461,571,248,141,,,,,,
3462,573,245,141,,,,,,
3463,573,245,141,,,,,,
3464,573,245,141,,,,,,
3465,573,245,141,,,,,,
3466,573,244,141,,,,,,
3467,573,244,141,,,,,,
3468,573,246,138,,,,,,
3469,574,244,138,,,,,,
3470,569,237,153,,,,,,
3471,569,237,153,,,,,,
3472,569,237,153,,,,,,
3473,569,237,153,,,,,,
3474,569,237,153,,,,,,
3475,569,237,153,,,,,,
3476,569,236,153,,,,,,
3477,569,236,153,,,,,,
3478,569,236,153,,,,,,
3479,569,236,153,,,,,,
3480,570,233,157,,,,,,
3481,573,236,149,,,,,,
3482,574,234,149,,,,,,
3483,574,237,145,,,,,,
3484,574,237,145,,,,,,
3485,576,234,145,,,,,,
3486,576,234,145,,,,,,
3487,576,234,145,,,,,,
3488,578,238,138,,,,,,
3489,578,238,138,,,,,,
3490,577,236,133,9,,,,,
3491,577,236,133,9,,,,,
3492,577,236,132,9,,,,,
3493,577,236,132,9,,,,,
3494,577,235,132,9,,,,,
3495,577,235,132,9,,,,,
3496,577,235,132,9,,,,,
3497,578,238,126,9,,,,,
3498,578,238,126,9,,,,,
3499,578,237,126,9,,,,,
3500,577,239,126,9,,,,,
3501,577,239,126,9,,,,,
3502,577,239,126,9,,,,,
3503,577,239,126,9,,,,,
3504,577,239,126,9,,,,,
3505,577,239,126,9,,,,,
3506,577,239,126,9,,,,,
3507,577,239,126,9,,,,,
3508,578,240,122,9,,,,,
3509,578,240,122,9,,,,,
3510,578,240,122,9,,,,,
3511,578,240,122,9,,,,,
3512,579,242,127,,,,,,
3513,583,245,119,,,,,,
3514,583,245,119,,,,,,
3515,583,245,118,,,,,,
3516,583,245,118,,,,,,
3517,583,245,118,,,,,,
3518,583,247,115,,,,,,
3519,583,247,115,,,,,,
3520,583,243,119,,,,,,
3521,583,243,119,,,,,,
3522,583,243,119,,,,,,
3523,583,243,119,,,,,,
3524,583,243,119,,,,,,
3525,583,243,119,,,,,,
3526,584,241,119,,,,,,
3527,584,243,116,,,,,,
3528,584,243,116,,,,,,
3529,584,242,116,,,,,,
3530,576,213,167,,,,,,
3531,576,212,167,,,,,,
3532,576,212,167,,,,,,
3533,576,212,166,,,,,,
3534,577,214,162,,,,,,
3535,577,214,162,,,,,,
3536,577,214,162,,,,,,
3537,577,214,162,,,,,,
3538,583,239,128,,,,,,
3539,583,239,128,,,,,,
3540,583,239,127,,,,,,
3541,583,239,127,,,,,,
3542,585,237,125,,,,,,
3543,586,244,116,,,,,,
3544,586,244,116,,,,,,
3545,586,244,116,,,,,,
3546,586,244,116,,,,,,
3547,586,244,116,,,,,,
3548,586,244,116,,,,,,
3549,588,241,116,,,,,,
3550,588,241,116,,,,,,
3551,589,239,116,,,,,,
3552,589,239,116,,,,,,
3553,590,237,116,,,,,,
3554,590,241,111,,,,,,
3555,591,239,111,,,,,,
3556,593,236,110,,,,,,
3557,593,235,110,,,,,,
3558,594,233,110,,,,,,
3559,594,233,110,,,,,,
3560,594,233,110,,,,,,
3561,594,233,110,,,,,,
3562,594,233,110,,,,,,
3563,594,240,102,,,,,,
3564,594,240,102,,,,,,
3565,594,238,102,,,,,,
3566,594,238,102,,,,,,
3567,594,238,102,,,,,,
3568,594,238,102,,,,,,
3569,594,245,94,,,,,,
3570,589,252,94,,,,,,
3571,589,251,94,,,,,,
3572,589,251,93,,,,,,
3573,589,251,93,,,,,,
3574,589,251,93,,,,,,
3575,589,251,93,,,,,,
3576,589,251,93,,,,,,
3577,589,251,93,,,,,,
3578,589,251,93,,,,,,
3579,589,251,93,,,,,,
3580,589,242,90,12,,,,,
3581,589,242,90,12,,,,,
3582,590,240,90,12,,,,,
3583,590,240,90,12,,,,,
3584,590,240,90,12,,,,,
3585,594,243,86,7,,,,,
3586,596,245,81,7,,,,,
3587,596,248,77,7,,,,,
3588,596,248,77,7,,,,,
3589,597,246,77,7,,,,,
3590,597,246,77,7,,,,,
3591,598,244,77,7,,,,,
3592,598,244,77,7,,,,,
3593,598,243,77,7,,,,,
3594,598,243,77,7,,,,,
3595,599,241,77,7,,,,,
3596,599,241,77,7,,,,,
3597,599,241,77,7,,,,,
3598,599,241,77,7,,,,,
3599,599,241,77,7,,,,,
3600,602,238,77,7,,,,,
3601,602,238,77,7,,,,,
3602,602,238,77,7,,,,,
3603,602,238,77,7,,,,,
3604,605,238,80,,,,,,
3605,605,238,80,,,,,,
3606,605,238,80,,,,,,
3607,605,240,77,,,,,,
3608,605,240,77,,,,,,
3609,605,240,77,,,,,,
