,day_counter,0,1,2,3,4
2010-01-01,0,21,,,,
2010-01-02,1,23,,,,
2010-01-03,2,23,,,,
2010-01-04,3,24,,,,
2010-01-05,4,24,,,,
2010-01-06,5,25,,,,
2010-01-07,6,26,,,,
2010-01-08,7,27,,,,
2010-01-09,8,27,,,,
2010-01-10,9,27,,,,
2010-01-11,10,28,,,,
2010-01-12,11,28,,,,
2010-01-13,12,28,,,,
2010-01-14,13,29,,,,
2010-01-15,14,29,,,,
2010-01-16,15,29,,,,
2010-01-17,16,29,,,,
2010-01-18,17,29,,,,
2010-01-19,18,30,,,,
2010-01-20,19,31,,,,
2010-01-21,20,31,,,,
2010-01-22,21,32,,,,
2010-01-23,22,32,,,,
2010-01-24,23,32,,,,
2010-01-25,24,29,2,,,
2010-01-26,25,30,2,,,
2010-01-27,26,30,2,,,
2010-01-28,27,32,2,,,
2010-01-29,28,32,2,,,
2010-01-30,29,33,2,,,
2010-01-31,30,33,2,,,
2010-02-01,31,35,2,,,
2010-02-02,32,35,2,,,
2010-02-03,33,35,2,,,
2010-02-04,34,35,2,,,
2010-02-05,35,35,2,,,
2010-02-06,36,35,2,,,
2010-02-07,37,35,2,,,
2010-02-08,38,34,2,,,
2010-02-09,39,34,2,,,
2010-02-10,40,33,4,,,
2010-02-11,41,35,4,,,
2010-02-12,42,35,4,,,
2010-02-13,43,35,4,,,
2010-02-14,44,35,4,,,
2010-02-15,45,35,2,,,
2010-02-16,46,37,2,,,
2010-02-17,47,37,2,,,
2010-02-18,48,37,2,,,
2010-02-19,49,37,2,,,
2010-02-20,50,37,2,,,
2010-02-21,51,38,2,,,
2010-02-22,52,38,2,,,
2010-02-23,53,39,2,,,
2010-02-24,54,39,2,,,
2010-02-25,55,39,2,,,
2010-02-26,56,39,2,,,
2010-02-27,57,39,2,,,
2010-02-28,58,39,2,,,
2010-03-01,59,39,2,,,
2010-03-02,60,39,2,,,
2010-03-03,61,39,2,,,
2010-03-04,62,41,,,,
2010-03-05,63,41,,,,
2010-03-06,64,41,,,,
2010-03-07,65,40,,,,
2010-03-08,66,40,2,,,
2010-03-09,67,40,2,,,
2010-03-10,68,44,2,,,
2010-03-11,69,45,2,,,
2010-03-12,70,46,2,,,
2010-03-13,71,46,2,,,
2010-03-14,72,46,2,,,
2010-03-15,73,46,2,,,
2010-03-16,74,47,,,,
2010-03-17,75,49,,,,
2010-03-18,76,49,,,,
2010-03-19,77,49,,,,
2010-03-20,78,49,,,,
2010-03-21,79,49,,,,
2010-03-22,80,49,,,,
2010-03-23,81,49,,,,
2010-03-24,82,49,,,,
2010-03-25,83,50,,,,
2010-03-26,84,50,,,,
2010-03-27,85,50,,,,
2010-03-28,86,51,,,,
2010-03-29,87,51,,,,
2010-03-30,88,51,,,,
2010-03-31,89,51,,,,
2010-04-01,90,51,,,,
2010-04-02,91,51,,,,
2010-04-03,92,51,,,,
2010-04-04,93,51,,,,
2010-04-05,94,51,,,,
2010-04-06,95,52,,,,
2010-04-07,96,52,,,,
2010-04-08,97,52,,,,
2010-04-09,98,53,,,,
2010-04-10,99,53,,,,
2010-04-11,100,53,,,,
2010-04-12,101,54,,,,
2010-04-13,102,52,2,,,
2010-04-14,103,53,2,,,
2010-04-15,104,53,2,,,
2010-04-16,105,55,2,,,
2010-04-17,106,55,2,,,
2010-04-18,107,55,2,,,
2010-04-19,108,54,2,,,
2010-04-20,109,54,3,,,
2010-04-21,110,54,3,,,
2010-04-22,111,54,3,,,
2010-04-23,112,54,3,,,
2010-04-24,113,55,3,,,
2010-04-25,114,55,3,,,
2010-04-26,115,55,3,,,
2010-04-27,116,57,3,,,
2010-04-28,117,57,3,,,
2010-04-29,118,57,3,,,
2010-04-30,119,57,3,,,
2010-05-01,120,57,3,,,
2010-05-02,121,57,3,,,
2010-05-03,122,57,3,,,
2010-05-04,123,56,3,,,
2010-05-05,124,57,2,,,
2010-05-06,125,58,2,,,
2010-05-07,126,60,,,,
2010-05-08,127,60,,,,
2010-05-09,128,60,,,,
2010-05-10,129,60,,,,
2010-05-11,130,60,,,,
2010-05-12,131,59,,,,
2010-05-13,132,60,,,,
2010-05-14,133,61,,,,
2010-05-15,134,61,,,,
2010-05-16,135,61,,,,
2010-05-17,136,60,,,,
2010-05-18,137,60,,,,
2010-05-19,138,60,,,,
2010-05-20,139,60,,,,
2010-05-21,140,60,,,,
2010-05-22,141,60,,,,
2010-05-23,142,60,,,,
2010-05-24,143,60,,,,
2010-05-25,144,60,,,,
2010-05-26,145,60,,,,
2010-05-27,146,59,,,,
2010-05-28,147,59,,,,
2010-05-29,148,59,,,,
2010-05-30,149,59,,,,
2010-05-31,150,59,,,,
2010-06-01,151,59,,,,
2010-06-02,152,60,,,,
2010-06-03,153,60,,,,
2010-06-04,154,61,,,,
2010-06-05,155,62,,,,
2010-06-06,156,60,3,,,
2010-06-07,157,60,3,,,
2010-06-08,158,60,3,,,
2010-06-09,159,59,3,,,
2010-06-10,160,59,3,,,
2010-06-11,161,59,3,,,
2010-06-12,162,59,3,,,
2010-06-13,163,59,3,,,
2010-06-14,164,58,3,,,
2010-06-15,165,58,3,,,
2010-06-16,166,58,3,,,
2010-06-17,167,58,3,,,
2010-06-18,168,59,3,,,
2010-06-19,169,59,3,,,
2010-06-20,170,59,3,,,
2010-06-21,171,59,3,,,
2010-06-22,172,59,3,,,
2010-06-23,173,59,3,,,
2010-06-24,174,61,,,,
2010-06-25,175,62,,,,
2010-06-26,176,62,,,,
2010-06-27,177,61,,,,
2010-06-28,178,62,,,,
2010-06-29,179,63,,,,
2010-06-30,180,63,,,,
2010-07-01,181,63,,,,
2010-07-02,182,64,,,,
2010-07-03,183,64,,,,
2010-07-04,184,64,,,,
2010-07-05,185,64,,,,
2010-07-06,186,65,,,,
2010-07-07,187,65,,,,
2010-07-08,188,65,,,,
2010-07-09,189,65,,,,
2010-07-10,190,65,,,,
2010-07-11,191,65,,,,
2010-07-12,192,65,,,,
2010-07-13,193,65,,,,
2010-07-14,194,65,,,,
2010-07-15,195,65,,,,
2010-07-16,196,65,,,,
2010-07-17,197,65,,,,
2010-07-18,198,66,,,,
2010-07-19,199,67,,,,
2010-07-20,200,66,2,,,
2010-07-21,201,70,2,,,
2010-07-22,202,70,2,,,
2010-07-23,203,69,4,,,
2010-07-24,204,70,4,,,
2010-07-25,205,71,4,,,
2010-07-26,206,72,4,,,
2010-07-27,207,74,4,,,
2010-07-28,208,74,4,,,
2010-07-29,209,73,4,,,
2010-07-30,210,74,4,,,
2010-07-31,211,74,4,,,
2010-08-01,212,74,4,,,
2010-08-02,213,72,4,,,
2010-08-03,214,72,4,,,
2010-08-04,215,72,4,,,
2010-08-05,216,72,4,,,
2010-08-06,217,74,4,,,
2010-08-07,218,74,4,,,
2010-08-08,219,76,2,,,
2010-08-09,220,76,2,,,
2010-08-10,221,76,2,,,
2010-08-11,222,77,2,,,
2010-08-12,223,77,2,,,
2010-08-13,224,77,2,,,
2010-08-14,225,77,2,,,
2010-08-15,226,79,,,,
2010-08-16,227,80,,,,
2010-08-17,228,80,,,,
2010-08-18,229,80,,,,
2010-08-19,230,81,,,,
2010-08-20,231,81,,,,
2010-08-21,232,81,,,,
2010-08-22,233,81,,,,
2010-08-23,234,80,,,,
2010-08-24,235,79,,,,
2010-08-25,236,79,,,,
2010-08-26,237,79,,,,
2010-08-27,238,79,,,,
2010-08-28,239,79,,,,
2010-08-29,240,79,,,,
2010-08-30,241,77,,,,
2010-08-31,242,74,,,,
2010-09-01,243,74,,,,
2010-09-02,244,74,,,,
2010-09-03,245,74,,,,
2010-09-04,246,74,,,,
2010-09-05,247,74,,,,
2010-09-06,248,76,,,,
2010-09-07,249,73,2,,,
2010-09-08,250,73,2,,,
2010-09-09,251,73,2,,,
2010-09-10,252,73,2,,,
2010-09-11,253,75,,,,
2010-09-12,254,75,,,,
2010-09-13,255,74,,,,
2010-09-14,256,75,,,,
2010-09-15,257,76,,,,
2010-09-16,258,77,,,,
2010-09-17,259,78,,,,
2010-09-18,260,78,,,,
2010-09-19,261,78,,,,
2010-09-20,262,80,,,,
2010-09-21,263,80,,,,
2010-09-22,264,80,,,,
2010-09-23,265,80,,,,
2010-09-24,266,81,,,,
2010-09-25,267,80,2,,,
2010-09-26,268,80,2,,,
2010-09-27,269,79,2,,,
2010-09-28,270,79,2,,,
2010-09-29,271,79,2,,,
2010-09-30,272,79,2,,,
2010-10-01,273,78,2,,,
2010-10-02,274,78,2,,,
2010-10-03,275,78,2,,,
2010-10-04,276,78,2,,,
2010-10-05,277,79,2,,,
2010-10-06,278,80,2,,,
2010-10-07,279,80,2,,,
2010-10-08,280,81,2,,,
2010-10-09,281,82,2,,,
2010-10-10,282,82,2,,,
2010-10-11,283,82,2,,,
2010-10-12,284,82,2,,,
2010-10-13,285,84,,,,
2010-10-14,286,83,2,,,
2010-10-15,287,83,2,,,
2010-10-16,288,83,2,,,
2010-10-17,289,83,2,,,
2010-10-18,290,83,2,,,
2010-10-19,291,83,2,,,
2010-10-20,292,84,,,,
2010-10-21,293,85,,,,
2010-10-22,294,85,,,,
2010-10-23,295,85,,,,
2010-10-24,296,85,,,,
2010-10-25,297,85,,,,
2010-10-26,298,85,,,,
2010-10-27,299,86,,,,
2010-10-28,300,87,,,,
2010-10-29,301,88,,,,
2010-10-30,302,88,,,,
2010-10-31,303,88,,,,
2010-11-01,304,87,,,,
2010-11-02,305,89,,,,
2010-11-03,306,90,,,,
2010-11-04,307,92,,,,
2010-11-05,308,92,,,,
2010-11-06,309,91,2,,,
2010-11-07,310,91,2,,,
2010-11-08,311,91,2,,,
2010-11-09,312,91,2,,,
2010-11-10,313,91,2,,,
2010-11-11,314,92,2,,,
2010-11-12,315,92,2,,,
2010-11-13,316,92,2,,,
2010-11-14,317,92,2,,,
2010-11-15,318,93,,,,
2010-11-16,319,94,,,,
2010-11-17,320,95,,,,
2010-11-18,321,95,,,,
2010-11-19,322,95,,,,
2010-11-20,323,95,,,,
2010-11-21,324,95,,,,
2010-11-22,325,95,,,,
2010-11-23,326,95,,,,
2010-11-24,327,96,,,,
2010-11-25,328,97,,,,
2010-11-26,329,97,,,,
2010-11-27,330,97,,,,
2010-11-28,331,97,,,,
2010-11-29,332,97,,,,
2010-11-30,333,99,,,,
2010-12-01,334,97,,,,
2010-12-02,335,97,,,,
2010-12-03,336,97,,,,
2010-12-04,337,97,,,,
2010-12-05,338,97,2,,,
2010-12-06,339,97,2,,,
2010-12-07,340,97,2,,,
2010-12-08,341,97,2,,,
2010-12-09,342,97,2,,,
2010-12-10,343,97,2,,,
2010-12-11,344,97,2,,,
2010-12-12,345,97,2,,,
2010-12-13,346,98,2,,,
2010-12-14,347,98,2,,,
2010-12-15,348,98,2,,,
2010-12-16,349,98,2,,,
2010-12-17,350,98,2,,,
2010-12-18,351,98,2,,,
2010-12-19,352,98,2,,,
2010-12-20,353,97,2,,,
2010-12-21,354,97,2,,,
2010-12-22,355,97,2,,,
2010-12-23,356,97,2,,,
2010-12-24,357,96,2,,,
2010-12-25,358,96,2,,,
2010-12-26,359,97,2,,,
2010-12-27,360,99,,,,
2010-12-28,361,100,,,,
2010-12-29,362,100,,,,
2010-12-30,363,100,,,,
2010-12-31,364,100,,,,
2011-01-01,365,100,,,,
2011-01-02,366,100,,,,
2011-01-03,367,102,,,,
2011-01-04,368,103,,,,
2011-01-05,369,104,,,,
2011-01-06,370,105,,,,
2011-01-07,371,105,,,,
2011-01-08,372,107,,,,
2011-01-09,373,107,,,,
2011-01-10,374,106,,,,
2011-01-11,375,106,,,,
2011-01-12,376,105,,,,
2011-01-13,377,106,,,,
2011-01-14,378,107,,,,
2011-01-15,379,107,,,,
2011-01-16,380,107,,,,
2011-01-17,381,107,,,,
2011-01-18,382,107,,,,
2011-01-19,383,107,,,,
2011-01-20,384,107,,,,
2011-01-21,385,107,,,,
2011-01-22,386,107,,,,
2011-01-23,387,107,,,,
2011-01-24,388,107,,,,
2011-01-25,389,107,,,,
2011-01-26,390,107,,,,
2011-01-27,391,106,2,,,
2011-01-28,392,105,2,,,
2011-01-29,393,105,2,,,
2011-01-30,394,105,2,,,
2011-01-31,395,106,,,,
2011-02-01,396,107,,,,
2011-02-02,397,109,,,,
2011-02-03,398,108,,,,
2011-02-04,399,109,,,,
2011-02-05,400,109,,,,
2011-02-06,401,109,,,,
2011-02-07,402,109,,,,
2011-02-08,403,110,,,,
2011-02-09,404,110,,,,
2011-02-10,405,110,,,,
2011-02-11,406,110,,,,
2011-02-12,407,111,,,,
2011-02-13,408,112,,,,
2011-02-14,409,112,,,,
2011-02-15,410,112,,,,
2011-02-16,411,113,,,,
2011-02-17,412,112,,,,
2011-02-18,413,112,,,,
2011-02-19,414,113,,,,
2011-02-20,415,113,,,,
2011-02-21,416,113,,,,
2011-02-22,417,113,,,,
2011-02-23,418,113,,,,
2011-02-24,419,113,,,,
2011-02-25,420,113,,,,
2011-02-26,421,113,,,,
2011-02-27,422,113,,,,
2011-02-28,423,113,,,,
2011-03-01,424,113,,,,
2011-03-02,425,113,,,,
2011-03-03,426,113,,,,
2011-03-04,427,113,2,,,
2011-03-05,428,113,2,,,
2011-03-06,429,115,2,,,
2011-03-07,430,115,2,,,
2011-03-08,431,115,2,,,
2011-03-09,432,116,2,,,
2011-03-10,433,116,2,,,
2011-03-11,434,116,2,,,
2011-03-12,435,116,2,,,
2011-03-13,436,116,2,,,
2011-03-14,437,116,2,,,
2011-03-15,438,116,2,,,
2011-03-16,439,115,3,,,
2011-03-17,440,115,3,,,
2011-03-18,441,116,3,,,
2011-03-19,442,116,3,,,
2011-03-20,443,116,3,,,
2011-03-21,444,116,3,,,
2011-03-22,445,116,3,,,
2011-03-23,446,116,,,,
2011-03-24,447,115,,,,
2011-03-25,448,115,,,,
2011-03-26,449,114,,,,
2011-03-27,450,116,,,,
2011-03-28,451,116,,,,
2011-03-29,452,119,,,,
2011-03-30,453,121,,,,
2011-03-31,454,122,,,,
2011-04-01,455,122,,,,
2011-04-02,456,122,,,,
2011-04-03,457,122,,,,
2011-04-04,458,122,,,,
2011-04-05,459,123,,,,
2011-04-06,460,124,,,,
2011-04-07,461,124,,,,
2011-04-08,462,124,,,,
2011-04-09,463,124,,,,
2011-04-10,464,123,,,,
2011-04-11,465,123,,,,
2011-04-12,466,124,,,,
2011-04-13,467,124,,,,
2011-04-14,468,124,,,,
2011-04-15,469,124,,,,
2011-04-16,470,124,,,,
2011-04-17,471,124,,,,
2011-04-18,472,124,,,,
2011-04-19,473,124,,,,
2011-04-20,474,124,,,,
2011-04-21,475,124,,,,
2011-04-22,476,124,,,,
2011-04-23,477,124,,,,
2011-04-24,478,125,,,,
2011-04-25,479,125,2,,,
2011-04-26,480,125,2,,,
2011-04-27,481,123,4,,,
2011-04-28,482,123,4,,,
2011-04-29,483,125,4,,,
2011-04-30,484,125,4,,,
2011-05-01,485,125,4,,,
2011-05-02,486,125,4,,,
2011-05-03,487,126,4,,,
2011-05-04,488,127,4,,,
2011-05-05,489,129,4,,,
2011-05-06,490,130,4,,,
2011-05-07,491,132,4,,,
2011-05-08,492,132,4,,,
2011-05-09,493,133,2,,,
2011-05-10,494,134,2,,,
2011-05-11,495,138,2,,,
2011-05-12,496,138,2,,,
2011-05-13,497,138,2,,,
2011-05-14,498,138,2,,,
2011-05-15,499,138,2,,,
2011-05-16,500,140,2,,,
2011-05-17,501,139,2,,,
2011-05-18,502,139,2,,,
2011-05-19,503,139,2,,,
2011-05-20,504,138,2,,,
2011-05-21,505,138,2,,,
2011-05-22,506,137,2,,,
2011-05-23,507,137,,,,
2011-05-24,508,137,2,,,
2011-05-25,509,137,2,,,
2011-05-26,510,137,2,,,
2011-05-27,511,135,2,,,
2011-05-28,512,135,2,,,
2011-05-29,513,135,2,,,
2011-05-30,514,137,,,,
2011-05-31,515,137,,,,
2011-06-01,516,137,,,,
2011-06-02,517,135,2,,,
2011-06-03,518,135,2,,,
2011-06-04,519,135,2,,,
2011-06-05,520,135,2,,,
2011-06-06,521,136,2,,,
2011-06-07,522,136,2,,,
2011-06-08,523,136,2,,,
2011-06-09,524,137,2,,,
2011-06-10,525,139,,,,
2011-06-11,526,138,,,,
2011-06-12,527,138,,,,
2011-06-13,528,138,,,,
2011-06-14,529,138,,,,
2011-06-15,530,137,,,,
2011-06-16,531,137,,,,
2011-06-17,532,137,,,,
2011-06-18,533,136,,,,
2011-06-19,534,136,,,,
2011-06-20,535,136,,,,
2011-06-21,536,137,,,,
2011-06-22,537,137,,,,
2011-06-23,538,137,,,,
2011-06-24,539,137,,,,
2011-06-25,540,138,,,,
2011-06-26,541,138,,,,
2011-06-27,542,138,,,,
2011-06-28,543,139,,,,
2011-06-29,544,140,,,,
2011-06-30,545,140,,,,
2011-07-01,546,140,,,,
2011-07-02,547,141,,,,
2011-07-03,548,140,,,,
2011-07-04,549,140,,,,
2011-07-05,550,140,,,,
2011-07-06,551,136,2,,,
2011-07-07,552,136,2,,,
2011-07-08,553,136,2,,,
2011-07-09,554,136,2,,,
2011-07-10,555,136,2,,,
2011-07-11,556,136,2,,,
2011-07-12,557,135,2,,,
2011-07-13,558,136,2,,,
2011-07-14,559,136,2,,,
2011-07-15,560,138,,,,
2011-07-16,561,140,,,,
2011-07-17,562,140,,,,
2011-07-18,563,141,,,,
2011-07-19,564,143,,,,
2011-07-20,565,143,,,,
2011-07-21,566,143,,,,
2011-07-22,567,143,,,,
2011-07-23,568,143,,,,
2011-07-24,569,143,,,,
2011-07-25,570,143,,,,
2011-07-26,571,140,2,,,
2011-07-27,572,140,2,,,
2011-07-28,573,140,2,,,
2011-07-29,574,142,2,,,
2011-07-30,575,142,2,,,
2011-07-31,576,142,2,,,
2011-08-01,577,142,2,,,
2011-08-02,578,142,2,,,
2011-08-03,579,143,,,,
2011-08-04,580,143,,,,
2011-08-05,581,143,,,,
2011-08-06,582,143,,,,
2011-08-07,583,143,,,,
2011-08-08,584,143,,,,
2011-08-09,585,143,,,,
2011-08-10,586,143,,,,
2011-08-11,587,140,,,,
2011-08-12,588,140,,,,
2011-08-13,589,140,,,,
2011-08-14,590,140,,,,
2011-08-15,591,140,,,,
2011-08-16,592,138,,,,
2011-08-17,593,138,,,,
2011-08-18,594,137,,,,
2011-08-19,595,138,,,,
2011-08-20,596,137,,,,
2011-08-21,597,139,,,,
2011-08-22,598,139,,,,
2011-08-23,599,139,,,,
2011-08-24,600,141,,,,
2011-08-25,601,141,,,,
2011-08-26,602,138,2,,,
2011-08-27,603,140,2,,,
2011-08-28,604,140,2,,,
2011-08-29,605,141,2,,,
2011-08-30,606,142,2,,,
2011-08-31,607,141,2,,,
2011-09-01,608,141,2,,,
2011-09-02,609,141,2,,,
2011-09-03,610,141,2,,,
2011-09-04,611,142,2,,,
2011-09-05,612,142,2,,,
2011-09-06,613,142,2,,,
2011-09-07,614,142,2,,,
2011-09-08,615,142,2,,,
2011-09-09,616,143,2,,,
2011-09-10,617,144,2,,,
2011-09-11,618,144,2,,,
2011-09-12,619,144,2,,,
2011-09-13,620,144,2,,,
2011-09-14,621,146,,,,
2011-09-15,622,146,,,,
2011-09-16,623,146,,,,
2011-09-17,624,146,,,,
2011-09-18,625,146,,,,
2011-09-19,626,145,,,,
2011-09-20,627,146,,,,
2011-09-21,628,145,2,,,
2011-09-22,629,145,,,,
2011-09-23,630,146,,,,
2011-09-24,631,146,,,,
2011-09-25,632,146,,,,
2011-09-26,633,144,,,,
2011-09-27,634,145,,,,
2011-09-28,635,145,,,,
2011-09-29,636,145,,,,
2011-09-30,637,147,,,,
2011-10-01,638,147,,,,
2011-10-02,639,147,,,,
2011-10-03,640,147,,,,
2011-10-04,641,147,,,,
2011-10-05,642,147,,,,
2011-10-06,643,147,,,,
2011-10-07,644,147,,,,
2011-10-08,645,147,,,,
2011-10-09,646,147,,,,
2011-10-10,647,147,,,,
2011-10-11,648,146,,,,
2011-10-12,649,146,,,,
2011-10-13,650,146,,,,
2011-10-14,651,146,,,,
2011-10-15,652,146,,,,
2011-10-16,653,146,,,,
2011-10-17,654,146,,,,
2011-10-18,655,146,,,,
2011-10-19,656,146,,,,
2011-10-20,657,146,,,,
2011-10-21,658,144,,,,
2011-10-22,659,143,,,,
2011-10-23,660,143,,,,
2011-10-24,661,143,,,,
2011-10-25,662,143,,,,
2011-10-26,663,143,,,,
2011-10-27,664,142,,,,
2011-10-28,665,142,,,,
2011-10-29,666,142,,,,
2011-10-30,667,142,,,,
2011-10-31,668,141,,,,
2011-11-01,669,139,,,,
2011-11-02,670,139,,,,
2011-11-03,671,139,,,,
2011-11-04,672,140,,,,
2011-11-05,673,140,,,,
2011-11-06,674,140,,,,
2011-11-07,675,141,,,,
2011-11-08,676,141,,,,
2011-11-09,677,142,,,,
2011-11-10,678,142,,,,
2011-11-11,679,141,,,,
2011-11-12,680,141,,,,
2011-11-13,681,141,,,,
2011-11-14,682,143,,,,
2011-11-15,683,143,,,,
2011-11-16,684,145,,,,
2011-11-17,685,145,,,,
2011-11-18,686,145,,,,
2011-11-19,687,145,,,,
2011-11-20,688,145,,,,
2011-11-21,689,145,,,,
2011-11-22,690,145,,,,
2011-11-23,691,145,,,,
2011-11-24,692,145,,,,
2011-11-25,693,145,,,,
2011-11-26,694,145,,,,
2011-11-27,695,144,,,,
2011-11-28,696,145,,,,
2011-11-29,697,145,,,,
2011-11-30,698,145,,,,
2011-12-01,699,145,,,,
2011-12-02,700,145,,,,
2011-12-03,701,145,,,,
2011-12-04,702,146,,,,
2011-12-05,703,147,,,,
2011-12-06,704,147,,,,
2011-12-07,705,149,,,,
2011-12-08,706,149,,,,
2011-12-09,707,150,,,,
2011-12-10,708,151,,,,
2011-12-11,709,152,,,,
2011-12-12,710,153,,,,
2011-12-13,711,153,,,,
2011-12-14,712,153,,,,
2011-12-15,713,153,,,,
2011-12-16,714,153,,,,
2011-12-17,715,152,,,,
2011-12-18,716,151,2,,,
2011-12-19,717,151,2,,,
2011-12-20,718,152,2,,,
2011-12-21,719,153,2,,,
2011-12-22,720,153,2,,,
2011-12-23,721,153,2,,,
2011-12-24,722,153,2,,,
2011-12-25,723,153,2,,,
2011-12-26,724,153,2,,,
2011-12-27,725,153,2,,,
2011-12-28,726,153,2,,,
2011-12-29,727,153,2,,,
2011-12-30,728,153,2,,,
2011-12-31,729,153,2,,,
2012-01-01,730,151,2,,,
2012-01-02,731,151,2,,,
2012-01-03,732,151,2,,,
2012-01-04,733,151,2,,,
2012-01-05,734,151,2,,,
2012-01-06,735,151,2,,,
2012-01-07,736,151,2,,,
2012-01-08,737,151,2,,,
2012-01-09,738,151,2,,,
2012-01-10,739,152,,,,
2012-01-11,740,152,,,,
2012-01-12,741,152,,,,
2012-01-13,742,152,,,,
2012-01-14,743,152,,,,
2012-01-15,744,152,,,,
2012-01-16,745,152,,,,
2012-01-17,746,152,,,,
2012-01-18,747,152,,,,
2012-01-19,748,150,,,,
2012-01-20,749,150,,,,
2012-01-21,750,150,,,,
2012-01-22,751,150,,,,
2012-01-23,752,150,,,,
2012-01-24,753,148,,,,
2012-01-25,754,148,,,,
2012-01-26,755,149,,,,
2012-01-27,756,149,,,,
2012-01-28,757,149,,,,
2012-01-29,758,149,,,,
2012-01-30,759,149,,,,
2012-01-31,760,149,,,,
2012-02-01,761,149,,,,
2012-02-02,762,149,,,,
2012-02-03,763,148,,,,
2012-02-04,764,149,,,,
2012-02-05,765,149,,,,
2012-02-06,766,149,,,,
2012-02-07,767,149,,,,
2012-02-08,768,149,,,,
2012-02-09,769,149,,,,
2012-02-10,770,149,,,,
2012-02-11,771,148,,,,
2012-02-12,772,148,,,,
2012-02-13,773,148,,,,
2012-02-14,774,148,,,,
2012-02-15,775,148,,,,
2012-02-16,776,148,,,,
2012-02-17,777,148,,,,
2012-02-18,778,148,,,,
2012-02-19,779,148,,,,
2012-02-20,780,148,,,,
2012-02-21,781,147,,,,
2012-02-22,782,146,,,,
2012-02-23,783,146,,,,
2012-02-24,784,145,,,,
2012-02-25,785,144,2,,,
2012-02-26,786,144,2,,,
2012-02-27,787,144,2,,,
2012-02-28,788,144,2,,,
2012-02-29,789,144,2,,,
2012-03-01,790,141,5,,,
2012-03-02,791,142,5,,,
2012-03-03,792,142,5,,,
2012-03-04,793,142,5,,,
2012-03-05,794,142,5,,,
2012-03-06,795,142,5,,,
2012-03-07,796,142,5,,,
2012-03-08,797,142,5,,,
2012-03-09,798,142,5,,,
2012-03-10,799,142,5,,,
2012-03-11,800,142,5,,,
2012-03-12,801,142,5,,,
2012-03-13,802,142,5,,,
2012-03-14,803,142,5,,,
2012-03-15,804,142,4,,,
2012-03-16,805,142,4,,,
2012-03-17,806,139,6,,,
2012-03-18,807,140,6,,,
2012-03-19,808,140,6,,,
2012-03-20,809,140,6,,,
2012-03-21,810,140,6,,,
2012-03-22,811,140,6,,,
2012-03-23,812,140,6,,,
2012-03-24,813,140,6,,,
2012-03-25,814,142,3,,,
2012-03-26,815,142,3,,,
2012-03-27,816,142,3,,,
2012-03-28,817,142,3,,,
2012-03-29,818,142,2,,,
2012-03-30,819,142,2,,,
2012-03-31,820,142,2,,,
2012-04-01,821,142,2,,,
2012-04-02,822,142,2,,,
2012-04-03,823,142,2,,,
2012-04-04,824,140,4,,,
2012-04-05,825,139,6,,,
2012-04-06,826,139,6,,,
2012-04-07,827,139,6,,,
2012-04-08,828,139,6,,,
2012-04-09,829,140,4,,,
2012-04-10,830,140,4,,,
2012-04-11,831,141,2,,,
2012-04-12,832,143,,,,
2012-04-13,833,141,2,,,
2012-04-14,834,141,2,,,
2012-04-15,835,141,2,,,
2012-04-16,836,141,2,,,
2012-04-17,837,141,2,,,
2012-04-18,838,141,2,,,
2012-04-19,839,141,2,,,
2012-04-20,840,141,2,,,
2012-04-21,841,141,2,,,
2012-04-22,842,139,2,,,
2012-04-23,843,139,2,,,
2012-04-24,844,140,2,,,
2012-04-25,845,140,2,,,
2012-04-26,846,140,2,,,
2012-04-27,847,140,2,,,
2012-04-28,848,142,,,,
2012-04-29,849,142,,,,
2012-04-30,850,142,,,,
2012-05-01,851,139,2,,,
2012-05-02,852,139,2,,,
2012-05-03,853,139,2,,,
2012-05-04,854,139,2,,,
2012-05-05,855,139,2,,,
2012-05-06,856,139,2,,,
2012-05-07,857,138,2,,,
2012-05-08,858,138,2,,,
2012-05-09,859,138,2,,,
2012-05-10,860,138,2,,,
2012-05-11,861,138,2,,,
2012-05-12,862,138,2,,,
2012-05-13,863,138,2,,,
2012-05-14,864,139,,,,
2012-05-15,865,139,,,,
2012-05-16,866,139,,,,
2012-05-17,867,139,,,,
2012-05-18,868,139,,,,
2012-05-19,869,139,,,,
2012-05-20,870,139,,,,
2012-05-21,871,137,,,,
2012-05-22,872,137,,,,
2012-05-23,873,137,,,,
2012-05-24,874,137,,,,
2012-05-25,875,137,,,,
2012-05-26,876,137,,,,
2012-05-27,877,135,,,,
2012-05-28,878,135,,,,
2012-05-29,879,135,,,,
2012-05-30,880,135,,,,
2012-05-31,881,135,,,,
2012-06-01,882,135,,,,
2012-06-02,883,135,,,,
2012-06-03,884,135,,,,
2012-06-04,885,135,,,,
2012-06-05,886,135,,,,
2012-06-06,887,134,,,,
2012-06-07,888,132,2,,,
2012-06-08,889,132,2,,,
2012-06-09,890,132,2,,,
2012-06-10,891,132,2,,,
2012-06-11,892,132,2,,,
2012-06-12,893,132,2,,,
2012-06-13,894,132,2,,,
2012-06-14,895,134,,,,
2012-06-15,896,134,,,,
2012-06-16,897,134,,,,
2012-06-17,898,134,,,,
2012-06-18,899,134,,,,
2012-06-19,900,134,,,,
2012-06-20,901,132,,,,
2012-06-21,902,132,,,,
2012-06-22,903,133,,,,
2012-06-23,904,134,,,,
2012-06-24,905,134,,,,
2012-06-25,906,134,,,,
2012-06-26,907,135,,,,
2012-06-27,908,136,,,,
2012-06-28,909,136,,,,
2012-06-29,910,136,,,,
2012-06-30,911,136,,,,
2012-07-01,912,136,,,,
2012-07-02,913,136,,,,
2012-07-03,914,136,,,,
2012-07-04,915,136,,,,
2012-07-05,916,136,,,,
2012-07-06,917,135,,,,
2012-07-07,918,136,,,,
2012-07-08,919,136,,,,
2012-07-09,920,136,,,,
2012-07-10,921,137,,,,
2012-07-11,922,137,,,,
2012-07-12,923,138,,,,
2012-07-13,924,138,,,,
2012-07-14,925,138,,,,
2012-07-15,926,138,,,,
2012-07-16,927,137,,,,
2012-07-17,928,137,,,,
2012-07-18,929,136,,,,
2012-07-19,930,136,,,,
2012-07-20,931,136,,,,
2012-07-21,932,136,,,,
2012-07-22,933,136,,,,
2012-07-23,934,136,,,,
2012-07-24,935,136,,,,
2012-07-25,936,136,,,,
2012-07-26,937,136,,,,
2012-07-27,938,136,,,,
2012-07-28,939,136,,,,
2012-07-29,940,136,,,,
2012-07-30,941,136,,,,
2012-07-31,942,136,,,,
2012-08-01,943,134,,,,
2012-08-02,944,134,,,,
2012-08-03,945,134,,,,
2012-08-04,946,134,,,,
2012-08-05,947,134,,,,
2012-08-06,948,134,,,,
2012-08-07,949,136,,,,
2012-08-08,950,136,,,,
2012-08-09,951,136,,,,
2012-08-10,952,136,,,,
2012-08-11,953,136,,,,
2012-08-12,954,137,,,,
2012-08-13,955,137,,,,
2012-08-14,956,138,,,,
2012-08-15,957,137,,,,
2012-08-16,958,137,,,,
2012-08-17,959,137,,,,
2012-08-18,960,137,,,,
2012-08-19,961,137,,,,
2012-08-20,962,137,,,,
2012-08-21,963,136,,,,
2012-08-22,964,136,,,,
2012-08-23,965,136,,,,
2012-08-24,966,134,2,,,
2012-08-25,967,134,2,,,
2012-08-26,968,134,2,,,
2012-08-27,969,134,2,,,
2012-08-28,970,134,2,,,
2012-08-29,971,131,2,,,
2012-08-30,972,131,2,,,
2012-08-31,973,131,2,,,
2012-09-01,974,132,2,,,
2012-09-02,975,132,2,,,
2012-09-03,976,133,,,,
2012-09-04,977,133,,,,
2012-09-05,978,133,,,,
2012-09-06,979,133,,,,
2012-09-07,980,133,,,,
2012-09-08,981,133,,,,
2012-09-09,982,133,,,,
2012-09-10,983,133,,,,
2012-09-11,984,133,,,,
2012-09-12,985,133,,,,
2012-09-13,986,133,,,,
2012-09-14,987,133,,,,
2012-09-15,988,133,,,,
2012-09-16,989,132,,,,
2012-09-17,990,131,,,,
2012-09-18,991,131,,,,
2012-09-19,992,131,,,,
2012-09-20,993,131,,,,
2012-09-21,994,131,,,,
2012-09-22,995,132,,,,
2012-09-23,996,132,,,,
2012-09-24,997,132,,,,
2012-09-25,998,132,,,,
2012-09-26,999,133,,,,
2012-09-27,1000,134,,,,
2012-09-28,1001,134,,,,
2012-09-29,1002,134,,,,
2012-09-30,1003,134,,,,
2012-10-01,1004,134,,,,
2012-10-02,1005,133,,,,
2012-10-03,1006,133,,,,
2012-10-04,1007,133,,,,
2012-10-05,1008,133,,,,
2012-10-06,1009,133,,,,
2012-10-07,1010,133,,,,
2012-10-08,1011,133,,,,
2012-10-09,1012,133,,,,
2012-10-10,1013,133,,,,
2012-10-11,1014,134,,,,
2012-10-12,1015,134,,,,
2012-10-13,1016,134,,,,
2012-10-14,1017,134,,,,
2012-10-15,1018,135,,,,
2012-10-16,1019,135,,,,
2012-10-17,1020,135,,,,
2012-10-18,1021,134,3,,,
2012-10-19,1022,136,3,,,
2012-10-20,1023,136,3,,,
2012-10-21,1024,136,3,,,
2012-10-22,1025,136,3,,,
2012-10-23,1026,136,3,,,
2012-10-24,1027,136,3,,,
2012-10-25,1028,136,3,,,
2012-10-26,1029,136,3,,,
2012-10-27,1030,136,3,,,
2012-10-28,1031,137,,,,
2012-10-29,1032,137,,,,
2012-10-30,1033,138,,,,
2012-10-31,1034,138,,,,
2012-11-01,1035,139,,,,
2012-11-02,1036,139,,,,
2012-11-03,1037,139,,,,
2012-11-04,1038,139,,,,
2012-11-05,1039,139,,,,
2012-11-06,1040,139,,,,
2012-11-07,1041,139,,,,
2012-11-08,1042,140,,,,
2012-11-09,1043,140,,,,
2012-11-10,1044,140,,,,
2012-11-11,1045,140,,,,
2012-11-12,1046,140,,,,
2012-11-13,1047,140,,,,
2012-11-14,1048,140,,,,
2012-11-15,1049,138,,,,
2012-11-16,1050,138,,,,
2012-11-17,1051,138,,,,
2012-11-18,1052,138,,,,
2012-11-19,1053,138,,,,
2012-11-20,1054,138,,,,
2012-11-21,1055,138,,,,
2012-11-22,1056,138,,,,
2012-11-23,1057,139,,,,
2012-11-24,1058,139,,,,
2012-11-25,1059,139,,,,
2012-11-26,1060,137,5,,,
2012-11-27,1061,137,5,,,
2012-11-28,1062,138,5,,,
2012-11-29,1063,139,5,,,
2012-11-30,1064,139,5,,,
2012-12-01,1065,139,5,,,
2012-12-02,1066,139,5,,,
2012-12-03,1067,139,5,,,
2012-12-04,1068,139,5,,,
2012-12-05,1069,139,5,,,
2012-12-06,1070,139,5,,,
2012-12-07,1071,134,,7,,
2012-12-08,1072,134,,7,,
2012-12-09,1073,134,,7,,
2012-12-10,1074,134,,7,,
2012-12-11,1075,134,,7,,
2012-12-12,1076,135,,7,,
2012-12-13,1077,135,,7,,
2012-12-14,1078,135,,5,,
2012-12-15,1079,135,,5,,
2012-12-16,1080,135,,5,,
2012-12-17,1081,140,,5,,
2012-12-18,1082,140,,5,,
2012-12-19,1083,140,,5,,
2012-12-20,1084,141,4,,,
2012-12-21,1085,141,4,,,
2012-12-22,1086,141,4,,,
2012-12-23,1087,141,4,,,
2012-12-24,1088,141,4,,,
2012-12-25,1089,141,4,,,
2012-12-26,1090,141,4,,,
2012-12-27,1091,143,,,,
2012-12-28,1092,143,,,,
2012-12-29,1093,143,,,,
2012-12-30,1094,143,,,,
2012-12-31,1095,143,,,,
2013-01-01,1096,143,,,,
2013-01-02,1097,143,,,,
2013-01-03,1098,143,,,,
2013-01-04,1099,142,,,,
2013-01-05,1100,142,,,,
2013-01-06,1101,142,,,,
2013-01-07,1102,142,,,,
2013-01-08,1103,142,,,,
2013-01-09,1104,142,,,,
2013-01-10,1105,140,,,,
2013-01-11,1106,140,,,,
2013-01-12,1107,140,,,,
2013-01-13,1108,138,,,,
2013-01-14,1109,138,,,,
2013-01-15,1110,138,,,,
2013-01-16,1111,138,,,,
2013-01-17,1112,138,,,,
2013-01-18,1113,138,,,,
2013-01-19,1114,139,,,,
2013-01-20,1115,138,,,,
2013-01-21,1116,139,,,,
2013-01-22,1117,139,,,,
2013-01-23,1118,139,,,,
2013-01-24,1119,139,,,,
2013-01-25,1120,137,,4,,
2013-01-26,1121,137,,4,,
2013-01-27,1122,137,,4,,
2013-01-28,1123,137,,4,,
2013-01-29,1124,136,3,,,
2013-01-30,1125,136,5,,,
2013-01-31,1126,138,5,,,
2013-02-01,1127,139,5,,,
2013-02-02,1128,139,5,,,
2013-02-03,1129,139,5,,,
2013-02-04,1130,139,5,,,
2013-02-05,1131,141,2,,,
2013-02-06,1132,138,6,,,
2013-02-07,1133,137,7,,,
2013-02-08,1134,137,7,,,
2013-02-09,1135,136,6,,,
2013-02-10,1136,136,6,,,
2013-02-11,1137,136,6,,,
2013-02-12,1138,134,7,3,,
2013-02-13,1139,134,7,3,,
2013-02-14,1140,136,7,3,,
2013-02-15,1141,138,5,3,,
2013-02-16,1142,136,8,3,,
2013-02-17,1143,136,7,3,,
2013-02-18,1144,137,5,3,,
2013-02-19,1145,137,5,3,,
2013-02-20,1146,136,6,3,,
2013-02-21,1147,135,6,5,,
2013-02-22,1148,135,4,6,,
2013-02-23,1149,135,4,6,,
2013-02-24,1150,135,5,6,,
2013-02-25,1151,135,5,6,,
2013-02-26,1152,136,10,,,
2013-02-27,1153,136,10,,,
2013-02-28,1154,137,9,,,
2013-03-01,1155,138,9,,,
2013-03-02,1156,138,9,,,
2013-03-03,1157,138,9,,,
2013-03-04,1158,138,8,,,
2013-03-05,1159,138,8,,,
2013-03-06,1160,138,8,,,
2013-03-07,1161,138,8,,,
2013-03-08,1162,138,8,,,
2013-03-09,1163,138,8,,,
2013-03-10,1164,138,8,,,
2013-03-11,1165,141,3,,,
2013-03-12,1166,142,2,,,
2013-03-13,1167,142,2,,,
2013-03-14,1168,142,2,,,
2013-03-15,1169,142,2,,,
2013-03-16,1170,142,2,,,
2013-03-17,1171,142,2,,,
2013-03-18,1172,142,2,,,
2013-03-19,1173,142,2,,,
2013-03-20,1174,142,2,,,
2013-03-21,1175,142,2,,,
2013-03-22,1176,142,2,,,
2013-03-23,1177,142,2,,,
2013-03-24,1178,142,2,,,
2013-03-25,1179,142,2,,,
2013-03-26,1180,142,2,,,
2013-03-27,1181,143,,,,
2013-03-28,1182,142,,,,
2013-03-29,1183,142,,,,
2013-03-30,1184,142,,,,
2013-03-31,1185,141,,,,
2013-04-01,1186,141,,,,
2013-04-02,1187,139,2,,,
2013-04-03,1188,139,2,,,
2013-04-04,1189,139,2,,,
2013-04-05,1190,140,2,,,
2013-04-06,1191,140,2,,,
2013-04-07,1192,141,2,,,
2013-04-08,1193,141,2,,,
2013-04-09,1194,141,2,,,
2013-04-10,1195,141,2,,,
2013-04-11,1196,140,4,,,
2013-04-12,1197,141,4,,,
2013-04-13,1198,142,4,,,
2013-04-14,1199,142,4,,,
2013-04-15,1200,142,4,,,
2013-04-16,1201,143,4,,,
2013-04-17,1202,143,4,,,
2013-04-18,1203,145,2,,,
2013-04-19,1204,145,2,,,
2013-04-20,1205,147,2,,,
2013-04-21,1206,147,2,,,
2013-04-22,1207,147,2,,,
2013-04-23,1208,146,4,,,
2013-04-24,1209,147,4,,,
2013-04-25,1210,149,2,,,
2013-04-26,1211,149,2,,,
2013-04-27,1212,148,3,,,
2013-04-28,1213,149,3,,,
2013-04-29,1214,149,3,,,
2013-04-30,1215,149,3,,,
2013-05-01,1216,149,3,,,
2013-05-02,1217,149,3,,,
2013-05-03,1218,149,3,,,
2013-05-04,1219,149,3,,,
2013-05-05,1220,149,3,,,
2013-05-06,1221,149,3,,,
2013-05-07,1222,149,3,,,
2013-05-08,1223,149,3,,,
2013-05-09,1224,149,3,,,
2013-05-10,1225,149,3,,,
2013-05-11,1226,149,3,,,
2013-05-12,1227,149,3,,,
2013-05-13,1228,149,3,,,
2013-05-14,1229,147,2,,,
2013-05-15,1230,147,2,,,
2013-05-16,1231,147,2,,,
2013-05-17,1232,148,2,,,
2013-05-18,1233,147,4,,,
2013-05-19,1234,149,4,,,
2013-05-20,1235,149,4,,,
2013-05-21,1236,148,4,,,
2013-05-22,1237,148,4,,,
2013-05-23,1238,148,4,,,
2013-05-24,1239,148,4,,,
2013-05-25,1240,148,4,,,
2013-05-26,1241,148,4,,,
2013-05-27,1242,151,,,,
2013-05-28,1243,151,,,,
2013-05-29,1244,147,2,,,
2013-05-30,1245,148,2,,,
2013-05-31,1246,148,2,,,
2013-06-01,1247,148,2,,,
2013-06-02,1248,149,2,,,
2013-06-03,1249,150,2,,,
2013-06-04,1250,150,2,,,
2013-06-05,1251,150,2,,,
2013-06-06,1252,151,2,,,
2013-06-07,1253,152,2,,,
2013-06-08,1254,153,2,,,
2013-06-09,1255,153,2,,,
2013-06-10,1256,153,2,,,
2013-06-11,1257,153,2,,,
2013-06-12,1258,153,,,,
2013-06-13,1259,152,,,,
2013-06-14,1260,151,,,,
2013-06-15,1261,151,,,,
2013-06-16,1262,151,,,,
2013-06-17,1263,151,,,,
2013-06-18,1264,151,,,,
2013-06-19,1265,151,,,,
2013-06-20,1266,151,,,,
2013-06-21,1267,152,,,,
2013-06-22,1268,153,,,,
2013-06-23,1269,154,,,,
2013-06-24,1270,155,,,,
2013-06-25,1271,152,4,,,
2013-06-26,1272,152,4,,,
2013-06-27,1273,152,4,,,
2013-06-28,1274,154,4,,,
2013-06-29,1275,153,4,,,
2013-06-30,1276,153,4,,,
2013-07-01,1277,153,4,,,
2013-07-02,1278,153,4,,,
2013-07-03,1279,152,4,,,
2013-07-04,1280,150,6,,,
2013-07-05,1281,150,6,,,
2013-07-06,1282,150,6,,,
2013-07-07,1283,150,6,,,
2013-07-08,1284,151,4,,,
2013-07-09,1285,151,4,,,
2013-07-10,1286,149,6,,,
2013-07-11,1287,150,4,,,
2013-07-12,1288,151,4,,,
2013-07-13,1289,151,7,,,
2013-07-14,1290,154,4,,,
2013-07-15,1291,153,6,,,
2013-07-16,1292,152,8,,,
2013-07-17,1293,151,8,,,
2013-07-18,1294,151,8,,,
2013-07-19,1295,151,8,,,
2013-07-20,1296,152,7,,,
2013-07-21,1297,151,8,,,
2013-07-22,1298,152,8,,,
2013-07-23,1299,155,6,,,
2013-07-24,1300,157,4,,,
2013-07-25,1301,159,4,,,
2013-07-26,1302,161,4,,,
2013-07-27,1303,161,4,,,
2013-07-28,1304,162,2,,,
2013-07-29,1305,162,2,,,
2013-07-30,1306,162,2,,,
2013-07-31,1307,162,2,,,
2013-08-01,1308,164,2,,,
2013-08-02,1309,166,2,,,
2013-08-03,1310,166,2,,,
2013-08-04,1311,166,2,,,
2013-08-05,1312,165,4,,,
2013-08-06,1313,165,4,,,
2013-08-07,1314,164,8,,,
2013-08-08,1315,166,8,,,
2013-08-09,1316,167,6,,,
2013-08-10,1317,167,6,,,
2013-08-11,1318,166,6,,,
2013-08-12,1319,168,5,,,
2013-08-13,1320,170,5,,,
2013-08-14,1321,169,7,,,
2013-08-15,1322,169,7,,,
2013-08-16,1323,171,6,,,
2013-08-17,1324,171,8,,,
2013-08-18,1325,171,8,,,
2013-08-19,1326,171,8,,,
2013-08-20,1327,171,8,,,
2013-08-21,1328,174,6,,,
2013-08-22,1329,176,4,,,
2013-08-23,1330,177,4,,,
2013-08-24,1331,177,4,,,
2013-08-25,1332,177,4,,,
2013-08-26,1333,178,2,,,
2013-08-27,1334,179,2,,,
2013-08-28,1335,177,4,,,
2013-08-29,1336,177,4,,,
2013-08-30,1337,178,3,,,
2013-08-31,1338,178,3,,,
2013-09-01,1339,177,4,,,
2013-09-02,1340,178,4,,,
2013-09-03,1341,179,4,,,
2013-09-04,1342,179,4,,,
2013-09-05,1343,180,4,,,
2013-09-06,1344,180,4,,,
2013-09-07,1345,181,4,,,
2013-09-08,1346,181,4,,,
2013-09-09,1347,178,7,,,
2013-09-10,1348,178,7,,,
2013-09-11,1349,176,8,,,
2013-09-12,1350,176,8,,,
2013-09-13,1351,177,8,,,
2013-09-14,1352,177,8,,,
2013-09-15,1353,178,8,,,
2013-09-16,1354,176,10,,,
2013-09-17,1355,176,10,,,
2013-09-18,1356,176,10,,,
2013-09-19,1357,177,9,,,
2013-09-20,1358,177,9,,,
2013-09-21,1359,179,7,,,
2013-09-22,1360,179,7,,,
2013-09-23,1361,179,7,,,
2013-09-24,1362,179,7,,,
2013-09-25,1363,182,2,,,
2013-09-26,1364,182,,,,
2013-09-27,1365,182,,,,
2013-09-28,1366,182,,,,
2013-09-29,1367,182,,,,
2013-09-30,1368,182,,,,
2013-10-01,1369,182,,,,
2013-10-02,1370,182,,,,
2013-10-03,1371,182,,,,
2013-10-04,1372,182,,,,
2013-10-05,1373,182,,,,
2013-10-06,1374,181,,,,
2013-10-07,1375,181,,,,
2013-10-08,1376,181,,,,
2013-10-09,1377,181,,,,
2013-10-10,1378,181,,,,
2013-10-11,1379,179,2,,,
2013-10-12,1380,179,2,,,
2013-10-13,1381,179,2,,,
2013-10-14,1382,179,2,,,
2013-10-15,1383,177,4,,,
2013-10-16,1384,177,4,,,
2013-10-17,1385,177,4,,,
2013-10-18,1386,177,4,,,
2013-10-19,1387,177,4,,,
2013-10-20,1388,177,4,,,
2013-10-21,1389,177,4,,,
2013-10-22,1390,172,7,,,
2013-10-23,1391,170,9,,,
2013-10-24,1392,171,9,,,
2013-10-25,1393,171,9,,,
2013-10-26,1394,171,9,,,
2013-10-27,1395,171,9,,,
2013-10-28,1396,172,6,,,
2013-10-29,1397,172,4,3,,
2013-10-30,1398,172,4,3,,
2013-10-31,1399,172,4,3,,
2013-11-01,1400,172,4,3,,
2013-11-02,1401,172,4,3,,
2013-11-03,1402,172,4,3,,
2013-11-04,1403,172,4,3,,
2013-11-05,1404,173,6,,,
2013-11-06,1405,173,7,,,
2013-11-07,1406,173,7,,,
2013-11-08,1407,173,7,,,
2013-11-09,1408,173,7,,,
2013-11-10,1409,173,7,,,
2013-11-11,1410,174,7,,,
2013-11-12,1411,176,5,,,
2013-11-13,1412,176,5,,,
2013-11-14,1413,176,5,,,
2013-11-15,1414,176,5,,,
2013-11-16,1415,176,5,,,
2013-11-17,1416,176,5,,,
2013-11-18,1417,176,5,,,
2013-11-19,1418,176,5,,,
2013-11-20,1419,176,5,,,
2013-11-21,1420,178,2,,,
2013-11-22,1421,179,2,,,
2013-11-23,1422,179,2,,,
2013-11-24,1423,179,2,,,
2013-11-25,1424,181,,,,
2013-11-26,1425,181,,,,
2013-11-27,1426,183,,,,
2013-11-28,1427,183,,,,
2013-11-29,1428,183,,,,
2013-11-30,1429,183,,,,
2013-12-01,1430,183,,,,
2013-12-02,1431,183,,,,
2013-12-03,1432,183,,,,
2013-12-04,1433,181,,,,
2013-12-05,1434,181,,,,
2013-12-06,1435,174,6,,,
2013-12-07,1436,174,6,,,
2013-12-08,1437,173,8,,,
2013-12-09,1438,174,8,,,
2013-12-10,1439,174,8,,,
2013-12-11,1440,174,8,,,
2013-12-12,1441,174,8,,,
2013-12-13,1442,174,8,,,
2013-12-14,1443,174,8,,,
2013-12-15,1444,175,6,,,
2013-12-16,1445,176,6,,,
2013-12-17,1446,176,6,,,
2013-12-18,1447,177,6,,,
2013-12-19,1448,177,6,,,
2013-12-20,1449,178,6,,,
2013-12-21,1450,178,6,,,
2013-12-22,1451,178,6,,,
2013-12-23,1452,178,6,,,
2013-12-24,1453,178,6,,,
2013-12-25,1454,178,6,,,
2013-12-26,1455,180,2,,,
2013-12-27,1456,180,2,,,
2013-12-28,1457,180,2,,,
2013-12-29,1458,182,,,,
2013-12-30,1459,184,,,,
2013-12-31,1460,184,,,,
2014-01-01,1461,184,,,,
2014-01-02,1462,184,,,,
2014-01-03,1463,184,,,,
2014-01-04,1464,184,,,,
2014-01-05,1465,185,,,,
2014-01-06,1466,186,,,,
2014-01-07,1467,185,,,,
2014-01-08,1468,185,,,,
2014-01-09,1469,183,2,,,
2014-01-10,1470,183,2,,,
2014-01-11,1471,183,2,,,
2014-01-12,1472,183,2,,,
2014-01-13,1473,184,2,,,
2014-01-14,1474,184,2,,,
2014-01-15,1475,185,2,,,
2014-01-16,1476,185,2,,,
2014-01-17,1477,186,2,,,
2014-01-18,1478,186,2,,,
2014-01-19,1479,186,2,,,
2014-01-20,1480,187,,,,
2014-01-21,1481,187,,,,
2014-01-22,1482,186,,,,
2014-01-23,1483,186,,,,
2014-01-24,1484,186,,,,
2014-01-25,1485,186,,,,
2014-01-26,1486,186,,,,
2014-01-27,1487,184,,,,
2014-01-28,1488,184,,,,
2014-01-29,1489,184,,,,
2014-01-30,1490,184,,,,
2014-01-31,1491,184,,,,
2014-02-01,1492,184,,,,
2014-02-02,1493,185,,,,
2014-02-03,1494,185,,,,
2014-02-04,1495,184,,,,
2014-02-05,1496,184,,,,
2014-02-06,1497,184,,,,
2014-02-07,1498,184,,,,
2014-02-08,1499,184,,,,
2014-02-09,1500,184,,,,
2014-02-10,1501,184,,,,
2014-02-11,1502,184,,,,
2014-02-12,1503,184,,,,
2014-02-13,1504,184,,,,
2014-02-14,1505,184,,,,
2014-02-15,1506,184,,,,
2014-02-16,1507,184,,,,
2014-02-17,1508,184,,,,
2014-02-18,1509,182,,,,
2014-02-19,1510,182,,,,
2014-02-20,1511,182,,,,
2014-02-21,1512,182,,,,
2014-02-22,1513,182,,,,
2014-02-23,1514,182,,,,
2014-02-24,1515,182,,,,
2014-02-25,1516,181,,,,
2014-02-26,1517,181,,,,
2014-02-27,1518,181,,,,
2014-02-28,1519,181,,,,
2014-03-01,1520,181,,,,
2014-03-02,1521,181,,,,
2014-03-03,1522,180,2,,,
2014-03-04,1523,179,2,,,
2014-03-05,1524,179,2,,,
2014-03-06,1525,179,2,,,
2014-03-07,1526,179,2,,,
2014-03-08,1527,179,,,,
2014-03-09,1528,179,,,,
2014-03-10,1529,179,,,,
2014-03-11,1530,179,,,,
2014-03-12,1531,179,,,,
2014-03-13,1532,179,,,,
2014-03-14,1533,179,,,,
2014-03-15,1534,179,,,,
2014-03-16,1535,178,,,,
2014-03-17,1536,177,2,,,
2014-03-18,1537,178,2,,,
2014-03-19,1538,178,2,,,
2014-03-20,1539,179,2,,,
2014-03-21,1540,179,2,,,
2014-03-22,1541,179,2,,,
2014-03-23,1542,179,2,,,
2014-03-24,1543,179,2,,,
2014-03-25,1544,180,2,,,
2014-03-26,1545,180,2,,,
2014-03-27,1546,180,2,,,
2014-03-28,1547,180,2,,,
2014-03-29,1548,180,2,,,
2014-03-30,1549,180,2,,,
2014-03-31,1550,181,2,,,
2014-04-01,1551,181,2,,,
2014-04-02,1552,182,2,,,
2014-04-03,1553,183,,,,
2014-04-04,1554,183,,,,
2014-04-05,1555,183,,,,
2014-04-06,1556,183,,,,
2014-04-07,1557,183,,,,
2014-04-08,1558,183,,,,
2014-04-09,1559,183,,,,
2014-04-10,1560,184,,,,
2014-04-11,1561,185,,,,
2014-04-12,1562,185,,,,
2014-04-13,1563,185,,,,
2014-04-14,1564,185,,,,
2014-04-15,1565,184,2,,,
2014-04-16,1566,184,2,,,
2014-04-17,1567,184,2,,,
2014-04-18,1568,184,2,,,
2014-04-19,1569,184,2,,,
2014-04-20,1570,184,2,,,
2014-04-21,1571,184,2,,,
2014-04-22,1572,184,2,,,
2014-04-23,1573,184,,,,
2014-04-24,1574,185,,,,
2014-04-25,1575,185,,,,
2014-04-26,1576,185,,,,
2014-04-27,1577,185,,,,
2014-04-28,1578,185,,,,
2014-04-29,1579,185,,,,
2014-04-30,1580,185,,,,
2014-05-01,1581,185,,,,
2014-05-02,1582,185,,,,
2014-05-03,1583,185,,,,
2014-05-04,1584,185,,,,
2014-05-05,1585,185,,,,
2014-05-06,1586,185,,,,
2014-05-07,1587,185,,,,
2014-05-08,1588,185,,,,
2014-05-09,1589,183,,,,
2014-05-10,1590,183,,,,
2014-05-11,1591,183,,,,
2014-05-12,1592,182,,,,
2014-05-13,1593,182,,,,
2014-05-14,1594,182,,,,
2014-05-15,1595,182,,,,
2014-05-16,1596,182,,,,
2014-05-17,1597,179,,,,
2014-05-18,1598,179,,,,
2014-05-19,1599,179,,,,
2014-05-20,1600,179,,,,
2014-05-21,1601,179,,,,
2014-05-22,1602,179,,,,
2014-05-23,1603,179,,,,
2014-05-24,1604,179,,,,
2014-05-25,1605,179,,,,
2014-05-26,1606,179,,,,
2014-05-27,1607,179,,,,
2014-05-28,1608,179,,,,
2014-05-29,1609,177,,,,
2014-05-30,1610,178,,,,
2014-05-31,1611,178,,,,
2014-06-01,1612,178,,,,
2014-06-02,1613,178,,,,
2014-06-03,1614,178,,,,
2014-06-04,1615,179,,,,
2014-06-05,1616,179,,,,
2014-06-06,1617,179,,,,
2014-06-07,1618,179,,,,
2014-06-08,1619,179,,,,
2014-06-09,1620,179,,,,
2014-06-10,1621,179,,,,
2014-06-11,1622,177,,,,
2014-06-12,1623,178,,,,
2014-06-13,1624,178,,,,
2014-06-14,1625,178,,,,
2014-06-15,1626,178,,,,
2014-06-16,1627,178,,,,
2014-06-17,1628,178,,,,
2014-06-18,1629,178,,,,
2014-06-19,1630,178,,,,
2014-06-20,1631,178,,,,
2014-06-21,1632,178,,,,
2014-06-22,1633,178,,,,
2014-06-23,1634,178,,,,
2014-06-24,1635,176,,,,
2014-06-25,1636,176,,,,
2014-06-26,1637,176,,,,
2014-06-27,1638,176,,,,
2014-06-28,1639,176,,,,
2014-06-29,1640,176,,,,
2014-06-30,1641,176,,,,
2014-07-01,1642,176,,,,
2014-07-02,1643,176,,,,
2014-07-03,1644,176,,,,
2014-07-04,1645,176,,,,
2014-07-05,1646,176,,,,
2014-07-06,1647,176,,,,
2014-07-07,1648,176,,,,
2014-07-08,1649,176,,,,
2014-07-09,1650,176,,,,
2014-07-10,1651,175,,,,
2014-07-11,1652,175,,,,
2014-07-12,1653,175,,,,
2014-07-13,1654,175,,,,
2014-07-14,1655,175,,,,
2014-07-15,1656,175,,,,
2014-07-16,1657,175,,,,
2014-07-17,1658,175,,,,
2014-07-18,1659,175,,,,
2014-07-19,1660,172,,,,
2014-07-20,1661,169,,,,
2014-07-21,1662,169,,,,
2014-07-22,1663,168,,,,
2014-07-23,1664,171,,,,
2014-07-24,1665,171,,,,
2014-07-25,1666,172,,,,
2014-07-26,1667,172,,,,
2014-07-27,1668,172,,,,
2014-07-28,1669,172,,,,
2014-07-29,1670,172,,,,
2014-07-30,1671,172,,,,
2014-07-31,1672,172,,,,
2014-08-01,1673,171,3,,,
2014-08-02,1674,171,3,,,
2014-08-03,1675,171,3,,,
2014-08-04,1676,171,3,,,
2014-08-05,1677,170,3,,,
2014-08-06,1678,171,3,,,
2014-08-07,1679,170,5,,,
2014-08-08,1680,170,5,,,
2014-08-09,1681,170,5,,,
2014-08-10,1682,170,5,,,
2014-08-11,1683,170,5,,,
2014-08-12,1684,170,5,,,
2014-08-13,1685,172,2,,,
2014-08-14,1686,173,3,,,
2014-08-15,1687,173,3,,,
2014-08-16,1688,173,3,,,
2014-08-17,1689,173,3,,,
2014-08-18,1690,172,3,,,
2014-08-19,1691,172,3,,,
2014-08-20,1692,172,3,,,
2014-08-21,1693,172,3,,,
2014-08-22,1694,172,3,,,
2014-08-23,1695,172,3,,,
2014-08-24,1696,172,3,,,
2014-08-25,1697,172,3,,,
2014-08-26,1698,171,2,,,
2014-08-27,1699,171,2,,,
2014-08-28,1700,171,2,,,
2014-08-29,1701,171,2,,,
2014-08-30,1702,171,2,,,
2014-08-31,1703,171,2,,,
2014-09-01,1704,171,2,,,
2014-09-02,1705,171,,,,
2014-09-03,1706,170,2,,,
2014-09-04,1707,170,2,,,
2014-09-05,1708,169,4,,,
2014-09-06,1709,169,4,,,
2014-09-07,1710,168,4,,,
2014-09-08,1711,169,4,,,
2014-09-09,1712,169,4,,,
2014-09-10,1713,169,4,,,
2014-09-11,1714,170,4,,,
2014-09-12,1715,170,4,,,
2014-09-13,1716,170,4,,,
2014-09-14,1717,170,4,,,
2014-09-15,1718,169,4,,,
2014-09-16,1719,169,4,,,
2014-09-17,1720,169,4,,,
2014-09-18,1721,170,2,,,
2014-09-19,1722,170,5,,,
2014-09-20,1723,171,5,,,
2014-09-21,1724,171,5,,,
2014-09-22,1725,171,5,,,
2014-09-23,1726,171,5,,,
2014-09-24,1727,171,5,,,
2014-09-25,1728,171,5,,,
2014-09-26,1729,171,5,,,
2014-09-27,1730,172,4,,,
2014-09-28,1731,172,4,,,
2014-09-29,1732,173,4,,,
2014-09-30,1733,173,4,,,
2014-10-01,1734,171,6,,,
2014-10-02,1735,171,5,,,
2014-10-03,1736,171,5,,,
2014-10-04,1737,171,4,,,
2014-10-05,1738,172,4,,,
2014-10-06,1739,172,4,,,
2014-10-07,1740,174,2,,,
2014-10-08,1741,173,2,,,
2014-10-09,1742,173,2,,,
2014-10-10,1743,173,2,,,
2014-10-11,1744,173,2,,,
2014-10-12,1745,173,2,,,
2014-10-13,1746,173,2,,,
2014-10-14,1747,173,2,,,
2014-10-15,1748,173,2,,,
2014-10-16,1749,173,2,,,
2014-10-17,1750,173,2,,,
2014-10-18,1751,173,2,,,
2014-10-19,1752,174,2,,,
2014-10-20,1753,174,2,,,
2014-10-21,1754,174,2,,,
2014-10-22,1755,174,2,,,
2014-10-23,1756,175,,,,
2014-10-24,1757,175,,,,
2014-10-25,1758,175,,,,
2014-10-26,1759,175,,,,
2014-10-27,1760,175,,,,
2014-10-28,1761,175,,,,
2014-10-29,1762,175,,,,
2014-10-30,1763,175,,,,
2014-10-31,1764,177,,,,
2014-11-01,1765,177,,,,
2014-11-02,1766,177,,,,
2014-11-03,1767,176,,,,
2014-11-04,1768,175,,,,
2014-11-05,1769,175,,,,
2014-11-06,1770,175,,,,
2014-11-07,1771,175,,,,
2014-11-08,1772,175,,,,
2014-11-09,1773,175,,,,
2014-11-10,1774,175,,,,
2014-11-11,1775,176,,,,
2014-11-12,1776,174,2,,,
2014-11-13,1777,174,3,,,
2014-11-14,1778,174,3,,,
2014-11-15,1779,177,,,,
2014-11-16,1780,177,,,,
2014-11-17,1781,177,,,,
2014-11-18,1782,178,,,,
2014-11-19,1783,178,,,,
2014-11-20,1784,178,,,,
2014-11-21,1785,178,,,,
2014-11-22,1786,178,,,,
2014-11-23,1787,178,,,,
2014-11-24,1788,177,,,,
2014-11-25,1789,177,,,,
2014-11-26,1790,177,,,,
2014-11-27,1791,177,,,,
2014-11-28,1792,178,,,,
2014-11-29,1793,178,,,,
2014-11-30,1794,178,,,,
2014-12-01,1795,178,,,,
2014-12-02,1796,178,,,,
2014-12-03,1797,178,,,,
2014-12-04,1798,177,,,,
2014-12-05,1799,178,,,,
2014-12-06,1800,178,,,,
2014-12-07,1801,178,,,,
2014-12-08,1802,179,,,,
2014-12-09,1803,178,,,,
2014-12-10,1804,178,,,,
2014-12-11,1805,178,,,,
2014-12-12,1806,178,,,,
2014-12-13,1807,178,,,,
2014-12-14,1808,177,,,,
2014-12-15,1809,178,,,,
2014-12-16,1810,177,,,,
2014-12-17,1811,177,2,,,
2014-12-18,1812,177,2,,,
2014-12-19,1813,178,2,,,
2014-12-20,1814,178,2,,,
2014-12-21,1815,178,2,,,
2014-12-22,1816,176,2,,,
2014-12-23,1817,176,2,,,
2014-12-24,1818,176,2,,,
2014-12-25,1819,176,2,,,
2014-12-26,1820,175,2,,,
2014-12-27,1821,175,2,,,
2014-12-28,1822,175,2,,,
2014-12-29,1823,175,2,,,
2014-12-30,1824,175,2,,,
2014-12-31,1825,175,2,,,
2015-01-01,1826,175,2,,,
2015-01-02,1827,175,2,,,
2015-01-03,1828,175,2,,,
2015-01-04,1829,175,2,,,
2015-01-05,1830,175,,,,
2015-01-06,1831,176,,,,
2015-01-07,1832,176,,,,
2015-01-08,1833,176,,,,
2015-01-09,1834,175,,,,
2015-01-10,1835,175,,,,
2015-01-11,1836,175,,,,
2015-01-12,1837,175,,,,
2015-01-13,1838,177,,,,
2015-01-14,1839,177,,,,
2015-01-15,1840,178,,,,
2015-01-16,1841,180,,,,
2015-01-17,1842,180,,,,
2015-01-18,1843,180,,,,
2015-01-19,1844,178,,,,
2015-01-20,1845,177,,,,
2015-01-21,1846,177,,,,
2015-01-22,1847,177,,,,
2015-01-23,1848,177,,,,
2015-01-24,1849,177,,,,
2015-01-25,1850,177,,,,
2015-01-26,1851,177,,,,
2015-01-27,1852,177,,,,
2015-01-28,1853,176,,,,
2015-01-29,1854,177,,,,
2015-01-30,1855,177,,,,
2015-01-31,1856,177,,,,
2015-02-01,1857,177,,,,
2015-02-02,1858,177,,,,
2015-02-03,1859,177,,,,
2015-02-04,1860,177,,,,
2015-02-05,1861,177,,,,
2015-02-06,1862,178,,,,
2015-02-07,1863,178,,,,
2015-02-08,1864,178,,,,
2015-02-09,1865,176,2,,,
2015-02-10,1866,176,2,,,
2015-02-11,1867,174,3,,,
2015-02-12,1868,174,3,,,
2015-02-13,1869,175,,,,
2015-02-14,1870,175,,,,
2015-02-15,1871,175,,,,
2015-02-16,1872,174,,,,
2015-02-17,1873,175,,,,
2015-02-18,1874,176,,,,
2015-02-19,1875,174,2,,,
2015-02-20,1876,174,2,,,
2015-02-21,1877,174,2,,,
2015-02-22,1878,174,2,,,
2015-02-23,1879,174,2,,,
2015-02-24,1880,174,2,,,
2015-02-25,1881,174,2,,,
2015-02-26,1882,175,,,,
2015-02-27,1883,175,,,,
2015-02-28,1884,176,,,,
2015-03-01,1885,176,,,,
2015-03-02,1886,176,,,,
2015-03-03,1887,176,,,,
2015-03-04,1888,177,,,,
2015-03-05,1889,178,,,,
2015-03-06,1890,178,,,,
2015-03-07,1891,178,,,,
2015-03-08,1892,178,,,,
2015-03-09,1893,174,,,,
2015-03-10,1894,174,,,,
2015-03-11,1895,174,,,,
2015-03-12,1896,174,,,,
2015-03-13,1897,174,,,,
2015-03-14,1898,174,,,,
2015-03-15,1899,174,,,,
2015-03-16,1900,174,,,,
2015-03-17,1901,174,,,,
2015-03-18,1902,174,,,,
2015-03-19,1903,175,,,,
2015-03-20,1904,175,,,,
2015-03-21,1905,175,,,,
2015-03-22,1906,172,,,,
2015-03-23,1907,173,,,,
2015-03-24,1908,175,,,,
2015-03-25,1909,174,,,,
2015-03-26,1910,173,,,,
2015-03-27,1911,173,,,,
2015-03-28,1912,173,,,,
2015-03-29,1913,173,,,,
2015-03-30,1914,174,,,,
2015-03-31,1915,179,,,,
2015-04-01,1916,179,,,,
2015-04-02,1917,179,,,,
2015-04-03,1918,179,,,,
2015-04-04,1919,179,,,,
2015-04-05,1920,179,,,,
2015-04-06,1921,178,,,,
2015-04-07,1922,177,,,,
2015-04-08,1923,176,,,,
2015-04-09,1924,176,,,,
2015-04-10,1925,176,,,,
2015-04-11,1926,176,,,,
2015-04-12,1927,177,,,,
2015-04-13,1928,177,,,,
2015-04-14,1929,177,,,,
2015-04-15,1930,178,,,,
2015-04-16,1931,178,,,,
2015-04-17,1932,178,,,,
2015-04-18,1933,179,,,,
2015-04-19,1934,179,,,,
2015-04-20,1935,175,2,,,
2015-04-21,1936,175,2,,,
2015-04-22,1937,175,2,,,
2015-04-23,1938,175,2,,,
2015-04-24,1939,174,4,,,
2015-04-25,1940,174,4,,,
2015-04-26,1941,174,4,,,
2015-04-27,1942,174,4,,,
2015-04-28,1943,174,4,,,
2015-04-29,1944,173,6,,,
2015-04-30,1945,174,6,,,
2015-05-01,1946,174,6,,,
2015-05-02,1947,174,6,,,
2015-05-03,1948,174,6,,,
2015-05-04,1949,174,6,,,
2015-05-05,1950,172,6,,,
2015-05-06,1951,172,6,,,
2015-05-07,1952,173,6,,,
2015-05-08,1953,174,6,,,
2015-05-09,1954,174,6,,,
2015-05-10,1955,176,2,,,
2015-05-11,1956,176,2,,,
2015-05-12,1957,176,2,,,
2015-05-13,1958,177,2,,,
2015-05-14,1959,177,2,,,
2015-05-15,1960,179,2,,,
2015-05-16,1961,179,2,,,
2015-05-17,1962,179,2,,,
2015-05-18,1963,179,2,,,
2015-05-19,1964,178,2,,,
2015-05-20,1965,178,2,,,
2015-05-21,1966,177,2,,,
2015-05-22,1967,177,2,,,
2015-05-23,1968,177,2,,,
2015-05-24,1969,177,2,,,
2015-05-25,1970,178,,,,
2015-05-26,1971,178,,,,
2015-05-27,1972,178,,,,
2015-05-28,1973,178,,,,
2015-05-29,1974,180,,,,
2015-05-30,1975,180,,,,
2015-05-31,1976,180,,,,
2015-06-01,1977,180,,,,
2015-06-02,1978,180,,,,
2015-06-03,1979,180,,,,
2015-06-04,1980,180,,,,
2015-06-05,1981,184,,,,
2015-06-06,1982,184,,,,
2015-06-07,1983,184,,,,
2015-06-08,1984,185,,,,
2015-06-09,1985,188,,,,
2015-06-10,1986,188,,,,
2015-06-11,1987,188,,,,
2015-06-12,1988,189,,,,
2015-06-13,1989,189,,,,
2015-06-14,1990,189,,,,
2015-06-15,1991,189,,,,
2015-06-16,1992,188,,,,
2015-06-17,1993,188,,,,
2015-06-18,1994,187,,,,
2015-06-19,1995,187,,,,
2015-06-20,1996,187,,,,
2015-06-21,1997,187,,,,
2015-06-22,1998,186,,,,
2015-06-23,1999,186,,,,
2015-06-24,2000,186,,,,
2015-06-25,2001,186,,,,
2015-06-26,2002,186,,,,
2015-06-27,2003,186,,,,
2015-06-28,2004,186,,,,
2015-06-29,2005,188,,,,
2015-06-30,2006,188,,,,
2015-07-01,2007,186,,,,
2015-07-02,2008,188,,,,
2015-07-03,2009,188,,,,
2015-07-04,2010,188,,,,
2015-07-05,2011,188,,,,
2015-07-06,2012,187,,,,
2015-07-07,2013,187,,,,
2015-07-08,2014,186,2,,,
2015-07-09,2015,187,4,,,
2015-07-10,2016,188,4,,,
2015-07-11,2017,188,5,,,
2015-07-12,2018,188,5,,,
2015-07-13,2019,186,5,,,
2015-07-14,2020,186,2,,,
2015-07-15,2021,189,2,,,
2015-07-16,2022,189,2,,,
2015-07-17,2023,191,2,,,
2015-07-18,2024,191,2,,,
2015-07-19,2025,191,2,,,
2015-07-20,2026,190,2,,,
2015-07-21,2027,193,,,,
2015-07-22,2028,194,,,,
2015-07-23,2029,193,2,,,
2015-07-24,2030,194,2,,,
2015-07-25,2031,194,2,,,
2015-07-26,2032,194,2,,,
2015-07-27,2033,195,2,,,
2015-07-28,2034,196,2,,,
2015-07-29,2035,196,2,,,
2015-07-30,2036,196,2,,,
2015-07-31,2037,196,2,,,
2015-08-01,2038,195,2,,,
2015-08-02,2039,196,,,,
2015-08-03,2040,196,,,,
2015-08-04,2041,199,,,,
2015-08-05,2042,201,,,6,
2015-08-06,2043,204,,,6,
2015-08-07,2044,205,,,6,
2015-08-08,2045,207,,,6,
2015-08-09,2046,207,,,6,
2015-08-10,2047,205,,,6,
2015-08-11,2048,207,4,,6,
2015-08-12,2049,207,6,,6,
2015-08-13,2050,207,6,,6,
2015-08-14,2051,207,6,,7,
2015-08-15,2052,209,6,,7,
2015-08-16,2053,209,6,,7,
2015-08-17,2054,209,8,,6,
2015-08-18,2055,206,6,3,9,
2015-08-19,2056,207,6,3,9,
2015-08-20,2057,211,6,11,,
2015-08-21,2058,212,6,11,,
2015-08-22,2059,212,6,11,,
2015-08-23,2060,212,6,11,,
2015-08-24,2061,213,6,11,,
2015-08-25,2062,214,8,8,,
2015-08-26,2063,214,8,8,,
2015-08-27,2064,213,8,8,,
2015-08-28,2065,214,8,8,,
2015-08-29,2066,214,8,8,,
2015-08-30,2067,214,8,8,,
2015-08-31,2068,214,8,8,,
2015-09-01,2069,215,6,6,,
2015-09-02,2070,214,4,9,,
2015-09-03,2071,214,4,9,,
2015-09-04,2072,214,4,9,,
2015-09-05,2073,214,4,9,,
2015-09-06,2074,215,2,9,,
2015-09-07,2075,216,6,3,,
2015-09-08,2076,216,6,3,,
2015-09-09,2077,216,6,3,,
2015-09-10,2078,216,6,3,,
2015-09-11,2079,216,6,3,,
2015-09-12,2080,218,6,,,
2015-09-13,2081,218,6,,,
2015-09-14,2082,218,3,3,,
2015-09-15,2083,218,3,3,,
2015-09-16,2084,218,3,3,,
2015-09-17,2085,219,3,4,,
2015-09-18,2086,220,2,3,,
2015-09-19,2087,220,2,3,,
2015-09-20,2088,220,2,3,,
2015-09-21,2089,221,2,,,
2015-09-22,2090,218,,3,,
2015-09-23,2091,221,,3,,
2015-09-24,2092,222,,3,,
2015-09-25,2093,222,,3,,
2015-09-26,2094,222,,3,,
2015-09-27,2095,222,,3,,
2015-09-28,2096,222,2,,,
2015-09-29,2097,222,2,,,
2015-09-30,2098,221,2,,,
2015-10-01,2099,221,2,,,
2015-10-02,2100,221,2,,,
2015-10-03,2101,221,2,,,
2015-10-04,2102,221,2,,,
2015-10-05,2103,223,,,,
2015-10-06,2104,223,,,,
2015-10-07,2105,222,2,,,
2015-10-08,2106,222,2,,,
2015-10-09,2107,222,2,,,
2015-10-10,2108,222,2,,,
2015-10-11,2109,219,2,4,,
2015-10-12,2110,219,2,4,,
2015-10-13,2111,219,2,4,,
2015-10-14,2112,220,,4,,
2015-10-15,2113,220,,3,,
2015-10-16,2114,220,,3,,
2015-10-17,2115,221,,3,,
2015-10-18,2116,220,,3,,
2015-10-19,2117,219,2,3,,
2015-10-20,2118,221,,4,,
2015-10-21,2119,218,2,,12,
2015-10-22,2120,217,4,,12,
2015-10-23,2121,217,4,,12,
2015-10-24,2122,217,4,,12,
2015-10-25,2123,217,4,,12,
2015-10-26,2124,216,4,,12,
2015-10-27,2125,216,6,,11,
2015-10-28,2126,218,6,10,,
2015-10-29,2127,218,6,11,,
2015-10-30,2128,218,6,11,,
2015-10-31,2129,218,6,11,,
2015-11-01,2130,217,2,16,,
2015-11-02,2131,217,2,16,,
2015-11-03,2132,218,4,5,9,
2015-11-04,2133,218,4,5,9,
2015-11-05,2134,218,4,5,9,
2015-11-06,2135,218,8,8,,
2015-11-07,2136,219,8,8,,
2015-11-08,2137,220,8,7,,
2015-11-09,2138,220,8,7,,
2015-11-10,2139,216,8,11,,
2015-11-11,2140,217,7,10,,
2015-11-12,2141,218,7,10,,
2015-11-13,2142,219,7,10,,
2015-11-14,2143,219,7,10,,
2015-11-15,2144,219,7,9,,
2015-11-16,2145,220,7,9,,
2015-11-17,2146,221,15,,,
2015-11-18,2147,220,17,,,
2015-11-19,2148,222,17,,,
2015-11-20,2149,223,17,,,
2015-11-21,2150,223,17,,,
2015-11-22,2151,223,17,,,
2015-11-23,2152,223,17,,,
2015-11-24,2153,225,14,,,
2015-11-25,2154,226,14,,,
2015-11-26,2155,226,16,,,
2015-11-27,2156,226,16,,,
2015-11-28,2157,226,16,,,
2015-11-29,2158,226,16,,,
2015-11-30,2159,227,12,,,
2015-12-01,2160,230,7,,,
2015-12-02,2161,231,5,,,
2015-12-03,2162,231,5,,,
2015-12-04,2163,231,5,,,
2015-12-05,2164,231,5,,,
2015-12-06,2165,231,5,,,
2015-12-07,2166,231,5,,,
2015-12-08,2167,231,5,,,
2015-12-09,2168,232,2,,,
2015-12-10,2169,232,2,,,
2015-12-11,2170,235,,,,
2015-12-12,2171,235,,,,
2015-12-13,2172,235,,,,
2015-12-14,2173,235,,,,
2015-12-15,2174,235,,,,
2015-12-16,2175,233,,,,
2015-12-17,2176,232,,,,
2015-12-18,2177,232,,,,
2015-12-19,2178,232,,,,
2015-12-20,2179,232,,,,
2015-12-21,2180,236,,,,
2015-12-22,2181,236,,,,
2015-12-23,2182,234,,,,
2015-12-24,2183,234,,,,
2015-12-25,2184,234,,,,
2015-12-26,2185,233,,,,
2015-12-27,2186,234,,,,
2015-12-28,2187,235,,,,
2015-12-29,2188,234,4,,,
2015-12-30,2189,234,8,,,
2015-12-31,2190,234,8,,,
2016-01-01,2191,234,8,,,
2016-01-02,2192,234,8,,,
2016-01-03,2193,235,8,,,
2016-01-04,2194,233,7,,,
2016-01-05,2195,233,12,,,
2016-01-06,2196,232,5,8,,
2016-01-07,2197,233,,14,,
2016-01-08,2198,233,,15,,
2016-01-09,2199,233,,15,,
2016-01-10,2200,233,,15,,
2016-01-11,2201,233,,14,,
2016-01-12,2202,233,,14,,
2016-01-13,2203,234,,14,,
2016-01-14,2204,236,13,,,
2016-01-15,2205,237,13,,,
2016-01-16,2206,237,13,,,
2016-01-17,2207,237,13,,,
2016-01-18,2208,237,13,,,
2016-01-19,2209,234,15,,,
2016-01-20,2210,234,18,,,
2016-01-21,2211,234,18,,,
2016-01-22,2212,235,18,,,
2016-01-23,2213,235,18,,,
2016-01-24,2214,235,18,,,
2016-01-25,2215,235,18,,,
2016-01-26,2216,235,15,,,
2016-01-27,2217,237,12,,,
2016-01-28,2218,237,12,,,
2016-01-29,2219,236,14,,,
2016-01-30,2220,236,14,,,
2016-01-31,2221,236,14,,,
2016-02-01,2222,236,13,,,
2016-02-02,2223,236,12,,,
2016-02-03,2224,237,12,,,
2016-02-04,2225,237,12,,,
2016-02-05,2226,238,11,,,
2016-02-06,2227,238,11,,,
2016-02-07,2228,238,11,,,
2016-02-08,2229,239,10,,,
2016-02-09,2230,239,10,,,
2016-02-10,2231,239,9,,,
2016-02-11,2232,239,9,,,
2016-02-12,2233,239,9,,,
2016-02-13,2234,239,9,,,
2016-02-14,2235,240,7,,,
2016-02-15,2236,241,6,,,
2016-02-16,2237,241,6,,,
2016-02-17,2238,241,6,,,
2016-02-18,2239,241,6,,,
2016-02-19,2240,241,6,,,
2016-02-20,2241,241,6,,,
2016-02-21,2242,241,6,,,
2016-02-22,2243,241,6,,,
2016-02-23,2244,241,6,,,
2016-02-24,2245,241,6,,,
2016-02-25,2246,244,,,,
2016-02-26,2247,244,,,,
2016-02-27,2248,244,,,,
2016-02-28,2249,244,,,,
2016-02-29,2250,244,,,,
2016-03-01,2251,243,,,,
2016-03-02,2252,243,,,,
2016-03-03,2253,244,,,,
2016-03-04,2254,244,,,,
2016-03-05,2255,244,,,,
2016-03-06,2256,244,,,,
2016-03-07,2257,244,,,,
2016-03-08,2258,243,,,,
2016-03-09,2259,244,,,,
2016-03-10,2260,244,,,,
2016-03-11,2261,244,,,,
2016-03-12,2262,244,,,,
2016-03-13,2263,241,2,,,
2016-03-14,2264,239,2,,,
2016-03-15,2265,238,2,,,
2016-03-16,2266,238,2,,,
2016-03-17,2267,237,2,,,
2016-03-18,2268,236,4,,,
2016-03-19,2269,236,4,,,
2016-03-20,2270,236,4,,,
2016-03-21,2271,236,4,,,
2016-03-22,2272,237,2,,,
2016-03-23,2273,238,,,,
2016-03-24,2274,236,2,,,
2016-03-25,2275,236,2,,,
2016-03-26,2276,236,2,,,
2016-03-27,2277,236,2,,,
2016-03-28,2278,236,2,,,
2016-03-29,2279,236,2,,,
2016-03-30,2280,236,,,,
2016-03-31,2281,234,2,,,
2016-04-01,2282,234,2,,,
2016-04-02,2283,234,2,,,
2016-04-03,2284,233,2,,,
2016-04-04,2285,232,4,,,
2016-04-05,2286,232,4,,,
2016-04-06,2287,232,4,,,
2016-04-07,2288,232,4,,,
2016-04-08,2289,232,4,,,
2016-04-09,2290,232,4,,,
2016-04-10,2291,232,4,,,
2016-04-11,2292,232,4,,,
2016-04-12,2293,232,4,,,
2016-04-13,2294,230,3,,,
2016-04-14,2295,232,,,,
2016-04-15,2296,232,,,,
2016-04-16,2297,232,,,,
2016-04-17,2298,232,,,,
2016-04-18,2299,233,,,,
2016-04-19,2300,233,,,,
2016-04-20,2301,231,,,,
2016-04-21,2302,231,,,,
2016-04-22,2303,231,,,,
2016-04-23,2304,231,,,,
2016-04-24,2305,231,,,,
2016-04-25,2306,233,,,,
2016-04-26,2307,232,,,,
2016-04-27,2308,233,,,,
2016-04-28,2309,233,,,,
2016-04-29,2310,233,,,,
2016-04-30,2311,233,,,,
2016-05-01,2312,234,,,,
2016-05-02,2313,233,,,,
2016-05-03,2314,237,,,,
2016-05-04,2315,238,,,,
2016-05-05,2316,237,,,,
2016-05-06,2317,237,,,,
2016-05-07,2318,237,,,,
2016-05-08,2319,237,,,,
2016-05-09,2320,237,,,,
2016-05-10,2321,236,,,,
2016-05-11,2322,236,,,,
2016-05-12,2323,233,2,,,
2016-05-13,2324,233,2,,,
2016-05-14,2325,233,2,,,
2016-05-15,2326,233,2,,,
2016-05-16,2327,233,2,,,
2016-05-17,2328,233,2,,,
2016-05-18,2329,233,2,,,
2016-05-19,2330,233,2,,,
2016-05-20,2331,233,4,,,
2016-05-21,2332,233,4,,,
2016-05-22,2333,233,4,,,
2016-05-23,2334,233,4,,,
2016-05-24,2335,233,4,,,
2016-05-25,2336,233,4,,,
2016-05-26,2337,234,2,,,
2016-05-27,2338,234,2,,,
2016-05-28,2339,234,2,,,
2016-05-29,2340,234,2,,,
2016-05-30,2341,235,,,,
2016-05-31,2342,234,,,,
2016-06-01,2343,234,,,,
2016-06-02,2344,233,,,,
2016-06-03,2345,233,,,,
2016-06-04,2346,233,,,,
2016-06-05,2347,233,,,,
2016-06-06,2348,233,,,,
2016-06-07,2349,233,,,,
2016-06-08,2350,232,,,,
2016-06-09,2351,231,,,,
2016-06-10,2352,231,,,,
2016-06-11,2353,231,,,,
2016-06-12,2354,229,,,,
2016-06-13,2355,229,,,,
2016-06-14,2356,229,,,,
2016-06-15,2357,229,,,,
2016-06-16,2358,230,,,,
2016-06-17,2359,231,,,,
2016-06-18,2360,231,,,,
2016-06-19,2361,231,,,,
2016-06-20,2362,229,,,,
2016-06-21,2363,229,,,,
2016-06-22,2364,229,,,,
2016-06-23,2365,228,,,,
2016-06-24,2366,228,,,,
2016-06-25,2367,228,,,,
2016-06-26,2368,228,,,,
2016-06-27,2369,229,,,,
2016-06-28,2370,229,,,,
2016-06-29,2371,229,,,,
2016-06-30,2372,228,,,,
2016-07-01,2373,228,,,,
2016-07-02,2374,228,,,,
2016-07-03,2375,228,,,,
2016-07-04,2376,228,,,,
2016-07-05,2377,228,,,,
2016-07-06,2378,227,2,,,
2016-07-07,2379,226,4,,,
2016-07-08,2380,226,4,,,
2016-07-09,2381,226,4,,,
2016-07-10,2382,226,4,,,
2016-07-11,2383,226,4,,,
2016-07-12,2384,226,4,,,
2016-07-13,2385,226,4,,,
2016-07-14,2386,223,4,,,
2016-07-15,2387,223,4,,,
2016-07-16,2388,223,4,,,
2016-07-17,2389,223,4,,,
2016-07-18,2390,223,4,,,
2016-07-19,2391,223,4,,,
2016-07-20,2392,225,,,,
2016-07-21,2393,225,,,,
2016-07-22,2394,225,,,,
2016-07-23,2395,225,,,,
2016-07-24,2396,225,,,,
2016-07-25,2397,225,,,,
2016-07-26,2398,223,,,,
2016-07-27,2399,223,,,,
2016-07-28,2400,223,,,,
2016-07-29,2401,223,,,,
2016-07-30,2402,223,,,,
2016-07-31,2403,223,,,,
2016-08-01,2404,223,,,,
2016-08-02,2405,223,,,,
2016-08-03,2406,223,,,,
2016-08-04,2407,223,,,,
2016-08-05,2408,223,,,,
2016-08-06,2409,222,,,,
2016-08-07,2410,222,,,,
2016-08-08,2411,222,,,,
2016-08-09,2412,221,,,,
2016-08-10,2413,221,,,,
2016-08-11,2414,221,,,,
2016-08-12,2415,221,,,,
2016-08-13,2416,221,,,,
2016-08-14,2417,221,,,,
2016-08-15,2418,221,,,,
2016-08-16,2419,219,,,,
2016-08-17,2420,219,,,,
2016-08-18,2421,219,,,,
2016-08-19,2422,219,,,,
2016-08-20,2423,219,,,,
2016-08-21,2424,219,,,,
2016-08-22,2425,219,,,,
2016-08-23,2426,219,,,,
2016-08-24,2427,219,,,,
2016-08-25,2428,219,,,,
2016-08-26,2429,219,,,,
2016-08-27,2430,219,,,,
2016-08-28,2431,219,,,,
2016-08-29,2432,218,,,,
2016-08-30,2433,217,,,,
2016-08-31,2434,217,,,,
2016-09-01,2435,217,,,,
2016-09-02,2436,217,,,,
2016-09-03,2437,217,,,,
2016-09-04,2438,217,,,,
2016-09-05,2439,217,,,,
2016-09-06,2440,217,,,,
2016-09-07,2441,215,,,,
2016-09-08,2442,215,,,,
2016-09-09,2443,214,3,,,
2016-09-10,2444,214,3,,,
2016-09-11,2445,214,3,,,
2016-09-12,2446,215,3,,,
2016-09-13,2447,215,3,,,
2016-09-14,2448,217,2,,,
2016-09-15,2449,217,2,,,
2016-09-16,2450,220,2,,,
2016-09-17,2451,221,2,,,
2016-09-18,2452,221,2,,,
2016-09-19,2453,221,2,,,
2016-09-20,2454,220,2,,,
2016-09-21,2455,219,2,,,
2016-09-22,2456,219,2,,,
2016-09-23,2457,220,2,,,
2016-09-24,2458,220,2,,,
2016-09-25,2459,220,2,,,
2016-09-26,2460,220,2,,,
2016-09-27,2461,220,2,,,
2016-09-28,2462,220,2,,,
2016-09-29,2463,220,,,,
2016-09-30,2464,220,,,,
2016-10-01,2465,218,,,,
2016-10-02,2466,218,,,,
2016-10-03,2467,217,,,,
2016-10-04,2468,218,,,,
2016-10-05,2469,218,,,,
2016-10-06,2470,218,,,,
2016-10-07,2471,218,,,,
2016-10-08,2472,218,,,,
2016-10-09,2473,218,,,,
2016-10-10,2474,215,2,,,
2016-10-11,2475,214,2,,,
2016-10-12,2476,214,2,,,
2016-10-13,2477,214,2,,,
2016-10-14,2478,214,2,,,
2016-10-15,2479,214,2,,,
2016-10-16,2480,214,2,,,
2016-10-17,2481,214,2,,,
2016-10-18,2482,215,2,,,
2016-10-19,2483,217,2,,,
2016-10-20,2484,218,,,,
2016-10-21,2485,218,,,,
2016-10-22,2486,218,,,,
2016-10-23,2487,218,,,,
2016-10-24,2488,218,,,,
2016-10-25,2489,216,,,,
2016-10-26,2490,216,,,,
2016-10-27,2491,216,,,,
2016-10-28,2492,216,,,,
2016-10-29,2493,217,,,,
2016-10-30,2494,217,,,,
2016-10-31,2495,217,,,,
2016-11-01,2496,217,,,,
2016-11-02,2497,216,2,,,
2016-11-03,2498,216,2,,,
2016-11-04,2499,215,2,,,
2016-11-05,2500,215,2,,,
2016-11-06,2501,215,2,,,
2016-11-07,2502,215,2,,,
2016-11-08,2503,217,,,,
2016-11-09,2504,217,,,,
2016-11-10,2505,217,,,,
2016-11-11,2506,218,,,,
2016-11-12,2507,218,,,,
2016-11-13,2508,218,,,,
2016-11-14,2509,218,,,,
2016-11-15,2510,218,,,,
2016-11-16,2511,217,2,,,
2016-11-17,2512,218,2,,,
2016-11-18,2513,219,2,,,
2016-11-19,2514,219,2,,,
2016-11-20,2515,218,2,,,
2016-11-21,2516,221,,4,,
2016-11-22,2517,222,2,,,
2016-11-23,2518,223,2,,,
2016-11-24,2519,224,2,,,
2016-11-25,2520,224,2,,,
2016-11-26,2521,224,2,,,
2016-11-27,2522,225,2,,,
2016-11-28,2523,224,2,,,
2016-11-29,2524,224,2,,,
2016-11-30,2525,224,,,,
2016-12-01,2526,223,,,,
2016-12-02,2527,224,,,,
2016-12-03,2528,224,,,,
2016-12-04,2529,224,,,,
2016-12-05,2530,224,,,,
2016-12-06,2531,223,,,,
2016-12-07,2532,223,,,,
2016-12-08,2533,223,,,,
2016-12-09,2534,223,,,,
2016-12-10,2535,223,,,,
2016-12-11,2536,223,,,,
2016-12-12,2537,223,,,,
2016-12-13,2538,223,,,,
2016-12-14,2539,223,,,,
2016-12-15,2540,223,,,,
2016-12-16,2541,221,,,,
2016-12-17,2542,221,,,,
2016-12-18,2543,221,,,,
2016-12-19,2544,221,,,,
2016-12-20,2545,222,,,,
2016-12-21,2546,219,2,,,
2016-12-22,2547,220,2,,,
2016-12-23,2548,221,2,,,
2016-12-24,2549,221,2,,,
2016-12-25,2550,220,2,,,
2016-12-26,2551,222,,,,
2016-12-27,2552,223,,,,
2016-12-28,2553,221,,,,
2016-12-29,2554,220,,,,
2016-12-30,2555,220,,,,
2016-12-31,2556,220,,,,
2017-01-01,2557,220,,,,
2017-01-02,2558,220,,,,
2017-01-03,2559,218,,,,
2017-01-04,2560,219,,,,
2017-01-05,2561,220,,,,
2017-01-06,2562,222,2,,,
2017-01-07,2563,222,2,,,
2017-01-08,2564,222,2,,,
2017-01-09,2565,221,2,,,
2017-01-10,2566,225,2,,,
2017-01-11,2567,223,4,,,
2017-01-12,2568,225,4,,,
2017-01-13,2569,226,4,,,
2017-01-14,2570,226,4,,,
2017-01-15,2571,226,2,,,
2017-01-16,2572,226,2,,,
2017-01-17,2573,226,2,,,
2017-01-18,2574,226,,,,
2017-01-19,2575,225,,,,
2017-01-20,2576,226,,,,
2017-01-21,2577,226,,,,
2017-01-22,2578,227,,,,
2017-01-23,2579,227,,,,
2017-01-24,2580,228,,,,
2017-01-25,2581,226,4,,,
2017-01-26,2582,228,4,,,
2017-01-27,2583,228,4,,,
2017-01-28,2584,229,5,,,
2017-01-29,2585,229,5,,,
2017-01-30,2586,229,5,,,
2017-01-31,2587,229,5,,,
2017-02-01,2588,229,5,,,
2017-02-02,2589,229,5,,,
2017-02-03,2590,230,2,,,
2017-02-04,2591,230,2,,,
2017-02-05,2592,230,2,,,
2017-02-06,2593,230,2,,,
2017-02-07,2594,231,2,,,
2017-02-08,2595,230,2,,,
2017-02-09,2596,232,,,,
2017-02-10,2597,232,,,,
2017-02-11,2598,232,,,,
2017-02-12,2599,232,,,,
2017-02-13,2600,231,,,,
2017-02-14,2601,232,,,,
2017-02-15,2602,232,,,,
2017-02-16,2603,232,,,,
2017-02-17,2604,232,,,,
2017-02-18,2605,233,,,,
2017-02-19,2606,233,,,,
2017-02-20,2607,233,,,,
2017-02-21,2608,230,,5,,
2017-02-22,2609,230,,5,,
2017-02-23,2610,231,,5,,
2017-02-24,2611,232,,5,,
2017-02-25,2612,232,,5,,
2017-02-26,2613,233,,5,,
2017-02-27,2614,234,,5,,
2017-02-28,2615,234,,6,,
2017-03-01,2616,234,,6,,
2017-03-02,2617,234,,9,,
2017-03-03,2618,235,,9,,
2017-03-04,2619,235,,9,,
2017-03-05,2620,235,,8,,
2017-03-06,2621,237,,8,,
2017-03-07,2622,237,,8,,
2017-03-08,2623,239,,8,,
2017-03-09,2624,237,2,9,,
2017-03-10,2625,240,2,11,,
2017-03-11,2626,240,2,11,,
2017-03-12,2627,240,2,11,,
2017-03-13,2628,243,2,7,,
2017-03-14,2629,243,2,7,,
2017-03-15,2630,244,2,7,,
2017-03-16,2631,244,2,7,,
2017-03-17,2632,244,2,7,,
2017-03-18,2633,245,2,6,,
2017-03-19,2634,245,2,6,,
2017-03-20,2635,245,2,6,,
2017-03-21,2636,245,2,6,,
2017-03-22,2637,248,2,4,,
2017-03-23,2638,248,2,4,,
2017-03-24,2639,248,2,4,,
2017-03-25,2640,248,3,4,,
2017-03-26,2641,249,3,4,,
2017-03-27,2642,249,3,4,,
2017-03-28,2643,250,6,,,
2017-03-29,2644,251,5,,,
2017-03-30,2645,253,5,,,
2017-03-31,2646,253,4,,,
2017-04-01,2647,253,4,,,
2017-04-02,2648,253,4,,,
2017-04-03,2649,253,4,,,
2017-04-04,2650,253,4,,,
2017-04-05,2651,252,5,,,
2017-04-06,2652,253,4,,,
2017-04-07,2653,255,4,,,
2017-04-08,2654,255,4,,,
2017-04-09,2655,255,4,,,
2017-04-10,2656,254,4,,,
2017-04-11,2657,254,4,,,
2017-04-12,2658,254,4,,,
2017-04-13,2659,254,4,,,
2017-04-14,2660,253,4,,,
2017-04-15,2661,253,4,,,
2017-04-16,2662,253,4,,,
2017-04-17,2663,256,,,,
2017-04-18,2664,257,,,,
2017-04-19,2665,258,,,,
2017-04-20,2666,258,,,,
2017-04-21,2667,258,,,,
2017-04-22,2668,258,,,,
2017-04-23,2669,258,,,,
2017-04-24,2670,258,,,,
2017-04-25,2671,257,,,,
2017-04-26,2672,257,,,,
2017-04-27,2673,257,,,,
2017-04-28,2674,258,,,,
2017-04-29,2675,258,,,,
2017-04-30,2676,257,,,,
2017-05-01,2677,256,,,,
2017-05-02,2678,255,2,,,
2017-05-03,2679,254,2,,,
2017-05-04,2680,256,,,,
2017-05-05,2681,255,,,,
2017-05-06,2682,255,,,,
2017-05-07,2683,255,,,,
2017-05-08,2684,255,,,,
2017-05-09,2685,255,,,,
2017-05-10,2686,255,,,,
2017-05-11,2687,253,3,,,
2017-05-12,2688,253,3,,,
2017-05-13,2689,253,3,,,
2017-05-14,2690,253,3,,,
2017-05-15,2691,252,3,,,
2017-05-16,2692,252,3,,,
2017-05-17,2693,252,3,,,
2017-05-18,2694,252,3,,,
2017-05-19,2695,251,2,,,
2017-05-20,2696,251,2,,,
2017-05-21,2697,252,,,,
2017-05-22,2698,252,,,,
2017-05-23,2699,252,,,,
2017-05-24,2700,253,,,,
2017-05-25,2701,253,,,,
2017-05-26,2702,253,,,,
2017-05-27,2703,252,,,,
2017-05-28,2704,252,,,,
2017-05-29,2705,252,,,,
2017-05-30,2706,253,,,,
2017-05-31,2707,253,,,,
2017-06-01,2708,253,,,,
2017-06-02,2709,253,,,,
2017-06-03,2710,253,,,,
2017-06-04,2711,252,,,,
2017-06-05,2712,252,,,,
2017-06-06,2713,252,,,,
2017-06-07,2714,252,,,,
2017-06-08,2715,251,,,,
2017-06-09,2716,251,,,,
2017-06-10,2717,251,,,,
2017-06-11,2718,251,,,,
2017-06-12,2719,251,,,,
2017-06-13,2720,251,,,,
2017-06-14,2721,251,,,,
2017-06-15,2722,251,,,,
2017-06-16,2723,251,,,,
2017-06-17,2724,251,,,,
2017-06-18,2725,251,,,,
2017-06-19,2726,251,,,,
2017-06-20,2727,249,,,,
2017-06-21,2728,249,,,,
2017-06-22,2729,247,,,,
2017-06-23,2730,247,,,,
2017-06-24,2731,247,,,,
2017-06-25,2732,247,,,,
2017-06-26,2733,246,,,,
2017-06-27,2734,245,,,,
2017-06-28,2735,245,,,,
2017-06-29,2736,245,,,,
2017-06-30,2737,244,,,,
2017-07-01,2738,244,,,,
2017-07-02,2739,244,,,,
2017-07-03,2740,242,,,,
2017-07-04,2741,242,,,,
2017-07-05,2742,242,,,,
2017-07-06,2743,242,,,,
2017-07-07,2744,242,,,,
2017-07-08,2745,242,,,,
2017-07-09,2746,241,,,,
2017-07-10,2747,240,,,,
2017-07-11,2748,240,,,,
2017-07-12,2749,238,,,,
2017-07-13,2750,238,,,,
2017-07-14,2751,238,,,,
2017-07-15,2752,238,,,,
2017-07-16,2753,238,,,,
2017-07-17,2754,238,,,,
2017-07-18,2755,234,2,,,
2017-07-19,2756,234,2,,,
2017-07-20,2757,234,2,,,
2017-07-21,2758,234,2,,,
2017-07-22,2759,234,2,,,
2017-07-23,2760,234,2,,,
2017-07-24,2761,234,2,,,
2017-07-25,2762,234,,,,
2017-07-26,2763,234,,,,
2017-07-27,2764,234,,,,
2017-07-28,2765,234,,,,
2017-07-29,2766,234,,,,
2017-07-30,2767,234,,,,
2017-07-31,2768,234,,,,
2017-08-01,2769,233,,,,
2017-08-02,2770,233,,,,
2017-08-03,2771,232,2,,,
2017-08-04,2772,234,2,,,
2017-08-05,2773,234,2,,,
2017-08-06,2774,234,2,,,
2017-08-07,2775,234,2,,,
2017-08-08,2776,234,2,,,
2017-08-09,2777,234,2,,,
2017-08-10,2778,234,2,,,
2017-08-11,2779,234,2,,,
2017-08-12,2780,234,2,,,
2017-08-13,2781,234,2,,,
2017-08-14,2782,235,,,,
2017-08-15,2783,234,,,,
2017-08-16,2784,234,,,,
2017-08-17,2785,233,,,,
2017-08-18,2786,232,,,,
2017-08-19,2787,232,,,,
2017-08-20,2788,232,,,,
2017-08-21,2789,232,,,,
2017-08-22,2790,232,,,,
2017-08-23,2791,232,,,,
2017-08-24,2792,230,,,,
2017-08-25,2793,228,,,,
2017-08-26,2794,228,,,,
2017-08-27,2795,228,,,,
2017-08-28,2796,228,,,,
2017-08-29,2797,227,,,,
2017-08-30,2798,227,,,,
2017-08-31,2799,227,,,,
2017-09-01,2800,227,,,,
2017-09-02,2801,227,,,,
2017-09-03,2802,227,,,,
2017-09-04,2803,227,,,,
2017-09-05,2804,224,5,,,
2017-09-06,2805,224,5,,,
2017-09-07,2806,223,5,,,
2017-09-08,2807,224,5,,,
2017-09-09,2808,224,5,,,
2017-09-10,2809,224,5,,,
2017-09-11,2810,224,5,,,
2017-09-12,2811,224,5,,,
2017-09-13,2812,224,5,,,
2017-09-14,2813,224,5,,,
2017-09-15,2814,223,3,,,
2017-09-16,2815,223,3,,,
2017-09-17,2816,224,3,,,
2017-09-18,2817,225,3,,,
2017-09-19,2818,225,3,,,
2017-09-20,2819,225,3,,,
2017-09-21,2820,225,3,,,
2017-09-22,2821,224,4,,,
2017-09-23,2822,225,2,,,
2017-09-24,2823,225,2,,,
2017-09-25,2824,223,3,,,
2017-09-26,2825,225,3,,,
2017-09-27,2826,223,5,,,
2017-09-28,2827,223,5,,,
2017-09-29,2828,224,5,,,
2017-09-30,2829,224,5,,,
2017-10-01,2830,224,5,,,
2017-10-02,2831,226,4,,,
2017-10-03,2832,226,4,,,
2017-10-04,2833,226,4,,,
2017-10-05,2834,226,4,,,
2017-10-06,2835,228,2,,,
2017-10-07,2836,228,2,,,
2017-10-08,2837,228,2,,,
2017-10-09,2838,230,2,,,
2017-10-10,2839,233,,,,
2017-10-11,2840,233,,,,
2017-10-12,2841,233,,,,
2017-10-13,2842,233,,,,
2017-10-14,2843,233,,,,
2017-10-15,2844,233,,,,
2017-10-16,2845,233,,,,
2017-10-17,2846,232,,,,
2017-10-18,2847,233,,,,
2017-10-19,2848,234,,,,
2017-10-20,2849,234,,,,
2017-10-21,2850,234,,,,
2017-10-22,2851,234,,,,
2017-10-23,2852,234,,,,
2017-10-24,2853,234,,,,
2017-10-25,2854,232,,,,
2017-10-26,2855,232,,,,
2017-10-27,2856,232,,,,
2017-10-28,2857,232,,,,
2017-10-29,2858,231,,,,
2017-10-30,2859,231,,,,
2017-10-31,2860,228,2,,,
2017-11-01,2861,228,2,,,
2017-11-02,2862,230,,,,
2017-11-03,2863,231,,,,
2017-11-04,2864,231,,,,
2017-11-05,2865,231,,,,
2017-11-06,2866,232,2,,,
2017-11-07,2867,234,2,,,
2017-11-08,2868,235,2,,,
2017-11-09,2869,235,2,,,
2017-11-10,2870,235,2,,,
2017-11-11,2871,235,2,,,
2017-11-12,2872,235,2,,,
2017-11-13,2873,236,2,,,
2017-11-14,2874,236,2,,,
2017-11-15,2875,235,,,,
2017-11-16,2876,235,,,,
2017-11-17,2877,234,,,,
2017-11-18,2878,234,,,,
2017-11-19,2879,233,,,,
2017-11-20,2880,233,,,,
2017-11-21,2881,234,,,,
2017-11-22,2882,234,,,,
2017-11-23,2883,234,,,,
2017-11-24,2884,234,,,,
2017-11-25,2885,233,,,,
2017-11-26,2886,233,,,,
2017-11-27,2887,234,,,,
2017-11-28,2888,234,,,,
2017-11-29,2889,232,2,,,
2017-11-30,2890,233,2,,,
2017-12-01,2891,233,2,,,
2017-12-02,2892,233,2,,,
2017-12-03,2893,233,2,,,
2017-12-04,2894,234,2,,,
2017-12-05,2895,234,2,,,
2017-12-06,2896,234,2,,,
2017-12-07,2897,234,2,,,
2017-12-08,2898,234,2,,,
2017-12-09,2899,234,2,,,
2017-12-10,2900,234,,,,
2017-12-11,2901,234,,,,
2017-12-12,2902,235,,,,
2017-12-13,2903,235,,,,
2017-12-14,2904,235,,,,
2017-12-15,2905,234,,,,
2017-12-16,2906,234,,,,
2017-12-17,2907,234,,,,
2017-12-18,2908,232,,,,
2017-12-19,2909,232,,,,
2017-12-20,2910,232,,,,
2017-12-21,2911,232,,,,
2017-12-22,2912,232,,,,
2017-12-23,2913,231,,,,
2017-12-24,2914,231,,,,
2017-12-25,2915,231,,,,
2017-12-26,2916,231,,,,
2017-12-27,2917,232,,,,
2017-12-28,2918,232,,,,
2017-12-29,2919,231,,,,
2017-12-30,2920,231,,,,
2017-12-31,2921,231,,,,
2018-01-01,2922,229,,,,
2018-01-02,2923,229,,,,
2018-01-03,2924,229,,,,
2018-01-04,2925,229,,,,
2018-01-05,2926,229,,,,
2018-01-06,2927,229,,,,
2018-01-07,2928,228,,,,
2018-01-08,2929,227,,,,
2018-01-09,2930,227,,,,
2018-01-10,2931,227,,,,
2018-01-11,2932,227,,,,
2018-01-12,2933,227,,,,
2018-01-13,2934,227,,,,
2018-01-14,2935,227,,,,
2018-01-15,2936,226,,,,
2018-01-16,2937,226,,,,
2018-01-17,2938,226,,,,
2018-01-18,2939,226,,,,
2018-01-19,2940,226,,,,
2018-01-20,2941,227,,,,
2018-01-21,2942,226,,,,
2018-01-22,2943,225,,,,
2018-01-23,2944,226,,,,
2018-01-24,2945,226,,,,
2018-01-25,2946,225,2,,,
2018-01-26,2947,225,2,,,
2018-01-27,2948,224,2,,,
2018-01-28,2949,224,2,,,
2018-01-29,2950,224,2,,,
2018-01-30,2951,225,2,,,
2018-01-31,2952,224,4,,,
2018-02-01,2953,224,4,,,
2018-02-02,2954,226,4,,,
2018-02-03,2955,227,4,,,
2018-02-04,2956,227,4,,,
2018-02-05,2957,227,2,,,
2018-02-06,2958,227,2,,,
2018-02-07,2959,227,2,,,
2018-02-08,2960,227,,,,
2018-02-09,2961,227,,,,
2018-02-10,2962,227,,,,
2018-02-11,2963,227,,,,
2018-02-12,2964,228,,,,
2018-02-13,2965,229,,,,
2018-02-14,2966,229,,,,
2018-02-15,2967,229,,,,
2018-02-16,2968,227,,,,
2018-02-17,2969,227,,,,
2018-02-18,2970,227,,,,
2018-02-19,2971,227,,,,
2018-02-20,2972,227,,,,
2018-02-21,2973,227,,,,
2018-02-22,2974,228,,,,
2018-02-23,2975,228,,,,
2018-02-24,2976,228,,,,
2018-02-25,2977,228,,,,
2018-02-26,2978,226,,,,
2018-02-27,2979,226,,,,
2018-02-28,2980,224,2,,,
2018-03-01,2981,224,5,,,
2018-03-02,2982,224,5,,,
2018-03-03,2983,224,5,,,
2018-03-04,2984,224,5,,,
2018-03-05,2985,224,5,,,
2018-03-06,2986,224,5,,,
2018-03-07,2987,224,6,,,
2018-03-08,2988,225,5,,,
2018-03-09,2989,225,5,,,
2018-03-10,2990,225,5,,,
2018-03-11,2991,223,7,,,
2018-03-12,2992,224,7,,,
2018-03-13,2993,225,7,,,
2018-03-14,2994,225,7,,,
2018-03-15,2995,225,7,,,
2018-03-16,2996,226,6,,,
2018-03-17,2997,226,6,,,
2018-03-18,2998,226,6,,,
2018-03-19,2999,226,6,,,
2018-03-20,3000,226,6,,,
2018-03-21,3001,229,2,,,
2018-03-22,3002,229,2,,,
2018-03-23,3003,228,2,,,
2018-03-24,3004,228,2,,,
2018-03-25,3005,227,2,,,
2018-03-26,3006,225,4,,,
2018-03-27,3007,225,4,,,
2018-03-28,3008,225,4,,,
2018-03-29,3009,226,2,,,
2018-03-30,3010,228,,,,
2018-03-31,3011,228,,,,
2018-04-01,3012,228,,,,
2018-04-02,3013,229,,,,
2018-04-03,3014,231,,,,
2018-04-04,3015,231,,,,
2018-04-05,3016,229,2,,,
2018-04-06,3017,229,2,,,
2018-04-07,3018,229,2,,,
2018-04-08,3019,229,2,,,
2018-04-09,3020,229,2,,,
2018-04-10,3021,230,2,,,
2018-04-11,3022,230,2,,,
2018-04-12,3023,227,2,,,
2018-04-13,3024,227,2,,,
2018-04-14,3025,227,2,,,
2018-04-15,3026,227,2,,,
2018-04-16,3027,226,2,,,
2018-04-17,3028,226,2,,,
2018-04-18,3029,226,2,,,
2018-04-19,3030,226,2,,,
2018-04-20,3031,226,2,,,
2018-04-21,3032,226,2,,,
2018-04-22,3033,226,2,,,
2018-04-23,3034,226,2,,,
2018-04-24,3035,223,2,,,
2018-04-25,3036,223,2,,,
2018-04-26,3037,223,2,,,
2018-04-27,3038,223,2,,,
2018-04-28,3039,222,2,,,
2018-04-29,3040,222,2,,,
2018-04-30,3041,222,,,,
2018-05-01,3042,222,,,,
2018-05-02,3043,222,,,,
2018-05-03,3044,222,,,,
2018-05-04,3045,224,,,,
2018-05-05,3046,224,,,,
2018-05-06,3047,224,,,,
2018-05-07,3048,224,,,,
2018-05-08,3049,224,,,,
2018-05-09,3050,224,,,,
2018-05-10,3051,225,,,,
2018-05-11,3052,225,,,,
2018-05-12,3053,225,,,,
2018-05-13,3054,225,,,,
2018-05-14,3055,225,,,,
2018-05-15,3056,225,,,,
2018-05-16,3057,225,,,,
2018-05-17,3058,225,,,,
2018-05-18,3059,224,,,,
2018-05-19,3060,225,,,,
2018-05-20,3061,225,,,,
2018-05-21,3062,225,,,,
2018-05-22,3063,226,,,,
2018-05-23,3064,225,,5,,
2018-05-24,3065,225,,5,,
2018-05-25,3066,225,,5,,
2018-05-26,3067,225,,5,,
2018-05-27,3068,225,,5,,
2018-05-28,3069,225,,4,,
2018-05-29,3070,225,,4,,
2018-05-30,3071,225,,4,,
2018-05-31,3072,226,,4,,
2018-06-01,3073,227,,4,,
2018-06-02,3074,227,,4,,
2018-06-03,3075,227,,4,,
2018-06-04,3076,227,,4,,
2018-06-05,3077,227,2,,,
2018-06-06,3078,227,2,,,
2018-06-07,3079,227,2,,,
2018-06-08,3080,227,2,,,
2018-06-09,3081,227,2,,,
2018-06-10,3082,227,2,,,
2018-06-11,3083,227,2,,,
2018-06-12,3084,227,,,,
2018-06-13,3085,227,,,,
2018-06-14,3086,227,,,,
2018-06-15,3087,227,,,,
2018-06-16,3088,227,,,,
2018-06-17,3089,227,,,,
2018-06-18,3090,227,,,,
2018-06-19,3091,227,,,,
2018-06-20,3092,226,,,,
2018-06-21,3093,226,,,,
2018-06-22,3094,226,,,,
2018-06-23,3095,226,,,,
2018-06-24,3096,226,,,,
2018-06-25,3097,226,,,,
2018-06-26,3098,226,,,,
2018-06-27,3099,226,,,,
2018-06-28,3100,225,,,,
2018-06-29,3101,224,,,,
2018-06-30,3102,224,,,,
2018-07-01,3103,224,,,,
2018-07-02,3104,224,,,,
2018-07-03,3105,223,,,,
2018-07-04,3106,223,,,,
2018-07-05,3107,223,,,,
2018-07-06,3108,220,2,,,
2018-07-07,3109,220,2,,,
2018-07-08,3110,220,2,,,
2018-07-09,3111,220,2,,,
2018-07-10,3112,219,4,,,
2018-07-11,3113,222,,5,,
2018-07-12,3114,221,,5,,
2018-07-13,3115,219,2,5,,
2018-07-14,3116,219,2,5,,
2018-07-15,3117,219,2,5,,
2018-07-16,3118,220,6,,,
2018-07-17,3119,224,2,,,
2018-07-18,3120,224,4,,,
2018-07-19,3121,224,4,,,
2018-07-20,3122,227,2,,,
2018-07-21,3123,227,2,,,
2018-07-22,3124,228,,,,
2018-07-23,3125,228,,,,
2018-07-24,3126,229,,,,
2018-07-25,3127,229,,,,
2018-07-26,3128,229,,,,
2018-07-27,3129,228,,,,
2018-07-28,3130,228,,,,
2018-07-29,3131,228,,,,
2018-07-30,3132,228,,,,
2018-07-31,3133,228,,,,
2018-08-01,3134,228,,,,
2018-08-02,3135,228,,,,
2018-08-03,3136,230,,,,
2018-08-04,3137,230,,,,
2018-08-05,3138,230,,,,
2018-08-06,3139,228,,,,
2018-08-07,3140,229,,,,
2018-08-08,3141,228,,,,
2018-08-09,3142,228,,,,
2018-08-10,3143,228,,,,
2018-08-11,3144,227,,,,
2018-08-12,3145,227,,,,
2018-08-13,3146,226,,,,
2018-08-14,3147,225,,,,
2018-08-15,3148,225,2,,,
2018-08-16,3149,224,2,,,
2018-08-17,3150,226,3,,,
2018-08-18,3151,225,5,,,
2018-08-19,3152,225,5,,,
2018-08-20,3153,228,5,,,
2018-08-21,3154,228,4,,,
2018-08-22,3155,228,4,,,
2018-08-23,3156,228,4,,,
2018-08-24,3157,228,4,,,
2018-08-25,3158,227,3,,,
2018-08-26,3159,227,3,,,
2018-08-27,3160,228,3,,,
2018-08-28,3161,227,2,,,
2018-08-29,3162,226,4,,,
2018-08-30,3163,226,4,,,
2018-08-31,3164,228,2,,,
2018-09-01,3165,228,2,,,
2018-09-02,3166,229,2,,,
2018-09-03,3167,229,2,,,
2018-09-04,3168,228,2,,,
2018-09-05,3169,229,2,,,
2018-09-06,3170,229,2,,,
2018-09-07,3171,228,2,,,
2018-09-08,3172,228,2,,,
2018-09-09,3173,228,2,,,
2018-09-10,3174,228,,,,
2018-09-11,3175,230,,,,
2018-09-12,3176,230,,,,
2018-09-13,3177,230,,,,
2018-09-14,3178,229,,,,
2018-09-15,3179,229,,,,
2018-09-16,3180,229,,,,
2018-09-17,3181,227,2,,,
2018-09-18,3182,227,2,,,
2018-09-19,3183,227,2,,,
2018-09-20,3184,230,4,3,,
2018-09-21,3185,229,4,3,,
2018-09-22,3186,229,4,3,,
2018-09-23,3187,230,2,3,,
2018-09-24,3188,231,2,3,,
2018-09-25,3189,232,2,3,,
2018-09-26,3190,230,4,3,,
2018-09-27,3191,230,4,3,,
2018-09-28,3192,229,4,4,,
2018-09-29,3193,229,4,4,,
2018-09-30,3194,229,4,4,,
2018-10-01,3195,229,4,4,,
2018-10-02,3196,229,4,4,,
2018-10-03,3197,230,2,3,,
2018-10-04,3198,230,2,3,,
2018-10-05,3199,230,2,3,,
2018-10-06,3200,230,2,3,,
2018-10-07,3201,230,2,3,,
2018-10-08,3202,230,2,4,,
2018-10-09,3203,231,,3,,
2018-10-10,3204,233,,3,,
2018-10-11,3205,233,,3,,
2018-10-12,3206,233,,3,,
2018-10-13,3207,233,,3,,
2018-10-14,3208,233,,3,,
2018-10-15,3209,233,,3,,
2018-10-16,3210,233,,5,,
2018-10-17,3211,231,2,5,,
2018-10-18,3212,231,4,5,,
2018-10-19,3213,233,4,5,,
2018-10-20,3214,233,4,5,,
2018-10-21,3215,234,4,5,,
2018-10-22,3216,236,4,4,,
2018-10-23,3217,236,4,4,,
2018-10-24,3218,236,2,5,,
2018-10-25,3219,239,,4,,
2018-10-26,3220,239,,4,,
2018-10-27,3221,239,,4,,
2018-10-28,3222,239,,4,,
2018-10-29,3223,239,,4,,
2018-10-30,3224,239,2,3,,
2018-10-31,3225,240,4,,,
2018-11-01,3226,238,6,,,
2018-11-02,3227,241,2,,,
2018-11-03,3228,241,2,,,
2018-11-04,3229,241,2,,,
2018-11-05,3230,242,2,,,
2018-11-06,3231,242,2,,,
2018-11-07,3232,244,,,,
2018-11-08,3233,244,,,,
2018-11-09,3234,244,,,,
2018-11-10,3235,244,,,,
2018-11-11,3236,244,,,,
2018-11-12,3237,243,,,,
2018-11-13,3238,243,,,,
2018-11-14,3239,243,,,,
2018-11-15,3240,243,,,,
2018-11-16,3241,242,2,,,
2018-11-17,3242,242,2,,,
2018-11-18,3243,242,2,,,
2018-11-19,3244,242,2,,,
2018-11-20,3245,242,2,,,
2018-11-21,3246,242,2,,,
2018-11-22,3247,242,2,,,
2018-11-23,3248,242,2,,,
2018-11-24,3249,239,2,,,
2018-11-25,3250,239,2,,,
2018-11-26,3251,239,2,,,
2018-11-27,3252,239,2,,,
2018-11-28,3253,240,,,,
2018-11-29,3254,240,,,,
2018-11-30,3255,240,,,,
2018-12-01,3256,240,,,,
2018-12-02,3257,240,,,,
2018-12-03,3258,241,,,,
2018-12-04,3259,241,,,,
2018-12-05,3260,239,,,,
2018-12-06,3261,239,,,,
2018-12-07,3262,239,,,,
2018-12-08,3263,238,,,,
2018-12-09,3264,238,,,,
2018-12-10,3265,238,,,,
2018-12-11,3266,237,,,,
2018-12-12,3267,237,,,,
2018-12-13,3268,237,,,,
2018-12-14,3269,238,,,,
2018-12-15,3270,238,,,,
2018-12-16,3271,238,,,,
2018-12-17,3272,237,,,,
2018-12-18,3273,237,,,,
2018-12-19,3274,237,,,,
2018-12-20,3275,237,,,,
2018-12-21,3276,237,,,,
2018-12-22,3277,237,,,,
2018-12-23,3278,236,,,,
2018-12-24,3279,236,,,,
2018-12-25,3280,236,,,,
2018-12-26,3281,236,,,,
2018-12-27,3282,236,,,,
2018-12-28,3283,236,,,,
2018-12-29,3284,236,,,,
2018-12-30,3285,236,,,,
2018-12-31,3286,236,,,,
2019-01-01,3287,236,,,,
2019-01-02,3288,234,,,,
2019-01-03,3289,234,,,,
2019-01-04,3290,234,,,,
2019-01-05,3291,233,,,,
2019-01-06,3292,233,,,,
2019-01-07,3293,233,,,,
2019-01-08,3294,233,,,,
2019-01-09,3295,233,,,,
2019-01-10,3296,234,,,,
2019-01-11,3297,232,,,,
2019-01-12,3298,232,,,,
2019-01-13,3299,231,,,,
2019-01-14,3300,230,,,,
2019-01-15,3301,230,,,,
2019-01-16,3302,231,,,,
2019-01-17,3303,231,,,,
2019-01-18,3304,231,,,,
2019-01-19,3305,231,,,,
2019-01-20,3306,230,,,,
2019-01-21,3307,229,,,,
2019-01-22,3308,229,,,,
2019-01-23,3309,229,,,,
2019-01-24,3310,229,,,,
2019-01-25,3311,229,,,,
2019-01-26,3312,229,,,,
2019-01-27,3313,229,,,,
2019-01-28,3314,226,,,,
2019-01-29,3315,225,,,,
2019-01-30,3316,225,,,,
2019-01-31,3317,224,,,,
2019-02-01,3318,223,,,,
2019-02-02,3319,223,,,,
2019-02-03,3320,223,,,,
2019-02-04,3321,223,,,,
2019-02-05,3322,222,,,,
2019-02-06,3323,221,,,,
2019-02-07,3324,221,,,,
2019-02-08,3325,221,,,,
2019-02-09,3326,221,,,,
2019-02-10,3327,221,,,,
2019-02-11,3328,220,,,,
2019-02-12,3329,218,,,,
2019-02-13,3330,218,,,,
2019-02-14,3331,218,,,,
2019-02-15,3332,219,,,,
2019-02-16,3333,219,,,,
2019-02-17,3334,219,,,,
2019-02-18,3335,219,,,,
2019-02-19,3336,219,,,,
2019-02-20,3337,217,2,,,
2019-02-21,3338,218,2,,,
2019-02-22,3339,218,2,,,
2019-02-23,3340,218,2,,,
2019-02-24,3341,219,2,,,
2019-02-25,3342,227,4,,,
2019-02-26,3343,236,2,,,
2019-02-27,3344,219,20,,,
2019-02-28,3345,217,20,,,
2019-03-01,3346,217,20,,,
2019-03-02,3347,217,20,,,
2019-03-03,3348,217,20,,,
2019-03-04,3349,219,20,,,
2019-03-05,3350,220,19,,,
2019-03-06,3351,218,18,,,
2019-03-07,3352,219,15,,,
2019-03-08,3353,219,15,,,
2019-03-09,3354,219,15,,,
2019-03-10,3355,219,15,,,
2019-03-11,3356,219,15,,,
2019-03-12,3357,223,12,,,
2019-03-13,3358,224,10,,,
2019-03-14,3359,227,9,,,
2019-03-15,3360,228,8,,,
2019-03-16,3361,227,9,,,
2019-03-17,3362,227,7,,,
2019-03-18,3363,227,6,,,
2019-03-19,3364,229,,,,
2019-03-20,3365,229,,,,
2019-03-21,3366,229,,,,
2019-03-22,3367,229,,,,
2019-03-23,3368,229,,,,
2019-03-24,3369,229,,,,
2019-03-25,3370,228,2,,,
2019-03-26,3371,229,2,,,
2019-03-27,3372,228,2,,,
2019-03-28,3373,228,,,,
2019-03-29,3374,229,,,,
2019-03-30,3375,230,,,,
2019-03-31,3376,230,,,,
2019-04-01,3377,230,2,,,
2019-04-02,3378,229,4,,,
2019-04-03,3379,229,4,,,
2019-04-04,3380,228,4,,,
2019-04-05,3381,228,4,,,
2019-04-06,3382,228,4,,,
2019-04-07,3383,228,4,,,
2019-04-08,3384,228,2,,,
2019-04-09,3385,229,,,,
2019-04-10,3386,229,,,,
2019-04-11,3387,229,,,,
2019-04-12,3388,229,,,,
2019-04-13,3389,229,,,,
2019-04-14,3390,229,,,,
2019-04-15,3391,227,2,,,
2019-04-16,3392,228,2,,,
2019-04-17,3393,228,2,,,
2019-04-18,3394,228,2,,,
2019-04-19,3395,230,2,,,
2019-04-20,3396,230,2,,,
2019-04-21,3397,230,2,,,
2019-04-22,3398,230,2,,,
2019-04-23,3399,228,2,,,
2019-04-24,3400,228,2,,,
2019-04-25,3401,228,2,,,
2019-04-26,3402,228,2,,,
2019-04-27,3403,228,2,,,
2019-04-28,3404,228,2,,,
2019-04-29,3405,229,,,,
2019-04-30,3406,226,2,,,
2019-05-01,3407,226,2,,,
2019-05-02,3408,226,2,,,
2019-05-03,3409,225,2,,,
2019-05-04,3410,225,2,,,
2019-05-05,3411,226,2,,,
2019-05-06,3412,228,2,,,
2019-05-07,3413,229,2,,,
2019-05-08,3414,228,4,,,
2019-05-09,3415,229,4,,,
2019-05-10,3416,230,2,,,
2019-05-11,3417,230,2,,,
2019-05-12,3418,230,2,,,
2019-05-13,3419,229,,,,
2019-05-14,3420,229,,,,
2019-05-15,3421,231,,,,
2019-05-16,3422,230,2,,,
2019-05-17,3423,229,4,,,
2019-05-18,3424,229,4,,,
2019-05-19,3425,229,4,,,
2019-05-20,3426,229,4,,,
2019-05-21,3427,227,5,,,
2019-05-22,3428,227,7,,,
2019-05-23,3429,228,7,,,
2019-05-24,3430,228,7,,,
2019-05-25,3431,228,7,,,
2019-05-26,3432,228,7,,,
2019-05-27,3433,229,4,,,
2019-05-28,3434,225,10,,,
2019-05-29,3435,224,11,,,
2019-05-30,3436,226,13,,,
2019-05-31,3437,227,13,,,
2019-06-01,3438,228,12,,,
2019-06-02,3439,229,11,,,
2019-06-03,3440,228,11,,,
2019-06-04,3441,229,10,,,
2019-06-05,3442,230,8,,,
2019-06-06,3443,230,8,,,
2019-06-07,3444,231,10,,,
2019-06-08,3445,231,10,,,
2019-06-09,3446,231,10,,,
2019-06-10,3447,231,10,,,
2019-06-11,3448,231,8,,,
2019-06-12,3449,235,4,,,
2019-06-13,3450,236,5,,,
2019-06-14,3451,236,5,,,
2019-06-15,3452,236,3,,,
2019-06-16,3453,236,3,,,
2019-06-17,3454,236,3,,,
2019-06-18,3455,237,,,,
2019-06-19,3456,237,2,,,
2019-06-20,3457,238,2,,,
2019-06-21,3458,237,7,,,
2019-06-22,3459,236,8,,,
2019-06-23,3460,236,8,,,
2019-06-24,3461,234,,9,,
2019-06-25,3462,233,2,9,,
2019-06-26,3463,235,2,10,,
2019-06-27,3464,235,2,8,,
2019-06-28,3465,235,2,8,,
2019-06-29,3466,235,9,,,
2019-06-30,3467,235,9,,,
2019-07-01,3468,236,8,,,
2019-07-02,3469,238,8,,,
2019-07-03,3470,238,8,,,
2019-07-04,3471,238,8,,,
2019-07-05,3472,239,9,,,
2019-07-06,3473,239,10,,,
2019-07-07,3474,239,10,,,
2019-07-08,3475,239,7,,,
2019-07-09,3476,239,6,,,
2019-07-10,3477,241,2,,,
2019-07-11,3478,239,6,,,
2019-07-12,3479,239,7,,,
2019-07-13,3480,239,7,,,
2019-07-14,3481,239,7,,,
2019-07-15,3482,239,4,,,
2019-07-16,3483,239,2,,,
2019-07-17,3484,239,2,,,
2019-07-18,3485,241,2,,,
2019-07-19,3486,239,3,,,
2019-07-20,3487,237,2,,,
2019-07-21,3488,237,2,,,
2019-07-22,3489,237,2,,,
2019-07-23,3490,237,,,5,
2019-07-24,3491,239,,,5,
2019-07-25,3492,239,,,6,
2019-07-26,3493,239,,,7,
2019-07-27,3494,237,,,8,
2019-07-28,3495,237,,,8,
2019-07-29,3496,236,,8,,
2019-07-30,3497,236,,7,,
2019-07-31,3498,237,5,,,
2019-08-01,3499,237,6,,,
2019-08-02,3500,238,6,,,
2019-08-03,3501,238,5,,,
2019-08-04,3502,238,5,,,
2019-08-05,3503,238,4,,,
2019-08-06,3504,238,5,,,
2019-08-07,3505,237,6,,,
2019-08-08,3506,237,8,,,
2019-08-09,3507,236,9,,,
2019-08-10,3508,237,7,,,
2019-08-11,3509,237,7,,,
2019-08-12,3510,238,9,,,
2019-08-13,3511,241,,11,,
2019-08-14,3512,242,8,,,
2019-08-15,3513,242,8,,,
2019-08-16,3514,242,,8,,
2019-08-17,3515,242,,6,,
2019-08-18,3516,242,,6,,
2019-08-19,3517,242,,6,,
2019-08-20,3518,242,,9,,
2019-08-21,3519,242,,6,,
2019-08-22,3520,242,,7,,
2019-08-23,3521,242,,7,,
2019-08-24,3522,242,,7,,
2019-08-25,3523,242,,7,,
2019-08-26,3524,242,,5,,
2019-08-27,3525,243,,6,,
2019-08-28,3526,244,,5,,
2019-08-29,3527,244,,5,,
2019-08-30,3528,244,,4,,
2019-08-31,3529,244,,4,,
2019-09-01,3530,244,,4,,
2019-09-02,3531,244,2,,,
2019-09-03,3532,244,2,,,
2019-09-04,3533,243,2,,,
2019-09-05,3534,245,2,,,
2019-09-06,3535,243,,4,,
2019-09-07,3536,243,,4,,
2019-09-08,3537,243,,3,,
2019-09-09,3538,243,,3,,
2019-09-10,3539,243,2,,,
2019-09-11,3540,242,,3,,
2019-09-12,3541,243,,4,,
2019-09-13,3542,244,,4,,
2019-09-14,3543,245,,3,,
2019-09-15,3544,245,,3,,
2019-09-16,3545,244,2,,,
2019-09-17,3546,246,2,,,
2019-09-18,3547,246,,3,,
2019-09-19,3548,249,,4,,
2019-09-20,3549,249,,4,,
2019-09-21,3550,249,,4,,
2019-09-22,3551,249,,4,,
2019-09-23,3552,248,,5,,
2019-09-24,3553,247,,5,,
2019-09-25,3554,248,,5,,
2019-09-26,3555,249,,3,,
2019-09-27,3556,251,,5,,
2019-09-28,3557,252,,5,,
2019-09-29,3558,252,,5,,
2019-09-30,3559,253,,4,,
2019-10-01,3560,253,,4,,
2019-10-02,3561,254,2,,,
2019-10-03,3562,254,,4,,
2019-10-04,3563,254,,4,,
2019-10-05,3564,254,,4,,
2019-10-06,3565,254,,4,,
2019-10-07,3566,253,2,4,,
2019-10-08,3567,252,2,3,,
2019-10-09,3568,252,2,3,,
2019-10-10,3569,252,2,3,,
2019-10-11,3570,254,,3,,
2019-10-12,3571,254,,3,,
2019-10-13,3572,254,,3,,
2019-10-14,3573,254,,4,,
2019-10-15,3574,255,,5,,
2019-10-16,3575,256,,5,,
2019-10-17,3576,257,,5,,
2019-10-18,3577,257,,6,,
2019-10-19,3578,258,,6,,
2019-10-20,3579,258,,6,,
2019-10-21,3580,256,,7,,
2019-10-22,3581,257,,7,,
2019-10-23,3582,257,,7,,
2019-10-24,3583,258,,5,,
2019-10-25,3584,258,,5,,
2019-10-26,3585,258,,4,,
2019-10-27,3586,258,,4,,
2019-10-28,3587,258,,3,,
2019-10-29,3588,260,2,,,
2019-10-30,3589,260,2,,,
2019-10-31,3590,260,2,,,
2019-11-01,3591,258,2,,,
2019-11-02,3592,258,2,,,
2019-11-03,3593,258,2,,,
2019-11-04,3594,258,2,,,
2019-11-05,3595,258,2,,,
2019-11-06,3596,257,,,,
2019-11-07,3597,254,2,,,
2019-11-08,3598,255,2,,,
2019-11-09,3599,255,2,,,
2019-11-10,3600,255,2,,,
2019-11-11,3601,255,2,,,
2019-11-12,3602,255,,,,
2019-11-13,3603,255,,,,
2019-11-14,3604,255,,,,
2019-11-15,3605,255,,,,
2019-11-16,3606,254,,,,
2019-11-17,3607,254,,,,
2019-11-18,3608,255,,,,
2019-11-19,3609,255,,,,
2019-11-20,3610,255,,,,
2019-11-21,3611,255,3,,,
2019-11-22,3612,255,3,,,
2019-11-23,3613,255,3,,,
2019-11-24,3614,255,3,,,
2019-11-25,3615,255,3,,,
2019-11-26,3616,255,3,,,
2019-11-27,3617,255,2,,,
2019-11-28,3618,258,,,,
2019-11-29,3619,258,,,,
2019-11-30,3620,256,2,,,
2019-12-01,3621,256,2,,,
2019-12-02,3622,256,2,,,
2019-12-03,3623,257,2,,,
2019-12-04,3624,259,2,,,
2019-12-05,3625,258,2,,,
2019-12-06,3626,260,,,,
2019-12-07,3627,260,,,,
2019-12-08,3628,260,,,,
2019-12-09,3629,260,,,,
2019-12-10,3630,261,,,,
2019-12-11,3631,262,,,,
2019-12-12,3632,257,2,,,
2019-12-13,3633,257,3,,,
2019-12-14,3634,258,3,,,
2019-12-15,3635,261,,,,
2019-12-16,3636,262,,,,
2019-12-17,3637,262,,,,
2019-12-18,3638,262,,,,
2019-12-19,3639,272,2,,,
2019-12-20,3640,271,2,,,
2019-12-21,3641,271,2,,,
2019-12-22,3642,271,2,,,
2019-12-23,3643,271,,,,
2019-12-24,3644,271,,,,
2019-12-25,3645,271,,,,
2019-12-26,3646,271,,,,
2019-12-27,3647,271,,,,
2019-12-28,3648,271,,,,
2019-12-29,3649,271,,,,
2019-12-30,3650,271,,,,
2019-12-31,3651,271,,,,
