day_counter,0,1,2,3,4,5
0,,,3,,,
1,,,3,,,
2,,2,3,,,
3,,2,4,,,
4,1,4,4,,,
5,1,4,4,,,
6,3,4,6,,,
7,5,4,5,,,
8,7,4,5,,,
9,7,8,,,,
10,5,9,,,,
11,6,8,,,,
12,7,7,,,,
13,7,6,,,,
14,8,7,,,,
15,8,7,,,,
16,5,13,,,,
17,5,13,,,,
18,5,13,,,,
19,7,13,,,,
20,6,,14,,,
21,10,,14,,,
22,13,,14,,,
23,13,,14,,,
24,12,,17,,,
25,14,16,,,,
26,15,18,,,,
27,15,20,,,,
28,18,17,3,,,
29,19,17,3,,,
30,24,13,3,,,
31,24,13,3,,,
32,24,14,3,,,
33,24,14,3,,,
34,24,14,3,,,
35,22,,24,,,
36,22,5,19,,,
37,22,5,19,,,
38,22,5,20,,,
39,22,7,18,,,
40,19,7,25,,,
41,19,7,26,,,
42,21,7,27,,,
43,21,7,27,,,
44,23,7,27,,,
45,26,28,,,,
46,28,28,,,,
47,28,30,,,,
48,24,11,,25,,
49,,,,,61,
50,1,,,,60,
51,1,,,,60,
52,1,,,,62,
53,2,,,,62,
54,3,,,,64,
55,3,,,,64,
56,3,,,,67,
57,4,,,,67,
58,4,,,,66,
59,4,,,,66,
60,5,,,,66,
61,5,,,,66,
62,6,,,,66,
63,8,,,,68,
64,28,10,,39,,
65,28,12,,38,,
66,31,12,,37,,
67,29,12,,41,,
68,32,9,,42,,
69,33,12,,42,,
70,29,10,,49,,
71,29,10,,49,,
72,27,10,,53,,
73,27,10,,53,,
74,27,10,,54,,
75,30,10,,53,,
76,35,16,,43,,
77,35,16,,43,,
78,35,10,,,52,
79,36,10,,,50,
80,32,8,,,61,
81,32,8,,,61,
82,34,10,,,56,
83,35,10,,,56,
84,35,8,,,63,
85,36,8,,,63,
86,37,8,,,64,
87,38,8,,,63,
88,40,8,,,64,
89,41,13,,58,,
90,42,13,,60,,
91,41,10,,65,,
92,41,10,,65,,
93,41,12,,64,,
94,41,12,4,59,,
95,42,12,4,59,,
96,38,6,,80,,
97,39,6,,80,,
98,43,6,,77,,
99,44,6,,78,,
100,43,6,,87,,
101,44,6,,85,,
102,44,6,,86,,
103,44,6,,86,,
104,44,6,,89,,
105,42,6,,94,,
106,46,6,,92,,
107,46,6,,92,,
108,47,6,,92,,
109,47,6,,92,,
110,50,11,,93,,
111,50,11,,92,,
112,47,15,,92,,
113,48,15,,90,,
114,48,18,,90,,
115,48,18,,90,,
116,48,18,,90,,
117,50,8,11,89,,
118,51,8,11,87,,
119,51,8,11,87,,
120,46,10,11,95,,
121,46,10,11,95,,
122,47,12,11,91,,
123,46,14,11,90,,
124,45,14,11,94,,
125,46,14,11,94,,
126,48,14,11,96,,
127,49,14,11,96,,
128,49,12,11,98,,
129,49,12,11,97,,
130,52,12,11,97,,
131,52,12,11,97,,
132,53,12,,107,,
133,53,10,4,107,,
134,53,10,,112,,
135,53,10,,112,,
136,54,10,,112,,
137,55,12,,108,,
138,56,12,,107,,
139,56,12,,107,,
140,58,8,,114,,
141,58,8,,114,,
142,58,10,4,,108,
143,58,10,4,,108,
144,56,10,4,,112,
145,56,10,4,,112,
146,57,10,4,,112,
147,58,10,4,,113,
148,53,8,4,,,125.0
149,53,8,4,,,125.0
150,53,10,4,,,122.0
151,56,10,14,,,109.0
152,55,10,14,,,112.0
153,58,10,14,,,113.0
154,58,10,14,,,115.0
155,57,10,14,,,117.0
156,56,10,14,,,119.0
157,56,10,14,,,120.0
158,56,10,14,,,120.0
159,55,10,14,,,122.0
160,57,10,14,,,124.0
161,59,10,14,,120,
162,60,12,14,,116,
163,61,12,14,,116,
164,62,12,14,,116,
165,65,12,14,,116,
166,64,12,10,,124,
167,64,12,10,,124,
168,65,13,10,,123,
169,66,13,10,,123,
170,67,13,10,,123,
171,66,13,10,,125,
172,64,6,,,148,
173,64,6,,,148,
174,65,6,,,148,
175,65,8,,,147,
176,66,8,,,151,
177,66,8,,,152,
178,69,8,,,152,
179,71,8,,,150,
180,72,8,,,157,
181,76,8,,,157,
182,76,8,,,157,
183,76,8,,,159,
184,80,15,,,147,
185,81,15,,,147,
186,82,15,,,147,
187,83,20,,,140,
188,82,20,7,,134,
189,83,20,7,,134,
190,84,20,7,,134,
191,84,20,7,,134,
192,84,20,7,,138,
193,84,20,7,,138,
194,86,20,7,,138,
195,87,22,7,,134,
196,88,22,13,,127,
197,90,22,13,,126,
198,90,22,13,,129,
199,90,22,7,,135,
200,92,22,7,,139,
201,94,22,7,,139,
202,96,24,7,,142,
203,95,24,7,,143,
204,97,24,7,,144,
205,96,26,7,,144,
206,95,28,7,,143,
207,98,28,7,,141,
208,97,28,7,,,146.0
209,97,28,7,,,146.0
210,100,28,7,,,148.0
211,101,28,7,,,148.0
212,101,28,7,,,148.0
213,101,28,7,,,148.0
214,102,28,7,,,146.0
215,102,28,7,,,147.0
216,103,29,7,,,147.0
217,103,29,7,,,147.0
218,107,31,19,7,,121.0
219,107,31,19,7,,121.0
220,107,30,18,,,133.0
221,107,30,18,,,133.0
222,85,17,5,,,180.0
223,86,17,5,,,180.0
224,87,17,5,,,182.0
225,86,14,3,,,188.0
226,86,14,3,,,188.0
227,87,14,3,,,187.0
228,89,16,3,,,188.0
229,89,16,3,,,188.0
230,85,18,3,,,194.0
231,85,18,3,,,195.0
232,85,18,3,,,195.0
233,85,18,3,,,194.0
234,85,16,3,,,199.0
235,85,16,3,,,200.0
236,82,16,3,,,206.0
237,82,16,3,,,206.0
238,103,34,10,,,161.0
239,103,34,10,,,161.0
240,105,34,10,,,159.0
241,105,34,10,,,159.0
242,104,36,10,,,159.0
243,104,36,10,,,159.0
244,104,36,10,,,160.0
245,107,39,10,,,154.0
246,108,39,10,,,154.0
247,108,39,10,,,154.0
248,109,39,10,,,158.0
249,111,39,10,,,159.0
250,113,39,10,,,158.0
251,115,44,10,,,150.0
252,116,44,10,,,150.0
253,116,44,10,,,149.0
254,119,44,10,,,150.0
255,118,44,10,,,152.0
256,119,44,10,,149,
257,120,44,10,,149,
258,121,48,10,,144,
259,116,39,10,,160,
260,116,39,10,,163,
261,116,39,10,,164,
262,115,39,10,,169,
263,116,39,10,,170,
264,116,39,10,,169,
265,117,39,10,,169,
266,120,39,10,,164,
267,120,41,10,,165,
268,118,39,10,,171,
269,118,39,10,,169,
270,119,37,10,,171,
271,119,37,10,,171,
272,120,44,10,,165,
273,121,44,10,,165,
274,122,44,10,,166,
275,122,44,10,,165,
276,123,44,10,,167,
277,124,44,10,,168,
278,126,44,10,,168,
279,127,44,10,,170,
280,129,40,10,,174,
281,130,45,10,,168,
282,132,45,10,,168,
283,133,47,10,,164,
284,133,48,10,,167,
285,127,43,7,,182,
286,128,47,16,,168,
287,128,47,16,,170,
288,129,47,16,,173,
289,129,47,16,,173,
290,130,47,16,,173,
291,130,47,16,,173,
292,133,47,16,,171,
293,137,47,23,,159,
294,136,49,23,,160,
295,136,53,23,22,133,
296,137,53,23,22,131,
297,137,49,16,,166,
298,138,49,16,,164,
299,139,49,16,,6,159.0
300,142,49,23,,6,151.0
301,143,49,23,,6,151.0
302,143,47,16,,,168.0
303,144,47,16,,,168.0
304,140,44,13,,,179.0
305,142,46,20,14,,156.0
306,146,46,20,14,,157.0
307,149,46,20,14,,157.0
308,152,46,20,14,,157.0
309,153,46,20,14,,157.0
310,153,46,21,14,,157.0
311,153,46,21,14,,157.0
312,157,50,25,14,6,137.0
313,157,50,25,14,6,137.0
314,162,50,25,14,6,134.0
315,166,52,21,15,6,130.0
316,167,52,21,15,6,130.0
317,167,52,21,33,116,
318,167,52,21,33,116,
319,169,52,29,33,106,
320,169,47,32,33,116,
321,170,47,32,33,116,
322,168,47,32,15,137,
323,169,47,39,15,128,
324,166,43,35,15,142,
325,166,43,35,15,141,
326,166,43,35,15,141,
327,165,45,35,15,141,
328,167,45,35,15,140,
329,168,45,35,15,140,
330,164,41,35,,164,
331,164,41,35,,164,
332,165,41,35,,165,
333,166,41,35,157,6,
334,169,41,35,158,6,
335,171,41,38,153,6,
336,173,41,38,153,6,
337,174,45,38,147,6,
338,174,45,38,148,6,
339,171,45,30,161,6,
340,171,45,30,161,6,
341,172,45,30,161,6,
342,174,45,30,161,6,
343,174,45,30,161,6,
344,178,35,39,,166,
345,178,35,39,,167,
346,178,41,48,,152,
347,178,41,49,,152,
348,175,41,41,,164,
349,176,41,41,,164,
350,176,41,41,,164,
351,176,41,41,,165,
352,174,41,35,,176,
353,174,41,35,,176,
354,177,41,35,,175,
355,177,41,35,,175,
356,177,41,35,,175,
357,177,41,35,,176,
358,179,41,35,,177,
359,179,41,35,,178,
360,180,41,35,,182,
361,180,41,35,,183,
362,180,43,35,,182,
363,180,43,35,,182,
364,185,47,35,,172,
365,185,47,35,,171,
366,187,49,40,,163,
367,187,49,40,,163,
368,189,49,40,,163,
369,189,49,40,,163,
370,191,51,40,20,138,
371,191,51,40,20,138,
372,191,51,40,20,138,
373,192,53,40,20,134,
374,192,53,40,20,134,
375,186,54,40,154,6,
376,187,59,33,155,6,
377,188,59,36,150,6,
378,183,57,36,158,6,
379,183,57,36,158,6,
380,184,57,36,159,6,
381,184,57,36,159,6,
382,184,57,36,159,6,
383,185,62,36,152,6,
384,183,62,36,155,6,
385,184,62,36,155,6,
386,184,62,36,155,6,
387,184,71,36,145,6,
388,182,68,36,152,6,
389,182,68,36,152,6,
390,182,68,36,152,6,
391,182,68,36,152,6,
392,182,65,36,158,6,
393,186,65,36,153,6,
394,188,65,36,153,6,
395,197,61,39,142,6,
396,198,61,39,142,6,
397,198,61,38,142,6,
398,199,61,38,142,6,
399,199,61,38,142,6,
400,200,61,38,143,6,
401,200,61,38,143,6,
402,200,61,38,143,6,
403,200,61,38,143,6,
404,198,61,38,148,6,
405,198,61,38,147,6,
406,198,61,38,147,6,
407,198,61,38,147,6,
408,196,63,38,150,6,
409,198,69,38,141,6,
410,199,69,38,142,6,
411,199,69,38,141,6,
412,200,69,38,142,6,
413,200,69,38,142,6,
414,200,69,38,143,6,
415,200,73,38,138,6,
416,201,71,38,142,6,
417,201,71,38,142,6,
418,201,71,38,142,6,
419,201,71,38,142,6,
420,193,73,26,,,171.0
421,195,70,26,,,171.0
422,195,70,26,,,170.0
423,193,74,26,,,170.0
424,190,72,33,,,170.0
425,190,72,33,,,170.0
426,190,72,34,,,170.0
427,190,72,34,,,170.0
428,190,72,34,,,170.0
429,190,72,34,,,170.0
430,191,72,35,,,170.0
431,200,77,43,141,6,
432,204,80,43,135,6,
433,204,80,43,135,6,
434,204,80,43,134,6,
435,204,80,43,134,6,
436,204,80,43,133,6,
437,204,80,43,133,6,
438,205,80,43,132,6,
439,205,80,43,131,6,
440,203,80,23,158,6,
441,205,80,23,158,6,
442,205,82,23,155,6,
443,205,82,23,155,6,
444,207,88,26,144,6,
445,207,88,26,144,6,
446,207,88,26,144,6,
447,207,88,41,128,6,
448,207,88,41,128,6,
449,207,88,41,128,6,
450,204,88,41,135,6,
451,204,88,41,135,6,
452,202,86,37,144,6,
453,202,86,37,144,6,
454,202,86,37,144,6,
455,202,86,37,144,6,
456,203,86,42,140,6,
457,203,86,42,140,6,
458,203,86,41,141,6,
459,204,91,41,134,6,
460,200,89,41,143,6,
461,200,89,41,143,6,
462,200,89,41,145,6,
463,200,89,41,145,6,
464,199,87,41,150,6,
465,199,87,41,150,6,
466,201,91,41,146,6,
467,202,91,41,144,6,
468,200,90,41,147,6,
469,200,90,41,148,6,
470,200,95,41,141,6,
471,200,95,41,141,6,
472,202,95,41,143,6,
473,202,95,41,143,6,
474,203,95,41,144,6,
475,203,95,41,144,6,
476,188,87,33,177,6,
477,189,87,33,177,6,
478,190,87,33,179,6,
479,190,87,33,179,6,
480,195,93,36,163,6,
481,195,93,36,163,6,
482,196,93,36,162,6,
483,197,93,36,162,6,
484,198,93,36,162,6,
485,198,93,36,162,6,
486,199,93,36,162,6,
487,199,93,36,162,6,
488,205,99,36,153,6,
489,206,101,36,148,6,
490,209,101,36,150,6,
491,209,101,36,150,6,
492,213,101,45,137,6,
493,213,101,45,137,6,
494,214,101,45,137,6,
495,215,101,45,135,6,
496,215,101,45,138,6,
497,216,101,45,136,6,
498,217,99,45,140,6,
499,217,99,45,140,6,
500,218,99,45,138,6,
501,218,99,45,138,6,
502,216,99,41,146,6,
503,216,99,41,146,6,
504,217,99,41,147,6,
505,220,101,41,143,6,
506,221,101,41,142,6,
507,221,103,41,139,6,
508,220,105,41,139,6,
509,220,105,47,132,6,
510,221,105,47,134,6,
511,220,105,38,144,6,
512,223,105,35,144,6,
513,225,105,35,144,6,
514,225,105,35,145,6,
515,226,105,35,144,6,
516,226,105,35,144,6,
517,227,111,35,136,6,
518,230,111,45,123,6,
519,230,111,45,123,6,
520,223,109,33,145,6,
521,223,109,33,145,6,
522,225,109,33,146,6,
523,225,109,33,145,6,
524,225,109,33,145,6,
525,225,109,33,146,6,
526,228,109,33,144,6,
527,228,111,33,141,6,
528,229,111,24,150,6,
529,229,111,24,149,6,
530,235,113,52,113,6,
531,232,109,36,138,6,
532,233,109,36,138,6,
533,233,111,33,138,6,
534,234,109,36,137,6,
535,234,109,36,136,6,
536,233,109,36,140,6,
537,234,112,36,,142,
538,234,112,36,,142,
539,235,112,53,,123,
540,234,92,87,,123,
541,234,92,87,,123,
542,234,92,88,,123,
543,235,92,87,,123,
544,234,98,33,103,72,
545,234,98,33,103,72,
546,234,99,39,,170,
547,235,104,39,102,61,
548,236,104,85,103,13,
549,236,104,85,103,13,
550,236,104,85,104,13,
551,236,104,85,104,13,
552,235,96,39,,179,
553,235,96,39,,178,
554,235,96,63,,153,
555,235,96,63,,152,
556,237,98,60,,153,
557,237,98,60,,153,
558,238,98,60,,153,
559,238,98,60,,153,
560,237,90,60,,173,
561,237,90,60,166,6,
562,237,90,60,166,6,
563,237,90,60,166,6,
564,238,90,60,164,6,
565,238,90,59,165,6,
566,238,90,59,165,6,
567,239,98,64,150,6,
568,240,98,64,150,6,
569,240,98,64,149,6,
570,236,96,57,172,6,
571,236,96,57,171,6,
572,236,96,57,171,6,
573,236,96,57,171,6,
574,237,94,57,169,6,
575,237,94,57,168,6,
576,236,100,57,169,6,
577,236,100,57,168,6,
578,236,100,57,166,6,
579,236,100,57,166,6,
580,235,99,57,172,6,
581,237,99,61,163,6,
582,241,103,67,150,6,
583,241,103,67,150,6,
584,241,103,67,150,6,
585,241,103,67,150,6,
586,241,103,67,149,6,
587,241,103,67,149,6,
588,240,101,67,155,6,
589,241,103,67,150,6,
590,242,103,67,149,6,
591,242,103,67,149,6,
592,238,101,66,159,6,
593,238,101,66,159,6,
594,240,102,60,167,6,
595,240,102,60,167,6,
596,240,102,60,167,6,
597,240,102,60,167,6,
598,242,102,90,132,6,
599,242,102,90,132,6,
600,245,102,91,129,6,
601,245,102,91,129,6,
602,247,102,89,129,6,
603,247,102,89,130,6,
604,247,106,84,130,6,
605,247,106,84,130,6,
606,247,106,102,111,6,
607,248,114,92,111,6,
608,249,127,83,104,6,
609,249,127,83,104,6,
610,249,129,83,104,6,
611,250,129,83,102,6,
612,251,129,83,102,6,
613,251,129,83,102,6,
614,251,131,82,102,6,
615,251,131,82,102,6,
616,248,118,76,125,6,
617,248,118,76,125,6,
618,248,118,76,125,6,
619,248,118,76,125,6,
620,248,122,71,125,6,
621,249,122,71,128,,
622,250,122,71,128,,
623,250,122,71,128,,
624,249,126,62,133,,
625,249,126,62,133,,
626,249,126,62,134,,
627,249,126,62,134,,
628,250,126,62,133,,
629,250,126,62,133,,
630,249,128,62,18,118,
631,249,128,62,18,118,
632,250,128,62,18,118,
633,250,128,61,18,118,
634,253,136,61,37,87,
635,258,132,61,44,76,
636,259,131,65,44,76,
637,251,127,48,73,76,
638,253,127,48,73,72,
639,253,127,48,74,72,
640,255,127,48,130,17,
641,255,127,48,130,17,
642,256,127,48,130,17,
643,256,127,48,130,17,
644,256,127,48,130,17,
645,256,127,48,130,17,
646,258,127,54,137,,
647,260,127,63,125,,
648,260,135,54,131,,
649,260,135,54,131,,
650,262,148,54,115,,
651,262,148,54,115,,
652,262,145,54,120,,
653,262,145,54,120,,
654,262,145,54,120,,
655,264,142,54,120,,
656,265,142,54,121,,
657,267,144,49,121,,
658,267,144,49,121,,
659,269,141,49,121,,
660,268,140,49,128,,
661,268,140,49,128,,
662,269,140,49,128,,
663,269,140,49,127,,
664,270,142,69,104,,
665,264,140,69,113,,
666,265,140,67,113,,
667,265,140,71,108,,
668,266,140,71,108,,
669,266,140,71,108,,
670,267,144,67,105,,
671,267,144,67,105,,
672,266,146,62,112,,
673,266,146,62,112,,
674,266,146,62,112,,
675,269,148,60,110,,
676,273,155,60,99,,
677,273,155,60,99,,
678,274,157,60,97,,
679,274,157,60,97,,
680,275,157,60,98,,
681,271,144,46,130,,
682,273,144,46,130,,
683,273,144,46,130,,
684,274,144,46,132,,
685,275,144,46,131,,
686,278,144,46,131,,
687,280,147,46,123,,
688,279,145,46,128,,
689,279,145,46,128,,
690,280,145,46,128,,
691,280,145,46,128,,
692,280,140,42,139,,
693,280,140,42,138,,
694,280,140,42,138,,
695,280,140,42,137,,
696,280,140,42,139,,
697,280,140,42,139,,
698,285,155,52,107,,
699,285,155,64,94,,
700,286,156,64,94,,
701,286,156,63,94,,
702,287,156,90,65,,
703,287,156,90,65,,
704,286,147,83,84,,
705,286,147,83,84,,
706,288,164,63,84,,
707,288,164,63,84,,
708,291,166,60,84,,
709,291,166,60,84,,
710,288,165,50,71,31,
711,286,166,45,71,37,
712,288,166,45,71,37,
713,288,166,45,71,37,
714,288,166,45,71,38,
715,289,166,45,71,38,
716,290,166,45,71,39,
717,291,173,52,55,39,
718,293,175,52,52,37,
719,293,175,52,52,37,
720,289,165,52,52,56,
721,291,165,49,52,56,
722,292,165,52,52,51,
723,292,165,52,52,50,
724,292,165,52,52,50,
725,292,165,57,46,50,
726,294,176,82,57,,
727,294,176,82,57,,
728,294,176,82,57,,
729,295,176,80,57,,
730,294,174,86,57,,
731,294,183,86,47,,
732,300,195,71,44,,
733,300,195,71,44,,
734,300,195,71,44,,
735,303,195,71,44,,
736,304,193,71,44,,
737,304,193,71,44,,
738,303,195,71,44,,
739,303,200,65,44,,
740,303,206,64,38,,
741,303,206,64,38,,
742,303,206,64,38,,
743,304,207,60,38,,
744,304,207,60,38,,
745,308,202,60,38,,
746,308,202,60,38,,
747,308,204,60,35,,
748,308,204,64,30,,
749,308,204,75,18,,
750,307,200,84,18,,
751,308,198,84,18,,
752,308,198,84,18,,
753,308,197,84,18,,
754,310,198,79,18,,
755,311,201,74,18,,
756,313,195,77,18,,
757,313,195,76,18,,
758,313,195,76,18,,
759,313,195,76,18,,
760,305,188,76,35,,
761,306,186,76,35,,
762,294,177,52,81,,
763,294,177,59,73,,
764,295,174,59,73,,
765,295,174,59,73,,
766,295,173,58,73,,
767,295,173,58,73,,
768,295,168,58,79,,
769,295,168,58,79,,
770,295,168,58,80,,
771,295,176,49,80,,
772,296,176,49,80,,
773,296,176,49,80,,
774,296,176,49,80,,
775,313,192,78,17,,
776,312,183,68,42,,
777,310,174,66,55,,
778,313,183,53,55,,
779,313,183,53,55,,
780,313,183,58,53,,
781,313,183,58,53,,
782,313,183,58,53,,
783,313,183,58,53,,
784,314,185,55,53,,
785,314,185,55,53,,
786,316,199,55,35,,
787,316,199,55,35,,
788,317,179,74,35,,
789,318,177,74,35,,
790,319,182,91,11,,
791,319,186,86,11,,
792,324,181,86,11,,
793,324,181,86,11,,
794,325,179,86,11,,
795,325,176,82,19,,
796,325,176,82,18,,
797,325,176,82,18,,
798,327,176,82,18,,
799,329,173,82,18,,
800,329,173,82,18,,
801,330,173,82,18,,
802,333,176,87,5,,
803,333,176,87,5,,
804,330,169,96,5,,
805,330,169,96,5,,
806,332,181,80,5,,
807,332,181,80,5,,
808,334,177,79,5,,
809,335,175,78,5,,
810,315,161,115,5,,
811,316,159,115,5,,
812,313,152,128,5,,
813,313,154,127,5,,
814,313,154,127,5,,
815,312,156,127,5,,
816,307,152,139,5,,
817,307,152,139,5,,
818,307,152,139,5,,
819,311,159,127,5,,
820,314,159,127,5,,
821,318,173,108,5,,
822,332,196,68,5,,
823,332,196,68,5,,
824,330,199,68,5,,
825,330,198,68,5,,
826,330,178,89,5,,
827,331,176,89,5,,
828,330,185,75,15,,
829,330,185,75,15,,
830,330,185,75,15,,
831,330,185,75,15,,
832,330,185,75,15,,
833,330,185,75,15,,
834,330,185,75,15,,
835,330,185,75,15,,
836,331,185,73,15,,
837,333,187,73,15,,
838,333,187,73,15,,
839,337,194,60,15,,
840,334,190,68,15,,
841,334,190,68,15,,
842,334,190,68,15,,
843,334,195,72,5,,
844,334,195,72,5,,
845,335,193,72,5,,
846,335,188,79,5,,
847,338,184,77,5,,
848,339,184,77,5,,
849,340,185,73,5,,
850,337,189,73,5,,
851,338,187,73,5,,
852,333,185,85,5,,
853,333,184,85,5,,
854,334,184,85,5,,
855,331,182,90,5,,
856,333,182,90,5,,
857,333,182,90,5,,
858,333,182,90,5,,
859,333,182,90,5,,
860,333,182,90,5,,
861,334,180,90,5,,
862,336,180,87,5,,
863,338,180,84,5,,
864,336,184,84,5,,
865,337,182,84,5,,
866,337,182,84,5,,
867,342,200,61,5,,
868,333,184,48,49,,
869,333,184,48,49,,
870,334,183,48,49,,
871,334,183,58,38,,
872,335,191,48,40,,
873,335,191,48,42,,
874,335,191,48,42,,
875,332,185,48,53,,
876,325,166,43,91,,
877,325,166,43,91,,
878,325,166,43,90,,
879,328,166,43,88,,
880,330,166,43,90,,
881,331,164,43,89,,
882,331,164,43,89,,
883,331,164,43,89,,
884,331,162,43,94,,
885,336,170,43,81,,
886,336,170,43,81,,
887,337,172,43,76,,
888,338,172,43,76,,
889,338,172,43,76,,
890,339,172,43,76,,
891,339,176,43,71,,
892,339,176,43,72,,
893,339,176,43,72,,
894,336,176,43,77,,
895,336,176,43,77,,
896,338,176,43,78,,
897,338,176,43,78,,
898,338,176,43,78,,
899,338,176,43,77,,
900,339,173,43,81,,
901,339,199,43,54,,
902,339,199,43,54,,
903,339,199,43,54,,
904,343,196,43,54,,
905,345,202,43,45,,
906,346,202,43,45,,
907,347,208,52,28,,
908,347,208,52,28,,
909,347,208,52,28,,
910,346,211,52,28,,
911,346,211,52,28,,
912,340,204,57,41,,
913,343,204,57,37,,
914,343,203,57,37,,
915,343,202,57,37,,
916,344,213,77,5,,
917,339,208,87,5,,
918,339,208,87,5,,
919,339,208,87,5,,
920,342,199,95,5,,
921,343,199,95,5,,
922,343,199,95,5,,
923,343,199,95,5,,
924,345,201,93,5,,
925,346,199,94,5,,
926,347,204,87,5,,
927,348,202,87,5,,
928,348,202,87,5,,
929,348,202,87,5,,
930,349,200,88,5,,
931,341,186,53,63,,
932,344,194,64,42,,
933,344,194,64,42,,
934,344,198,59,42,,
935,344,201,55,42,,
936,347,199,55,48,,
937,347,199,55,48,,
938,349,196,55,48,,
939,349,196,55,51,,
940,348,195,47,61,,
941,348,195,47,61,,
942,348,195,47,61,,
943,349,201,47,53,,
944,350,201,47,52,,
945,352,201,47,52,,
946,352,201,47,51,,
947,352,201,47,50,,
948,352,201,47,50,,
949,352,201,47,50,,
950,352,201,47,51,,
951,352,201,47,50,,
952,350,199,47,55,,
953,350,199,47,55,,
954,346,197,43,67,,
955,348,197,48,60,,
956,349,197,48,60,,
957,351,207,77,18,,
958,351,207,77,18,,
959,351,207,77,18,,
960,353,204,83,18,,
961,353,209,83,12,,
962,353,209,83,12,,
963,353,209,82,12,,
964,353,209,82,12,,
965,353,220,69,12,,
966,352,217,75,12,,
967,352,217,75,12,,
968,353,217,76,12,,
969,353,217,76,12,,
970,353,217,76,12,,
971,353,217,76,12,,
972,359,214,79,5,,
973,360,214,79,5,,
974,363,210,78,5,,
975,363,210,78,5,,
976,363,207,81,5,,
977,363,211,76,5,,
978,364,204,83,5,,
979,364,204,83,5,,
980,365,204,83,5,,
981,365,204,82,5,,
982,365,207,78,5,,
983,366,205,78,5,,
984,365,199,87,5,,
985,365,204,81,5,,
986,369,209,70,5,,
987,367,209,74,5,,
988,368,207,74,5,,
989,368,207,74,5,,
990,367,210,74,5,,
991,367,210,74,5,,
992,363,202,88,5,,
993,355,195,106,5,,
994,355,195,106,5,,
995,355,195,106,5,,
996,355,195,108,5,,
997,355,198,104,5,,
998,355,198,104,5,,
999,355,198,105,5,,
1000,359,198,103,5,,
1001,359,198,102,5,,
1002,359,198,104,5,,
1003,361,198,101,5,,
1004,361,202,96,5,,
1005,362,205,92,5,,
1006,362,205,92,5,,
1007,362,205,92,5,,
1008,353,198,44,71,,
1009,353,198,44,71,,
1010,353,198,44,71,,
1011,353,201,44,66,,
1012,354,201,44,64,,
1013,354,201,44,64,,
1014,354,201,44,64,,
1015,355,210,33,64,,
1016,355,210,33,63,,
1017,355,210,33,63,,
1018,355,210,33,63,,
1019,355,210,33,62,,
1020,354,212,33,65,,
1021,358,214,46,44,,
1022,367,237,52,5,,
1023,370,232,52,5,,
1024,363,218,75,5,,
1025,363,219,72,5,,
1026,363,219,72,5,,
1027,364,217,72,5,,
1028,364,217,72,5,,
1029,360,202,91,5,,
1030,361,205,87,5,,
1031,362,203,87,5,,
1032,363,203,87,5,,
1033,364,201,87,5,,
1034,364,201,87,5,,
1035,364,200,87,5,,
1036,367,235,49,5,,
1037,367,235,49,5,,
1038,367,209,76,5,,
1039,367,214,70,5,,
1040,372,226,52,5,,
1041,367,226,58,5,,
1042,368,224,58,5,,
1043,368,224,61,,,
1044,368,224,61,,,
1045,369,221,61,,,
1046,369,221,61,,,
1047,371,217,61,,,
1048,371,218,62,,,
1049,372,216,62,,,
1050,369,216,41,27,,
1051,369,216,41,27,,
1052,376,213,41,21,,
1053,376,213,41,21,,
1054,376,212,41,21,,
1055,376,212,41,21,,
1056,370,200,40,45,,
1057,371,200,40,44,,
1058,371,200,40,44,,
1059,371,200,40,43,,
1060,373,200,40,43,,
1061,375,200,69,11,,
1062,375,200,71,11,,
1063,375,200,71,11,,
1064,375,200,71,11,,
1065,367,196,89,11,,
1066,367,196,89,11,,
1067,368,198,85,11,,
1068,369,198,83,11,,
1069,369,200,80,11,,
1070,369,200,80,11,,
1071,369,200,80,11,,
1072,370,200,80,11,,
1073,370,200,79,11,,
1074,374,204,70,11,,
1075,374,206,67,11,,
1076,375,206,66,11,,
1077,375,206,66,11,,
1078,375,206,65,11,,
1079,376,208,65,7,,
1080,376,206,70,7,,
1081,376,206,68,7,,
1082,376,206,68,7,,
1083,376,206,66,7,,
1084,379,228,40,7,,
1085,378,231,40,7,,
1086,377,219,54,7,,
1087,379,216,54,7,,
1088,379,216,54,7,,
1089,381,216,58,,,
1090,383,214,61,,,
1091,385,211,61,,,
1092,387,213,56,,,
1093,388,211,56,,,
1094,388,211,56,,,
1095,388,211,57,,,
1096,390,207,57,,,
1097,390,207,57,,,
1098,384,180,93,,,
1099,385,178,93,,,
1100,387,176,93,,,
1101,387,176,93,,,
1102,387,176,93,,,
1103,388,180,87,,,
1104,389,180,87,,,
1105,391,177,87,,,
1106,391,183,80,,,
1107,392,181,80,,,
1108,392,181,80,,,
1109,392,181,79,,,
1110,399,208,44,,,
1111,400,206,44,,,
1112,400,209,40,,,
1113,401,209,40,,,
1114,401,209,40,,,
1115,401,209,40,,,
1116,401,211,40,,,
1117,401,211,40,,,
1118,401,211,40,,,
1119,401,211,40,,,
1120,401,211,41,,,
1121,404,205,41,,,
1122,404,205,41,,,
1123,405,202,41,,,
1124,405,200,41,,,
1125,402,176,69,,,
1126,402,176,69,,,
1127,404,173,70,,,
1128,404,173,71,,,
1129,404,173,70,,,
1130,403,173,74,,,
1131,404,171,73,,,
1132,404,171,73,,,
1133,404,171,73,,,
1134,402,171,75,,,
1135,403,169,74,,,
1136,401,167,79,,,
1137,401,167,78,,,
1138,403,191,51,,,
1139,403,191,51,,,
1140,402,184,62,,,
1141,402,187,58,,,
1142,403,185,58,,,
1143,403,185,58,,,
1144,403,184,58,,,
1145,403,184,58,,,
1146,399,182,65,,,
1147,399,182,65,,,
1148,401,179,65,,,
1149,402,189,52,,,
1150,404,200,38,,,
1151,405,198,38,,,
1152,402,204,38,,,
1153,403,202,38,,,
1154,403,202,38,,,
1155,403,201,38,,,
1156,403,201,38,,,
1157,405,197,38,,,
1158,409,192,38,,,
1159,410,190,38,,,
1160,410,190,38,,,
1161,410,189,38,,,
1162,410,189,38,,,
1163,412,191,33,,,
1164,412,191,33,,,
1165,413,189,33,,,
1166,413,189,33,,,
1167,413,189,33,,,
1168,417,184,33,,,
1169,417,184,33,,,
1170,416,186,33,,,
1171,416,186,33,,,
1172,418,183,32,,,
1173,420,180,32,,,
1174,420,180,32,,,
1175,423,175,32,,,
1176,422,172,41,,,
1177,425,167,40,,,
1178,425,167,40,,,
1179,426,165,40,,,
1180,426,165,40,,,
1181,426,167,37,,,
1182,426,167,37,,,
1183,426,167,37,,,
1184,427,165,37,,,
1185,429,162,37,,,
1186,429,162,37,,,
1187,430,164,33,,,
1188,425,172,33,,,
1189,425,172,33,,,
1190,427,173,33,,,
1191,427,180,25,,,
1192,428,180,25,,,
1193,428,180,25,,,
1194,429,178,25,,,
1195,425,173,22,12,,
1196,425,176,18,12,,
1197,426,174,18,12,,
1198,426,174,18,12,,
1199,426,174,18,12,,
1200,427,170,15,17,,
1201,427,170,15,17,,
1202,427,170,15,17,,
1203,427,172,12,17,,
1204,427,172,12,17,,
1205,427,172,12,17,,
1206,432,165,12,17,,
1207,432,165,12,17,,
1208,432,168,8,18,,
1209,432,168,8,18,,
1210,432,168,8,18,,
1211,432,168,8,18,,
1212,432,166,8,22,,
1213,432,165,8,22,,
1214,432,165,8,22,,
1215,432,165,8,22,,
1216,429,146,33,18,,
1217,429,153,33,10,,
1218,431,151,35,10,,
1219,431,151,33,10,,
1220,432,156,36,,,
1221,432,155,36,,,
1222,432,155,36,,,
1223,434,151,36,,,
1224,432,149,41,,,
1225,433,147,40,,,
1226,434,145,40,,,
1227,434,145,40,,,
1228,435,143,40,,,
1229,435,143,40,,,
1230,432,139,49,,,
1231,432,139,49,,,
1232,432,139,49,,,
1233,437,156,24,,,
1234,437,156,24,,,
1235,441,149,24,,,
1236,424,143,48,,,
1237,425,141,48,,,
1238,425,141,48,,,
1239,425,141,48,,,
1240,419,137,59,,,
1241,419,137,59,,,
1242,420,137,60,,,
1243,420,139,57,,,
1244,422,139,54,,,
1245,423,137,54,,,
1246,426,136,50,,,
1247,427,134,50,,,
1248,426,137,50,,,
1249,426,137,50,,,
1250,417,127,70,,,
1251,434,136,44,,,
1252,434,136,44,,,
1253,434,136,45,,,
1254,434,136,47,,,
1255,438,131,48,,,
1256,438,131,48,,,
1257,439,129,48,,,
1258,439,129,48,,,
1259,443,160,11,,,
1260,443,133,42,,,
1261,443,133,41,,,
1262,447,153,16,,,
1263,447,153,16,,,
1264,451,142,21,,,
1265,451,142,21,,,
1266,453,145,15,,,
1267,453,145,15,,,
1268,455,149,8,,,
1269,455,149,8,,,
1270,454,150,8,,,
1271,454,150,8,,,
1272,448,157,8,,,
1273,452,152,8,,,
1274,454,149,8,,,
1275,455,147,8,,,
1276,456,145,8,,,
1277,456,144,8,,,
1278,455,145,8,,,
1279,457,142,8,,,
1280,455,146,8,,,
1281,456,142,11,,,
1282,456,142,11,,,
1283,456,144,8,,,
1284,456,144,8,,,
1285,457,142,8,,,
1286,458,145,3,,,
1287,450,158,3,,,
1288,450,158,3,,,
1289,456,151,3,,,
1290,457,151,3,,,
1291,458,149,3,,,
1292,462,143,3,,,
1293,462,145,,,,
1294,462,145,,,,
1295,464,142,,,,
1296,450,117,42,,,
1297,450,117,42,,,
1298,450,117,42,,,
1299,450,117,40,,,
1300,456,116,36,,,
1301,456,116,36,,,
1302,448,116,52,,,
1303,448,116,52,,,
1304,448,116,53,,,
1305,448,116,53,,,
1306,448,116,53,,,
1307,448,116,53,,,
1308,448,114,58,,,
1309,449,112,58,,,
1310,451,116,53,,,
1311,452,116,51,,,
1312,451,116,54,,,
1313,451,116,53,,,
1314,450,114,57,,,
1315,452,119,50,,,
1316,453,119,51,,,
1317,453,119,51,,,
1318,453,119,51,,,
1319,453,119,51,,,
1320,455,119,50,,,
1321,459,125,38,,,
1322,460,125,36,,,
1323,459,125,38,,,
1324,457,121,46,,,
1325,457,123,42,,,
1326,457,123,42,,,
1327,457,123,42,,,
1328,457,123,42,,,
1329,457,123,42,,,
1330,457,123,41,,,
1331,457,123,41,,,
1332,458,123,41,,,
1333,458,123,41,,,
1334,460,128,33,,,
1335,460,128,33,,,
1336,462,125,33,,,
1337,462,125,33,,,
1338,454,116,56,,,
1339,454,116,56,,,
1340,454,116,56,,,
1341,454,116,56,,,
1342,455,121,49,,,
1343,458,117,49,,,
1344,460,119,46,,,
1345,462,125,36,,,
1346,462,125,36,,,
1347,462,125,36,,,
1348,462,125,36,,,
1349,462,125,35,,,
1350,466,125,37,,,
1351,466,125,37,,,
1352,468,129,29,,,
1353,468,129,29,,,
1354,468,128,29,,,
1355,468,128,27,,,
1356,470,142,12,,,
1357,470,141,12,,,
1358,470,140,12,,,
1359,472,138,11,,,
1360,469,134,20,,,
1361,471,131,20,,,
1362,471,131,22,,,
1363,472,129,22,,,
1364,473,127,22,,,
1365,475,124,22,,,
1366,475,124,21,,,
1367,479,123,16,,,
1368,471,133,16,,,
1369,474,128,15,,,
1370,474,128,15,,,
1371,474,128,15,,,
1372,473,130,15,,,
1373,476,136,5,,,
1374,477,141,,,,
1375,478,139,,,,
1376,478,139,,,,
1377,479,137,,,,
1378,479,137,,,,
1379,480,134,,,,
1380,476,140,,,,
1381,478,136,,,,
1382,479,134,,,,
1383,479,134,,,,
1384,479,135,,,,
1385,479,135,,,,
1386,481,132,,,,
1387,481,132,,,,
1388,481,132,,,,
1389,481,132,,,,
1390,483,130,,,,
1391,483,130,,,,
1392,477,115,24,,,
1393,477,115,24,,,
1394,477,114,24,,,
1395,477,114,24,,,
1396,483,117,14,,,
1397,483,117,14,,,
1398,480,120,13,,,
1399,480,120,13,,,
1400,464,137,13,,,
1401,464,137,13,,,
1402,464,137,13,,,
1403,471,141,,,,
1404,472,141,,,,
1405,473,139,,,,
1406,473,139,,,,
1407,473,139,,,,
1408,474,139,,,,
1409,474,139,,,,
1410,473,141,,,,
1411,491,121,,,,
1412,493,118,,,,
1413,493,117,,,,
1414,495,115,,,,
1415,495,115,,,,
1416,488,106,17,,,
1417,488,106,17,,,
1418,492,100,17,,,
1419,492,100,17,,,
1420,492,99,19,,,
1421,492,99,19,,,
1422,492,99,20,,,
1423,492,99,19,,,
1424,492,99,19,,,
1425,492,99,19,,,
1426,493,97,19,,,
1427,493,97,19,,,
1428,493,97,19,,,
1429,494,97,17,,,
1430,497,95,17,,,
1431,497,95,17,,,
1432,497,95,17,,,
1433,498,93,17,,,
1434,487,91,32,,,
1435,488,89,31,,,
1436,488,89,31,,,
1437,488,89,31,,,
1438,494,97,16,,,
1439,494,97,16,,,
1440,497,95,16,,,
1441,497,95,16,,,
1442,498,93,16,,,
1443,498,93,16,,,
1444,499,91,16,,,
1445,500,91,16,,,
1446,511,94,,,,
1447,511,94,,,,
1448,511,94,,,,
1449,514,89,,,,
1450,515,87,,,,
1451,515,87,,,,
1452,516,87,,,,
1453,519,82,,,,
1454,519,82,,,,
1455,519,82,,,,
1456,520,82,,,,
1457,521,80,,,,
1458,525,73,,,,
1459,525,73,,,,
1460,525,75,,,,
1461,525,75,,,,
1462,525,75,,,,
1463,526,73,,,,
1464,526,73,,,,
1465,526,73,,,,
1466,526,73,,,,
1467,527,71,,,,
1468,528,69,,,,
1469,528,69,,,,
1470,528,69,,,,
1471,529,67,,,,
1472,531,65,,,,
1473,531,65,,,,
1474,533,61,,,,
1475,533,61,,,,
1476,535,57,,,,
1477,535,57,,,,
1478,535,57,,,,
1479,535,57,,,,
1480,534,55,8,,,
1481,534,55,8,,,
1482,535,53,8,,,
1483,536,51,8,,,
1484,536,51,8,,,
1485,539,47,8,,,
1486,539,47,8,,,
1487,540,46,6,,,
1488,543,42,4,,,
1489,545,38,4,,,
1490,541,43,4,,,
1491,542,41,4,,,
1492,543,43,,,,
1493,544,41,,,,
1494,545,41,,,,
1495,546,39,,,,
1496,546,39,,,,
1497,550,34,,,,
1498,550,34,,,,
1499,550,32,,,,
1500,535,53,,,,
1501,534,53,,,,
1502,535,51,,,,
1503,535,51,,,,
1504,535,51,,,,
1505,534,54,,,,
1506,535,52,,,,
1507,534,52,,,,
1508,547,35,,,,
1509,547,35,,,,
1510,541,41,,,,
1511,541,41,,,,
1512,543,36,,,,
1513,543,36,,,,
1514,542,36,,,,
1515,542,36,,,,
1516,541,36,,,,
1517,541,36,,,,
1518,541,36,,,,
1519,541,36,,,,
1520,542,37,,,,
1521,541,37,,,,
1522,540,37,,,,
1523,540,37,,,,
1524,540,37,,,,
1525,541,35,,,,
1526,545,30,,,,
1527,546,28,,,,
1528,542,33,,,,
1529,543,31,,,,
1530,537,39,,,,
1531,537,39,,,,
1532,536,39,,,,
1533,537,38,,,,
1534,538,36,,,,
1535,538,36,,,,
1536,539,34,,,,
1537,540,32,,,,
1538,541,30,,,,
1539,542,27,,,,
1540,539,32,,,,
1541,539,31,,,,
1542,539,32,,,,
1543,539,32,,,,
1544,544,27,,,,
1545,543,27,,,,
1546,543,27,,,,
1547,544,24,,,,
1548,545,24,,,,
1549,543,24,,,,
1550,542,26,,,,
1551,543,23,,,,
1552,543,23,,,,
1553,552,12,,,,
1554,552,12,,,,
1555,552,12,,,,
1556,553,10,,,,
1557,552,10,,,,
1558,552,10,,,,
1559,551,10,,,,
1560,548,14,,,,
1561,547,14,,,,
1562,546,14,,,,
1563,545,14,,,,
1564,545,12,,,,
1565,544,12,,,,
1566,540,15,,,,
1567,540,15,,,,
1568,541,13,,,,
1569,540,13,,,,
1570,538,18,,,,
1571,538,18,,,,
1572,538,18,,,,
1573,537,18,,,,
1574,540,14,,,,
1575,541,14,,,,
1576,544,9,,,,
1577,546,6,,,,
1578,546,4,,,,
1579,545,4,,,,
1580,541,11,,,,
1581,541,9,,,,
1582,541,9,,,,
1583,541,9,,,,
1584,541,9,,,,
1585,536,16,,,,
1586,535,16,,,,
1587,537,12,,,,
1588,537,12,,,,
1589,536,12,,,,
1590,536,12,,,,
1591,535,12,,,,
1592,534,12,,,,
1593,534,12,,,,
1594,534,12,,,,
1595,535,12,,,,
1596,538,11,,,,
1597,538,11,,,,
1598,538,11,,,,
1599,538,11,,,,
1600,538,11,,,,
1601,538,11,,,,
1602,536,14,,,,
1603,536,14,,,,
1604,535,14,,,,
1605,537,11,,,,
1606,539,8,,,,
1607,537,8,,,,
1608,535,10,,,,
1609,534,10,,,,
1610,527,19,,,,
1611,527,19,,,,
1612,527,19,,,,
1613,529,16,,,,
1614,529,16,,,,
1615,530,13,,,,
1616,531,11,,,,
1617,530,11,,,,
1618,530,11,,,,
1619,530,11,,,,
1620,531,11,,,,
1621,531,11,,,,
1622,531,11,,,,
1623,530,11,,,,
1624,510,32,,,,
1625,512,30,,,,
1626,512,30,,,,
1627,511,30,,,,
1628,511,30,,,,
1629,510,30,,,,
1630,516,25,,,,
1631,516,25,,,,
1632,515,23,,,,
1633,515,23,,,,
1634,515,23,,,,
1635,514,23,,,,
1636,536,,,,,
1637,535,,,,,
1638,533,,,,,
1639,532,,,,,
1640,517,17,,,,
1641,517,17,,,,
1642,517,17,,,,
1643,517,17,,,,
1644,516,17,,,,
1645,516,17,,,,
1646,516,17,,,,
1647,515,17,,,,
1648,512,20,,,,
1649,512,20,,,,
1650,511,20,,,,
1651,511,20,,,,
1652,509,20,,,,
1653,523,5,,,,
1654,522,5,,,,
1655,527,,,,,
1656,527,,,,,
1657,527,,,,,
1658,525,,,,,
1659,516,10,,,,
1660,515,12,,,,
1661,514,12,,,,
1662,513,12,,,,
1663,512,11,,,,
1664,513,11,,,,
1665,511,11,,,,
1666,511,11,,,,
1667,511,11,,,,
1668,508,17,,,,
1669,508,17,,,,
1670,508,18,,,,
1671,508,18,,,,
1672,514,10,,,,
1673,514,10,,,,
1674,513,10,,,,
1675,513,10,,,,
1676,513,10,,,,
1677,513,9,,,,
1678,513,9,,,,
1679,513,9,,,,
1680,503,20,,,,
1681,502,18,,,,
1682,501,18,,,,
1683,497,22,,,,
1684,496,22,,,,
1685,499,18,,,,
1686,499,18,,,,
1687,499,18,,,,
1688,498,18,,,,
1689,498,18,,,,
1690,504,8,,,,
1691,504,8,,,,
1692,496,16,,,,
1693,496,16,,,,
1694,496,17,,,,
1695,503,10,,,,
1696,502,10,,,,
1697,502,10,,,,
1698,501,10,,,,
1699,508,2,,,,
1700,506,5,,,,
1701,506,5,,,,
1702,506,5,,,,
1703,506,5,,,,
1704,506,5,,,,
1705,508,2,,,,
1706,507,2,,,,
1707,506,2,,,,
1708,505,2,,,,
1709,505,2,,,,
1710,501,8,,,,
1711,500,8,,,,
1712,500,8,,,,
1713,499,8,,,,
1714,498,8,,,,
1715,496,8,,,,
1716,495,8,,,,
1717,494,8,,,,
1718,494,8,,,,
1719,486,16,,,,
1720,482,26,,,,
1721,482,26,,,,
1722,482,26,,,,
1723,481,26,,,,
1724,480,26,,,,
1725,484,21,,,,
1726,484,21,,,,
1727,484,21,,,,
1728,473,38,,,,
1729,479,29,,,,
1730,479,29,,,,
1731,478,29,,,,
1732,480,26,,,,
1733,482,23,,,,
1734,480,25,,,,
1735,479,25,,,,
1736,479,25,,,,
1737,469,38,,,,
1738,469,38,,,,
1739,480,24,,,,
1740,480,25,,,,
1741,479,24,,,,
1742,479,24,,,,
1743,477,24,,,,
1744,479,21,,,,
1745,478,22,,,,
1746,482,17,,,,
1747,489,9,,,,
1748,491,6,,,,
1749,491,6,,,,
1750,483,4,11,,,
1751,483,4,11,,,
1752,479,4,15,,,
1753,479,4,15,,,
1754,482,,15,,,
1755,481,,18,,,
1756,481,,18,,,
1757,482,,18,,,
1758,479,,23,,,
1759,478,,22,,,
1760,476,,24,,,
1761,480,19,,,,
1762,480,19,,,,
1763,479,19,,,,
1764,462,44,,,,
1765,463,44,,,,
1766,463,44,,,,
1767,463,44,,,,
1768,463,44,,,,
1769,463,44,,,,
1770,467,43,,,,
1771,466,45,,,,
1772,466,45,,,,
1773,469,42,,,,
1774,469,42,,,,
1775,469,42,,,,
1776,466,46,,,,
1777,466,44,,,,
1778,468,41,,,,
1779,468,41,,,,
1780,468,42,,,,
1781,468,42,,,,
1782,469,42,,,,
1783,469,42,,,,
1784,470,41,,,,
1785,470,40,,,,
1786,470,40,,,,
1787,470,39,,,,
1788,471,37,,,,
1789,483,23,,,,
1790,485,20,,,,
1791,482,25,,,,
1792,482,27,,,,
1793,486,22,,,,
1794,489,18,,,,
1795,489,18,,,,
1796,489,18,,,,
1797,489,18,,,,
1798,492,14,,,,
1799,492,14,,,,
1800,477,31,,,,
1801,477,31,,,,
1802,479,26,,,,
1803,479,26,,,,
1804,479,25,,,,
1805,479,25,,,,
1806,482,25,,,,
1807,482,25,,,,
1808,482,25,,,,
1809,482,28,,,,
1810,483,26,,,,
1811,482,26,,,,
1812,484,24,,,,
1813,484,24,,,,
1814,484,23,,,,
1815,484,23,,,,
1816,485,23,,,,
1817,485,22,,,,
1818,489,16,,,,
1819,489,16,,,,
1820,500,8,,,,
1821,499,8,,,,
1822,498,8,,,,
1823,496,8,,,,
1824,496,8,,,,
1825,496,8,,,,
1826,498,4,,,,
1827,499,4,,,,
1828,498,4,,,,
1829,498,4,,,,
1830,494,10,,,,
1831,497,6,,,,
1832,497,6,,,,
1833,497,6,,,,
1834,495,6,,,,
1835,498,2,,,,
1836,497,2,,,,
1837,495,2,,,,
1838,495,2,,,,
1839,495,,,,,
1840,488,8,,,,
1841,488,8,,,,
1842,486,12,,,,
1843,485,12,,,,
1844,485,12,,,,
1845,482,14,,,,
1846,482,14,,,,
1847,483,12,,,,
1848,465,33,,,,
1849,465,33,,,,
1850,464,33,,,,
1851,464,33,,,,
1852,464,33,,,,
1853,466,30,,,,
1854,467,29,,,,
1855,470,24,,,,
1856,478,15,,,,
1857,478,15,,,,
1858,478,15,,,,
1859,478,15,,,,
1860,469,27,,,,
1861,468,27,,,,
1862,467,27,,,,
1863,466,27,,,,
1864,466,27,,,,
1865,472,19,,,,
1866,472,20,,,,
1867,479,12,,,,
1868,479,12,,,,
1869,479,12,,,,
1870,479,13,,,,
1871,482,8,,,,
1872,483,9,,,,
1873,483,9,,,,
1874,483,9,,,,
1875,483,9,,,,
1876,482,9,,,,
1877,482,9,,,,
1878,480,9,,,,
1879,480,9,,,,
1880,480,7,,,,
1881,482,5,,,,
1882,482,5,,,,
1883,481,5,,,,
1884,483,2,,,,
1885,481,2,,,,
1886,480,2,,,,
1887,479,2,,,,
1888,476,5,,,,
1889,476,5,,,,
1890,470,12,,,,
1891,470,10,,,,
1892,470,10,,,,
1893,470,10,,,,
1894,470,10,,,,
1895,470,10,,,,
1896,470,11,,,,
1897,469,11,,,,
1898,468,11,,,,
1899,464,16,,,,
1900,463,16,,,,
1901,463,16,,,,
1902,458,21,,,,
1903,458,21,,,,
1904,458,21,,,,
1905,458,21,,,,
1906,458,21,,,,
1907,458,21,,,,
1908,459,20,,,,
1909,462,15,,,,
1910,462,16,,,,
1911,468,9,,,,
1912,468,9,,,,
1913,466,9,,,,
1914,466,9,,,,
1915,465,9,,,,
1916,465,9,,,,
1917,461,14,,,,
1918,461,14,,,,
1919,461,14,,,,
1920,455,22,,,,
1921,454,22,,,,
1922,454,22,,,,
1923,456,17,,,,
1924,456,17,,,,
1925,456,17,,,,
1926,448,26,,,,
1927,448,26,,,,
1928,449,24,,,,
1929,457,13,,,,
1930,455,15,,,,
1931,454,15,,,,
1932,450,20,,,,
1933,449,20,,,,
1934,449,20,,,,
1935,447,23,,,,
1936,447,24,,,,
1937,454,16,,,,
1938,455,17,,,,
1939,456,17,,,,
1940,460,12,,,,
1941,460,12,,,,
1942,460,12,,,,
1943,460,12,,,,
1944,460,11,,,,
1945,459,11,,,,
1946,453,18,,,,
1947,456,14,,,,
1948,456,14,,,,
1949,458,10,,,,
1950,458,10,,,,
1951,456,10,,,,
1952,456,10,,,,
1953,456,10,,,,
1954,456,10,,,,
1955,457,7,,,,
1956,457,7,,,,
1957,454,7,,,,
1958,453,7,,,,
1959,452,7,,,,
1960,449,9,,,,
1961,449,9,,,,
1962,449,10,,,,
1963,448,10,,,,
1964,448,10,,,,
1965,452,5,,,,
1966,451,5,,,,
1967,452,2,,,,
1968,445,8,,,,
1969,445,8,,,,
1970,445,6,,,,
1971,446,6,,,,
1972,446,6,,,,
1973,446,6,,,,
1974,443,10,,,,
1975,443,10,,,,
1976,442,10,,,,
1977,442,10,,,,
1978,441,10,,,,
1979,441,10,,,,
1980,431,23,,,,
1981,433,19,,,,
1982,431,19,,,,
1983,431,19,,,,
1984,426,28,,,,
1985,431,22,,,,
1986,431,22,,,,
1987,431,22,,,,
1988,431,23,,,,
1989,437,16,,,,
1990,437,17,,,,
1991,437,17,,,,
1992,437,17,,,,
1993,436,17,,,,
1994,436,15,,,,
1995,435,15,,,,
1996,435,15,,,,
1997,435,15,,,,
1998,435,15,,,,
1999,435,15,,,,
2000,429,22,,,,
2001,429,22,,,,
2002,429,22,,,,
2003,429,21,,,,
2004,429,21,,,,
2005,433,15,,,,
2006,434,13,,,,
2007,432,13,,,,
2008,425,20,,,,
2009,425,20,,,,
2010,398,49,,,,
2011,398,49,,,,
2012,398,49,,,,
2013,400,45,,,,
2014,399,45,,,,
2015,399,45,,,,
2016,407,36,,,,
2017,406,36,,,,
2018,405,36,,,,
2019,404,36,,,,
2020,404,36,,,,
2021,404,35,,,,
2022,404,35,,,,
2023,404,35,,,,
2024,429,7,,,,
2025,429,7,,,,
2026,428,7,,,,
2027,428,7,,,,
2028,428,7,,,,
2029,428,7,,,,
2030,426,7,,,,
2031,426,7,,,,
2032,425,7,,,,
2033,424,7,,,,
2034,422,12,,,,
2035,421,12,,,,
2036,421,12,,,,
2037,419,15,,,,
2038,418,15,,,,
2039,417,15,,,,
2040,413,20,,,,
2041,413,20,,,,
2042,417,15,,,,
2043,412,22,,,,
2044,410,23,,,,
2045,416,16,,,,
2046,416,16,,,,
2047,416,16,,,,
2048,417,14,,,,
2049,419,11,,,,
2050,421,11,,,,
2051,416,19,,,,
2052,415,19,,,,
2053,416,17,,,,
2054,422,10,,,,
2055,423,8,,,,
2056,422,8,,,,
2057,421,8,,,,
2058,421,8,,,,
2059,420,8,,,,
2060,415,14,,,,
2061,412,21,,,,
2062,412,21,,,,
2063,412,21,,,,
2064,417,14,,,,
2065,417,15,,,,
2066,417,15,,,,
2067,417,15,,,,
2068,417,14,,,,
2069,418,12,,,,
2070,412,19,,,,
2071,412,19,,,,
2072,414,15,,,,
2073,414,15,,,,
2074,414,15,,,,
2075,413,15,,,,
2076,413,14,,,,
2077,417,9,,,,
2078,417,9,,,,
2079,416,9,,,,
2080,417,9,,,,
2081,415,9,,,,
2082,415,9,,,,
2083,415,7,,,,
2084,415,7,,,,
2085,419,,,,,
2086,418,,,,,
2087,417,,,,,
2088,411,11,,,,
2089,411,11,,,,
2090,410,11,,,,
2091,409,11,,,,
2092,409,11,,,,
2093,409,10,,,,
2094,409,10,,,,
2095,409,10,,,,
2096,409,10,,,,
2097,404,16,,,,
2098,404,16,,,,
2099,403,15,,,,
2100,396,24,,,,
2101,395,24,,,,
2102,397,21,,,,
2103,396,21,,,,
2104,395,21,,,,
2105,395,21,,,,
2106,397,18,,,,
2107,397,18,,,,
2108,397,17,,,,
2109,397,17,,,,
2110,396,17,,,,
2111,396,17,,,,
2112,396,17,,,,
2113,396,16,,,,
2114,394,16,,,,
2115,389,22,,,,
2116,386,22,,,,
2117,386,22,,,,
2118,386,22,,,,
2119,385,22,,,,
2120,381,28,,,,
2121,378,30,,,,
2122,385,22,,,,
2123,385,22,,,,
2124,385,20,,,,
2125,388,16,,,,
2126,386,16,,,,
2127,385,16,,,,
2128,388,13,,,,
2129,388,13,,,,
2130,381,27,,,,
2131,381,27,,,,
2132,380,27,,,,
2133,381,27,,,,
2134,381,27,,,,
2135,380,27,,,,
2136,379,26,,,,
2137,379,26,,,,
2138,379,26,,,,
2139,379,25,,,,
2140,372,35,,,,
2141,378,28,,,,
2142,376,30,,,,
2143,376,29,,,,
2144,373,27,6,,,
2145,373,26,6,,,
2146,373,26,6,,,
2147,373,26,6,,,
2148,375,22,6,,,
2149,370,22,13,,,
2150,379,10,13,,,
2151,378,10,16,,,
2152,377,11,16,,,
2153,377,11,16,,,
2154,377,11,16,,,
2155,378,9,16,,,
2156,378,9,15,,,
2157,378,9,15,,,
2158,378,9,13,,,
2159,379,7,13,,,
2160,377,10,13,,,
2161,375,10,13,,,
2162,374,10,13,,,
2163,370,15,13,,,
2164,370,15,13,,,
2165,369,15,13,,,
2166,369,21,6,,,
2167,369,21,6,,,
2168,361,29,6,,,
2169,363,30,6,,,
2170,363,31,6,,,
2171,368,25,6,,,
2172,368,26,6,,,
2173,372,26,,,,
2174,372,26,,,,
2175,372,26,,,,
2176,378,19,,,,
2177,378,19,,,,
2178,368,30,,,,
2179,370,27,,,,
2180,370,29,,,,
2181,370,29,,,,
2182,370,28,,,,
2183,370,28,,,,
2184,377,23,,,,
2185,377,23,,,,
2186,377,23,,,,
2187,381,18,,,,
2188,381,18,,,,
2189,381,18,,,,
2190,379,21,,,,
2191,381,18,,,,
2192,381,17,,,,
2193,381,17,,,,
2194,381,16,,,,
2195,383,13,,,,
2196,385,10,,,,
2197,387,7,,,,
2198,385,7,,,,
2199,383,7,,,,
2200,375,18,,,,
2201,374,18,,,,
2202,374,18,,,,
2203,374,18,,,,
2204,373,18,,,,
2205,371,21,,,,
2206,373,17,,,,
2207,373,17,,,,
2208,373,17,,,,
2209,378,10,,,,
2210,377,12,,,,
2211,377,12,,,,
2212,373,17,,,,
2213,375,14,,,,
2214,375,14,,,,
2215,375,14,,,,
2216,375,12,,,,
2217,376,10,,,,
2218,376,8,,,,
2219,377,6,,,,
2220,378,6,,,,
2221,376,6,,,,
2222,375,6,,,,
2223,375,6,,,,
2224,376,6,,,,
2225,381,,,,,
2226,381,,,,,
2227,380,,,,,
2228,379,,,,,
2229,376,,,,,
2230,376,,,,,
2231,374,,,,,
2232,373,3,,,,
2233,371,3,,,,
2234,371,3,,,,
2235,371,3,,,,
2236,369,3,,,,
2237,369,3,,,,
2238,369,3,,,,
2239,369,3,,,,
2240,360,18,,,,
2241,360,18,,,,
2242,361,15,,,,
2243,361,15,,,,
2244,360,15,,,,
2245,360,15,,,,
2246,359,15,,,,
2247,350,23,,,,
2248,353,19,,,,
2249,353,19,,,,
2250,356,20,,,,
2251,356,20,,,,
2252,355,20,,,,
2253,355,20,,,,
2254,351,25,,,,
2255,354,21,,,,
2256,355,21,,,,
2257,359,15,,,,
2258,359,14,,,,
2259,360,12,,,,
2260,358,15,,,,
2261,353,21,,,,
2262,352,21,,,,
2263,355,16,,,,
2264,340,33,,,,
2265,340,33,,,,
2266,340,33,,,,
2267,346,24,,,,
2268,346,24,,,,
2269,347,22,,,,
2270,348,20,,,,
2271,351,15,,,,
2272,351,15,,,,
2273,350,15,,,,
2274,350,15,,,,
2275,350,15,,,,
2276,350,15,,,,
2277,350,15,,,,
2278,349,15,,,,
2279,362,,,,,
2280,358,5,,,,
2281,357,5,,,,
2282,349,18,,,,
2283,349,18,,,,
2284,353,13,,,,
2285,352,13,,,,
2286,352,15,,,,
2287,351,15,,,,
2288,351,17,,,,
2289,351,14,,,,
2290,350,14,,,,
2291,350,14,,,,
2292,349,14,,,,
2293,349,14,,,,
2294,348,14,,,,
2295,349,14,,,,
2296,346,16,,,,
2297,346,16,,,,
2298,345,14,,,,
2299,345,14,,,,
2300,344,14,,,,
2301,343,14,,,,
2302,343,14,,,,
2303,344,14,,,,
2304,344,14,,,,
2305,343,14,,,,
2306,343,14,,,,
2307,343,14,,,,
2308,342,14,,,,
2309,342,14,,,,
2310,338,19,,,,
2311,338,19,,,,
2312,337,19,,,,
2313,337,19,,,,
2314,338,17,,,,
2315,338,17,,,,
2316,339,14,,,,
2317,339,13,,,,
2318,344,5,,,,
2319,344,3,,,,
2320,337,3,10,,,
2321,336,3,10,,,
2322,332,8,10,,,
2323,334,5,10,,,
2324,335,5,9,,,
2325,335,5,9,,,
2326,337,5,6,,,
2327,338,9,,,,
2328,339,10,,,,
2329,342,6,,,,
2330,342,6,,,,
2331,342,6,,,,
2332,341,6,,,,
2333,340,6,,,,
2334,342,3,,,,
2335,342,3,,,,
2336,341,4,,,,
2337,341,4,,,,
2338,340,4,,,,
2339,340,4,,,,
2340,339,8,,,,
2341,338,8,,,,
2342,337,8,,,,
2343,337,8,,,,
2344,337,6,,,,
2345,337,6,,,,
2346,335,6,,,,
2347,335,6,,,,
2348,335,6,,,,
2349,336,5,,,,
2350,340,,,,,
2351,340,,,,,
2352,339,,,,,
2353,338,,,,,
2354,336,,,,,
2355,334,,,,,
2356,333,,,,,
2357,332,,,,,
2358,328,4,,,,
2359,329,4,,,,
2360,328,4,,,,
2361,328,4,,,,
2362,327,4,,,,
2363,326,4,,,,
2364,324,4,,,,
2365,323,4,,,,
2366,324,4,,,,
2367,318,18,,,,
2368,320,15,,,,
2369,320,15,,,,
2370,318,15,,,,
2371,319,13,,,,
2372,319,13,,,,
2373,319,12,,,,
2374,319,12,,,,
2375,319,12,,,,
2376,315,17,,,,
2377,315,16,,,,
2378,314,16,,,,
2379,314,14,,,,
2380,309,20,,,,
2381,315,11,,,,
2382,315,11,,,,
2383,316,9,,,,
2384,317,9,,,,
2385,318,7,,,,
2386,318,7,,,,
2387,316,9,,,,
2388,316,9,,,,
2389,314,9,,,,
2390,310,15,,,,
2391,313,10,,,,
2392,312,10,,,,
2393,311,10,,,,
2394,312,7,,,,
2395,314,4,,,,
2396,313,4,,,,
2397,312,4,,,,
2398,315,,,,,
2399,314,,,,,
2400,313,2,,,,
2401,312,2,,,,
2402,311,2,,,,
2403,311,2,,,,
2404,310,2,,,,
2405,310,2,,,,
2406,309,2,,,,
2407,309,2,,,,
2408,310,,,,,
2409,309,,,,,
2410,308,,,,,
2411,307,,,,,
2412,305,3,,,,
2413,304,3,,,,
2414,304,3,,,,
2415,303,3,,,,
2416,299,8,,,,
2417,297,8,,,,
2418,295,8,,,,
2419,295,8,,,,
2420,294,8,,,,
2421,294,8,,,,
2422,294,8,,,,
2423,293,8,,,,
2424,291,8,,,,
2425,293,5,,,,
2426,292,5,,,,
2427,291,5,,,,
2428,290,5,,,,
2429,289,5,,,,
2430,289,5,,,,
2431,289,5,,,,
2432,287,8,,,,
2433,287,8,,,,
2434,287,8,,,,
2435,286,8,,,,
2436,286,8,,,,
2437,285,8,,,,
2438,284,8,,,,
2439,283,8,,,,
2440,282,8,,,,
2441,280,8,,,,
2442,282,5,,,,
2443,282,5,,,,
2444,282,5,,,,
2445,286,,,,,
2446,285,,,,,
2447,285,,,,,
2448,283,2,,,,
2449,282,2,,,,
2450,282,2,,,,
2451,280,2,,,,
2452,280,2,,,,
2453,278,2,,,,
2454,277,2,,,,
2455,276,2,,,,
2456,275,4,,,,
2457,274,4,,,,
2458,274,4,,,,
2459,274,4,,,,
2460,273,4,,,,
2461,273,4,,,,
2462,272,4,,,,
2463,272,4,,,,
2464,271,4,,,,
2465,270,4,,,,
2466,270,2,,,,
2467,269,2,,,,
2468,268,2,,,,
2469,268,2,,,,
2470,266,4,,,,
2471,266,4,,,,
2472,266,4,,,,
2473,267,2,,,,
2474,267,2,,,,
2475,267,,,,,
2476,267,,,,,
2477,264,,,,,
2478,264,,,,,
2479,263,,,,,
2480,258,11,,,,
2481,257,11,,,,
2482,256,11,,,,
2483,255,11,,,,
2484,253,14,,,,
2485,250,18,,,,
2486,250,18,,,,
2487,250,18,,,,
2488,250,19,,,,
2489,249,19,,,,
2490,246,23,,,,
2491,246,23,,,,
2492,246,23,,,,
2493,246,22,,,,
2494,249,18,,,,
2495,249,18,,,,
2496,250,18,,,,
2497,251,16,,,,
2498,250,16,,,,
2499,241,25,,,,
2500,241,25,,,,
2501,240,25,,,,
2502,241,25,,,,
2503,241,25,,,,
2504,246,20,,,,
2505,246,20,,,,
2506,240,26,,,,
2507,240,26,,,,
2508,239,26,,,,
2509,239,26,,,,
2510,239,26,,,,
2511,242,22,,,,
2512,245,17,,,,
2513,253,7,,,,
2514,252,7,,,,
2515,251,7,,,,
2516,249,7,,,,
2517,249,7,,,,
2518,247,7,,,,
2519,246,7,,,,
2520,245,7,,,,
2521,243,7,,,,
2522,243,7,,,,
2523,242,7,,,,
2524,242,7,,,,
2525,240,7,,,,
2526,240,7,,,,
2527,236,12,,,,
2528,236,12,,,,
2529,235,13,,,,
2530,234,13,,,,
2531,234,13,,,,
2532,234,13,,,,
2533,233,13,,,,
2534,227,19,,,,
2535,231,13,,,,
2536,226,19,,,,
2537,224,19,,,,
2538,224,18,,,,
2539,226,14,,,,
2540,223,20,,,,
2541,222,20,,,,
2542,222,20,,,,
2543,222,20,,,,
2544,222,20,,,,
2545,222,19,,,,
2546,222,19,,,,
2547,230,11,,,,
2548,234,6,,,,
2549,233,6,,,,
2550,233,6,,,,
2551,233,6,,,,
2552,232,7,,,,
2553,231,7,,,,
2554,231,7,,,,
2555,233,2,,,,
2556,233,2,,,,
2557,232,2,,,,
2558,231,2,,,,
2559,230,2,,,,
2560,227,4,,,,
2561,224,4,,,,
2562,224,2,,,,
2563,223,2,,,,
2564,222,2,,,,
2565,221,2,,,,
2566,221,2,,,,
2567,221,2,,,,
2568,219,2,,,,
2569,219,2,,,,
2570,216,4,,,,
2571,216,4,,,,
2572,217,2,,,,
2573,217,2,,,,
2574,217,2,,,,
2575,217,2,,,,
2576,215,2,,,,
2577,215,2,,,,
2578,213,2,,,,
2579,213,2,,,,
2580,213,2,,,,
2581,212,2,,,,
2582,212,2,,,,
2583,209,2,,,,
2584,208,2,,,,
2585,206,2,,,,
2586,206,2,,,,
2587,204,2,,,,
2588,204,2,,,,
2589,202,2,,,,
2590,202,2,,,,
2591,200,2,,,,
2592,199,2,,,,
2593,198,2,,,,
2594,199,,,,,
2595,198,,,,,
2596,196,,,,,
2597,195,,,,,
2598,194,,,,,
2599,193,,,,,
2600,190,6,,,,
2601,184,14,,,,
2602,184,14,,,,
2603,183,14,,,,
2604,183,12,,,,
2605,183,12,,,,
2606,182,11,,,,
2607,182,11,,,,
2608,180,11,,,,
2609,179,11,,,,
2610,174,18,,,,
2611,173,18,,,,
2612,172,18,,,,
2613,177,11,,,,
2614,177,11,,,,
2615,177,9,,,,
2616,178,9,,,,
2617,176,9,,,,
2618,176,9,,,,
2619,174,13,,,,
2620,170,21,,,,
2621,167,21,,,,
2622,167,21,,,,
2623,167,21,,,,
2624,171,15,,,,
2625,174,11,,,,
2626,174,11,,,,
2627,174,11,,,,
2628,171,16,,,,
2629,172,13,,,,
2630,173,10,,,,
2631,173,10,,,,
2632,168,15,,,,
2633,167,15,,,,
2634,169,12,,,,
2635,169,12,,,,
2636,168,12,,,,
2637,168,12,,,,
2638,167,10,,,,
2639,169,7,,,,
2640,174,,,,,
2641,174,,,,,
2642,171,,,,,
2643,171,,,,,
2644,168,,,,,
2645,168,,,,,
2646,165,2,,,,
2647,165,2,,,,
2648,165,2,,,,
2649,165,2,,,,
2650,163,2,,,,
2651,163,2,,,,
2652,162,2,,,,
2653,162,,,,,
2654,161,,,,,
2655,161,,,,,
2656,156,5,,,,
2657,155,5,,,,
2658,153,5,,,,
2659,152,5,,,,
2660,150,7,,,,
2661,148,7,,,,
2662,147,7,,,,
2663,146,7,,,,
2664,142,11,,,,
2665,144,7,,,,
2666,143,7,,,,
2667,142,7,,,,
2668,141,7,,,,
2669,140,7,,,,
2670,140,7,,,,
2671,140,5,,,,
2672,120,25,,,,
2673,117,28,,,,
2674,119,23,,,,
2675,119,23,,,,
2676,118,23,,,,
2677,118,23,,,,
2678,119,20,,,,
2679,119,20,,,,
2680,116,25,,,,
2681,116,25,,,,
2682,116,27,,,,
2683,116,27,,,,
2684,116,27,,,,
2685,131,10,,,,
2686,131,9,,,,
2687,130,9,,,,
2688,129,9,,,,
2689,129,9,,,,
2690,129,10,,,,
2691,132,5,,,,
2692,132,5,,,,
2693,131,5,,,,
2694,130,5,,,,
2695,130,5,,,,
2696,130,5,,,,
2697,130,5,,,,
2698,130,5,,,,
2699,131,2,,,,
2700,130,9,,,,
2701,129,9,,,,
2702,129,9,,,,
2703,129,9,,,,
2704,123,17,,,,
2705,123,17,,,,
2706,121,17,,,,
2707,121,17,,,,
2708,124,12,,,,
2709,124,12,,,,
2710,125,12,,,,
2711,128,8,,,,
2712,126,8,,,,
2713,127,6,,,,
2714,128,2,,,,
2715,127,2,,,,
2716,126,2,,,,
2717,125,2,,,,
2718,125,2,,,,
2719,125,,,,,
2720,125,,,,,
2721,121,,,,,
2722,120,,,,,
2723,118,,,,,
2724,117,,,,,
2725,115,,,,,
2726,114,,,,,
2727,108,6,,,,
2728,108,6,,,,
2729,108,6,,,,
2730,22,93,,,,
2731,20,93,,,,
2732,20,93,,,,
2733,20,93,,,,
2734,20,92,,,,
2735,20,92,,,,
2736,20,93,,,,
2737,20,93,,,,
2738,20,93,,,,
2739,20,93,,,,
2740,20,92,,,,
2741,19,92,,,,
2742,105,4,,,,
2743,108,,,,,
2744,107,,,,,
2745,107,,,,,
2746,107,,,,,
2747,107,,,,,
2748,106,,,,,
2749,106,,,,,
2750,100,7,,,,
2751,99,7,,,,
2752,97,10,,,,
2753,95,10,,,,
2754,93,13,,,,
2755,93,10,,,,
2756,93,10,,,,
2757,94,7,,,,
2758,94,7,,,,
2759,92,7,,,,
2760,92,,10,,,
2761,90,,10,,,
2762,90,,10,,,
2763,90,,10,,,
2764,90,,10,,,
2765,90,,10,,,
2766,90,,10,,,
2767,88,,9,,,
2768,79,11,9,,,
2769,78,11,9,,,
2770,77,11,9,,,
2771,77,11,9,,,
2772,76,11,11,,,
2773,78,8,11,,,
2774,78,8,11,,,
2775,78,8,11,,,
2776,81,15,,,,
2777,81,15,,,,
2778,81,15,,,,
2779,81,15,,,,
2780,81,15,,,,
2781,82,14,,,,
2782,88,6,,,,
2783,90,2,,,,
2784,91,,,,,
2785,91,,,,,
2786,91,,,,,
2787,91,,,,,
2788,90,,,,,
2789,88,,,,,
2790,88,,,,,
2791,87,,,,,
2792,88,,,,,
2793,87,,,,,
2794,87,,,,,
2795,86,,,,,
2796,85,,,,,
2797,84,,,,,
2798,83,,,,,
2799,82,,,,,
2800,79,3,,,,
2801,79,3,,,,
2802,79,3,,,,
2803,78,3,,,,
2804,78,3,,,,
2805,77,3,,,,
2806,76,3,,,,
2807,74,3,,,,
2808,73,3,,,,
2809,73,3,,,,
2810,71,3,,,,
2811,71,3,,,,
2812,69,3,,,,
2813,68,3,,,,
2814,68,3,,,,
2815,67,3,,,,
2816,63,8,,,,
2817,61,8,,,,
2818,59,8,,,,
2819,59,8,,,,
2820,57,8,,,,
2821,60,3,,,,
2822,59,3,,,,
2823,58,3,,,,
2824,58,2,,,,
2825,58,2,,,,
2826,57,2,,,,
2827,55,2,,,,
2828,54,2,,,,
2829,54,2,,,,
2830,52,2,,,,
2831,51,2,,,,
2832,51,2,,,,
2833,50,2,,,,
2834,50,2,,,,
2835,51,,,,,
2836,51,,,,,
2837,51,,,,,
2838,51,,,,,
2839,50,,,,,
2840,41,8,,,,
2841,41,8,,,,
2842,41,8,,,,
2843,40,8,,,,
2844,40,8,,,,
2845,40,8,,,,
2846,40,8,,,,
2847,39,8,,,,
2848,39,8,,,,
2849,36,8,,,,
2850,35,8,,,,
2851,40,,,,,
2852,39,,,,,
2853,37,,,,,
2854,36,,,,,
2855,34,,,,,
2856,34,,,,,
2857,32,,,,,
2858,31,,,,,
2859,31,,,,,
2860,30,,,,,
2861,30,,,,,
2862,29,,,,,
2863,28,,,,,
2864,27,,,,,
2865,24,,,,,
2866,23,,,,,
2867,23,,,,,
2868,22,,,,,
2869,22,,,,,
2870,16,8,,,,
2871,15,8,,,,
2872,15,8,,,,
2873,15,8,,,,
2874,15,8,,,,
2875,15,8,,,,
2876,15,8,,,,
2877,21,,,,,
2878,20,,,,,
2879,19,,,,,
2880,10,11,,,,
2881,9,11,,,,
2882,8,11,,,,
2883,8,11,,,,
2884,6,11,,,,
2885,6,11,,,,
2886,6,11,,,,
2887,6,11,,,,
2888,7,11,,,,
2889,7,11,,,,
2890,10,7,,,,
2891,9,7,,,,
2892,11,4,,,,
2893,11,4,,,,
2894,12,,,,,
2895,12,,,,,
2896,10,,,,,
2897,10,,,,,
2898,9,,,,,
2899,9,,,,,
2900,7,,,,,
2901,7,,,,,
2902,4,,,,,
2903,4,,,,,
2904,2,,,,,
2905,2,,,,,
,,,,,,
,,,,,,
,,,,,,
,,,,,,
2910,1,,,,,
2911,1,,,,,
2912,1,,,,,
2913,1,,,,,
2914,1,,,,,
2915,1,,,,,
2916,1,,,,,
2917,1,,,,,
,,,,,,
,,,,,,
2920,1,,,,,
2921,1,,,,,
2922,1,,,,,
2923,1,,,,,
,,,,,,
,,,,,,
,,,,,,
,,,,,,
,,,,,,
,,,,,,
,,,,,,
,,,,,,
,,,,,,
,,,,,,
,,,,,,
,,,,,,
,,,,,,
,,,,,,
,,,,,,
,,,,,,
2940,1,,,,,
2941,1,,,,,
2942,1,,,,,
2943,1,,,,,
,,,,,,
,,,,,,
,,,,,,
,,,,,,
,,,,,,
,,,,,,
2950,1,,,,,
2951,1,,,,,
2952,2,,,,,
2953,2,,,,,
2954,1,,,,,
2955,1,,,,,
2956,1,,,,,
2957,1,,,,,
,,,,,,
,,,,,,
2960,,2,,,,
2961,,2,,,,
2962,,2,,,,
2963,,2,,,,
,,,,,,
,,,,,,
,,,,,,
,,,,,,
,,,,,,
,,,,,,
2970,2,,,,,
2971,2,,,,,
2972,1,,,,,
2973,1,,,,,
2974,1,,,,,
,,,,,,
,,,,,,
,,,,,,
,,,,,,
,,,,,,
,,,,,,
,,,,,,
,,,,,,
,,,,,,
,,,,,,
,,,,,,
,,,,,,
,,,,,,
,,,,,,
,,,,,,
,,,,,,
,,,,,,
,,,,,,
,,,,,,
,,,,,,
,,,,,,
,,,,,,
2997,1,,,,,
2998,1,,,,,
2999,1,,,,,
3000,1,,,,,
3001,1,,,,,
3002,1,,,,,
3003,1,,,,,
3004,1,,,,,
3005,1,,,,,
3006,1,,,,,
,,,,,,
,,,,,,
,,,,,,
,,,,,,
,,,,,,
,,,,,,
,,,,,,
,,,,,,
,,,,,,
,,,,,,
,,,,,,
,,,,,,
,,,,,,
3020,,2,,,,
3021,,2,,,,
3022,,2,,,,
3023,,2,,,,
3024,,2,,,,
3025,,2,,,,
3026,,2,,,,
3027,,2,,,,
,,,,,,
,,,,,,
3030,2,,,,,
3031,2,,,,,
3032,1,,,,,
3033,2,,,,,
3034,2,,,,,
3035,2,,,,,
,,,,,,
,,,,,,
,,,,,,
,,,,,,
3040,1,,,,,
3041,1,,,,,
3042,1,,,,,
3043,1,,,,,
3044,1,,,,,
3045,1,,,,,
3046,1,,,,,
,,,,,,
,,,,,,
,,,,,,
3050,1,,,,,
3051,1,,,,,
3052,1,,,,,
3053,1,,,,,
,,,,,,
,,,,,,
,,,,,,
,,,,,,
,,,,,,
,,,,,,
,,,,,,
,,,,,,
,,,,,,
,,,,,,
,,,,,,
,,,,,,
,,,,,,
,,,,,,
,,,,,,
,,,,,,
,,,,,,
,,,,,,
,,,,,,
,,,,,,
,,,,,,
,,,,,,
,,,,,,
,,,,,,
3078,1,,,,,
3079,1,,,,,
,,,,,,
,,,,,,
,,,,,,
,,,,,,
,,,,,,
,,,,,,
,,,,,,
,,,,,,
,,,,,,
,,,,,,
,,,,,,
,,,,,,
,,,,,,
,,,,,,
,,,,,,
,,,,,,
,,,,,,
,,,,,,
,,,,,,
,,,,,,
,,,,,,
,,,,,,
,,,,,,
,,,,,,
,,,,,,
3105,1,,,,,
3106,1,,,,,
3107,1,,,,,
3108,1,,,,,
,,,,,,
3110,1,,,,,
3111,1,,,,,
,,,,,,
,,,,,,
,,,,,,
,,,,,,
,,,,,,
,,,,,,
,,,,,,
,,,,,,
3120,,,3,,,
3121,,,3,,,
3122,,,3,,,
3123,,,4,,,
3124,,,4,,,
3125,,,4,,,
3126,,,4,,,
3127,,2,,,,
3128,1,,,,,
,,,,,,
3130,1,,,,,
3131,1,,,,,
3132,2,,,,,
3133,2,,,,,
3134,2,,,,,
3135,2,,,,,
3136,1,,,,,
,,,,,,
,,,,,,
,,,,,,
,,,,,,
,,,,,,
,,,,,,
,,,,,,
,,,,,,
,,,,,,
,,,,,,
,,,,,,
,,,,,,
,,,,,,
,,,,,,
,,,,,,
,,,,,,
,,,,,,
,,,,,,
,,,,,,
,,,,,,
,,,,,,
,,,,,,
3159,1,,,,,
3160,1,,,,,
3161,1,,,,,
3162,1,,,,,
3163,1,,,,,
,,,,,,
,,,,,,
,,,,,,
,,,,,,
,,,,,,
,,,,,,
,,,,,,
,,,,,,
,,,,,,
,,,,,,
,,,,,,
,,,,,,
,,,,,,
,,,,,,
,,,,,,
,,,,,,
3180,1,,,,,
3181,1,,,,,
3182,1,,,,,
3183,1,,,,,
3184,1,,,,,
3185,1,,,,,
3186,1,,,,,
3187,1,,,,,
3188,1,,,,,
3189,1,,,,,
3190,1,,,,,
3191,1,,,,,
3192,1,,,,,
3193,1,,,,,
3194,1,,,,,
3195,2,,,,,
3196,2,,,,,
3197,1,,,,,
3198,1,,,,,
3199,1,,,,,
3200,2,,,,,
3201,2,,,,,
3202,2,,,,,
3203,1,,,,,
3204,1,,,,,
,,,,,,
,,,,,,
,,,,,,
,,,,,,
,,,,,,
,,,,,,
,,,,,,
,,,,,,
,,,,,,
,,,,,,
,,,,,,
,,,,,,
,,,,,,
,,,,,,
,,,,,,
3220,2,2,,,,
3221,2,2,,,,
3222,,2,,,,
3223,,2,,,,
3224,,2,,,,
3225,,2,,,,
,,,,,,
,,,,,,
,,,,,,
,,,,,,
3230,1,,,,,
3231,1,,,,,
,,,,,,
,,,,,,
,,,,,,
,,,,,,
,,,,,,
,,,,,,
,,,,,,
,,,,,,
,,,,,,
,,,,,,
,,,,,,
,,,,,,
,,,,,,
,,,,,,
,,,,,,
,,,,,,
,,,,,,
,,,,,,
3250,,,3,,,
3251,,,3,,,
3252,,2,,,,
3253,,2,,,,
3254,,2,,,,
3255,,2,,,,
3256,1,,,,,
3257,1,,,,,
,,,,,,
,,,,,,
,,,,,,
,,,,,,
,,,,,,
,,,,,,
,,,,,,
,,,,,,
,,,,,,
,,,,,,
,,,,,,
,,,,,,
,,,,,,
,,,,,,
,,,,,,
,,,,,,
,,,,,,
,,,,,,
,,,,,,
,,,,,,
,,,,,,
,,,,,,
,,,,,,
,,,,,,
,,,,,,
,,,,,,
,,,,,,
,,,,,,
,,,,,,
,,,,,,
,,,,,,
,,,,,,
3290,1,,,,,
3291,1,,,,,
3292,1,,,,,
3293,1,,,,,
3294,1,,,,,
3295,1,,,,,
,,,,,,
,,,,,,
,,,,,,
,,,,,,
3300,1,,,,,
3301,1,,,,,
,,,,,,
,,,,,,
,,,,,,
,,,,,,
,,,,,,
,,,,,,
,,,,,,
,,,,,,
3310,1,,,,,
3311,1,,,,,
,,,,,,
,,,,,,
,,,,,,
,,,,,,
,,,,,,
,,,,,,
,,,,,,
,,,,,,
3320,,2,,,,
3321,,2,,,,
3322,,2,,,,
3323,,2,,,,
3324,,2,,,,
3325,,2,,,,
3326,,2,,,,
3327,,2,,,,
3328,1,,,,,
3329,1,,,,,
,,,,,,
,,,,,,
,,,,,,
,,,,,,
,,,,,,
,,,,,,
,,,,,,
,,,,,,
,,,,,,
,,,,,,
3340,1,,,,,
3341,1,,,,,
3342,1,,,,,
3343,1,,,,,
3344,1,,,,,
3345,1,,,,,
3346,1,,,,,
,,,,,,
,,,,,,
,,,,,,
,,,,,,
,,,,,,
,,,,,,
,,,,,,
,,,,,,
,,,,,,
,,,,,,
,,,,,,
,,,,,,
,,,,,,
3360,1,,,,,
3361,1,,,,,
3362,1,,,,,
3363,1,,,,,
,,,,,,
,,,,,,
,,,,,,
,,,,,,
,,,,,,
,,,,,,
3370,1,,,,,
3371,1,,,,,
3372,1,,,,,
3373,1,,,,,
,,,,,,
,,,,,,
,,,,,,
,,,,,,
,,,,,,
,,,,,,
3380,,2,,,,
3381,,2,,,,
3382,,2,,,,
3383,,2,,,,
3384,,2,,,,
3385,,2,,,,
,,,,,,
,,,,,,
,,,,,,
,,,,,,
3390,,2,,,,
3391,,2,,,,
3392,,2,,,,
3393,,2,,,,
3394,,2,,,,
3395,,2,,,,
,,,,,,
,,,,,,
,,,,,,
,,,,,,
3400,1,,,,,
3401,1,,,,,
3402,1,,,,,
3403,1,,,,,
,,,,,,
,,,,,,
,,,,,,
,,,,,,
,,,,,,
,,,,,,
,,,,,,
,,,,,,
,,,,,,
,,,,,,
,,,,,,
,,,,,,
,,,,,,
,,,,,,
,,,,,,
,,,,,,
,,,,,,
,,,,,,
,,,,,,
,,,,,,
,,,,,,
,,,,,,
,,,,,,
,,,,,,
,,,,,,
,,,,,,
3430,1,,,,,
3431,1,,,,,
3432,1,,,,,
,,,,,,
,,,,,,
,,,,,,
,,,,,,
,,,,,,
,,,,,,
,,,,,,
3440,1,,,,,
3441,1,,,,,
3442,1,,,,,
3443,1,,,,,
,,,,,,
,,,,,,
,,,,,,
,,,,,,
,,,,,,
,,,,,,
3450,1,,,,,
3451,1,,,,,
3452,1,,,,,
,,,,,,
,,,,,,
,,,,,,
,,,,,,
,,,,,,
,,,,,,
,,,,,,
3460,1,,,,,
3461,1,,,,,
3462,1,,,,,
3463,1,,,,,
3464,1,,,,,
,,,,,,
,,,,,,
,,,,,,
,,,,,,
,,,,,,
3470,1,2,,,,
3471,1,2,,,,
3472,,2,,,,
3473,,2,,,,
3474,,2,,,,
3475,,2,,,,
3476,,2,,,,
3477,1,,,,,
3478,1,,,,,
3479,1,,,,,
3480,,2,,,,
3481,,2,,,,
,,,,,,
,,,,,,
,,,,,,
,,,,,,
,,,,,,
,,,,,,
,,,,,,
,,,,,,
3490,,2,,,,
3491,,2,,,,
3492,,2,,,,
3493,,2,,,,
,,,,,,
,,,,,,
,,,,,,
,,,,,,
,,,,,,
,,,,,,
3500,1,,,,,
3501,1,,,,,
3502,1,,,,,
,,,,,,
,,,,,,
,,,,,,
,,,,,,
,,,,,,
,,,,,,
,,,,,,
,,,,,,
,,,,,,
,,,,,,
,,,,,,
,,,,,,
,,,,,,
,,,,,,
,,,,,,
,,,,,,
,,,,,,
3520,1,,,,,
3521,1,,,,,
,,,,,,
,,,,,,
,,,,,,
,,,,,,
,,,,,,
,,,,,,
,,,,,,
,,,,,,
3530,1,,,,,13.0
3531,1,,,,,13.0
3532,1,,,,,13.0
3533,1,,,,,13.0
3534,1,,,,,13.0
3535,1,,,,,13.0
3536,1,,,,,13.0
3537,1,,,,,13.0
3538,1,,,,,13.0
3539,1,,,,12,
3540,1,,,,12,
3541,1,,,,12,
3542,1,,,,12,
3543,1,,,,12,
3544,1,,,11,,
3545,1,,8,,,
3546,2,,6,,,
3547,1,,5,,,
3548,1,,5,,,
3549,1,2,,,,
3550,,2,,,,
3551,,2,,,,
3552,,2,,,,
,,,,,,
,,,,,,
,,,,,,
,,,,,,
,,,,,,
,,,,,,
,,,,,,
,,,,,,
,,,,,,
,,,,,,
,,,,,,
,,,,,,
,,,,,,
,,,,,,
,,,,,,
,,,,,,
,,,,,,
3570,,2,,,,
3571,,2,,,,
3572,,2,,,,
3573,,2,,,,
3574,,2,,,,
3575,1,,,,,
,,,,,,
,,,,,,
,,,,,,
,,,,,,
3580,1,,,,,
3581,1,,,,,
3582,1,,,,,
3583,1,,,,,
,,,,,,
,,,,,,
,,,,,,
,,,,,,
,,,,,,
,,,,,,
,,,,,,
,,,,,,
,,,,,,
,,,,,,
,,,,,,
,,,,,,
,,,,,,
,,,,,,
,,,,,,
,,,,,,
3600,1,,,,,
3601,1,,,,,
,,,,,,
,,,,,,
,,,,,,
,,,,,,
,,,,,,
,,,,,,
,,,,,,
,,,,,,
