date,time,bug_id,degree,depth,severity,votes,comment_count,day_counter
2010-01-18 00:00:00.000000,2010-01-18 08:46:59.538604,61098,0,0,5,106,328,17
2010-02-08 00:00:00.000000,2010-02-06 03:49:43.371270,399910,0,0,3,6,7,38
2010-03-04 00:00:00.000000,2010-02-25 01:16:01.642572,541949,1,1,5,0,2,62
2010-03-04 00:00:00.000000,2010-03-04 11:46:35.947527,545339,1,1,3,0,4,62
2010-03-24 00:00:00.000000,2010-03-20 18:18:52.119348,546005,0,0,5,0,2,82
2010-04-07 00:00:00.000000,2010-04-07 15:08:23.478261,556957,0,0,3,0,54,6
2010-04-24 00:00:00.000000,2010-04-23 17:00:32.371578,557579,0,0,3,5,16,23
2010-05-12 00:00:00.000000,2010-05-10 10:33:57.785297,558826,1,1,5,0,5,41
2010-05-27 00:00:00.000000,2010-05-22 05:25:26.373424,555855,1,1,5,0,6,56
2010-06-14 00:00:00.000000,2010-06-12 18:13:43.648108,545595,1,1,3,2,9,74
2010-06-24 00:00:00.000000,2010-06-20 22:50:18.585051,570244,1,1,5,0,4,84
2010-06-30 00:00:00.000000,2010-06-30 01:31:57.785297,572095,1,1,5,0,13,90
2010-07-04 00:00:00.000000,2010-07-03 00:18:56.855248,576626,0,0,4,0,4,3
2010-07-22 00:00:00.000000,2010-07-22 02:36:27.812981,577079,0,0,3,0,2,21
2010-08-08 00:00:00.000000,2010-08-07 05:51:18.640418,579714,1,1,5,0,16,38
2010-08-11 00:00:00.000000,2010-08-08 23:32:02.497196,580758,0,0,4,0,2,41
2010-08-15 00:00:00.000000,2010-08-11 20:20:36.521739,582298,0,0,3,0,7,45
2010-08-16 00:00:00.000000,2010-08-15 23:45:31.304348,582344,0,0,3,0,13,46
2010-09-06 00:00:00.000000,2010-09-01 16:26:17.828361,512788,0,0,3,4,4,67
2010-09-14 00:00:00.000000,2010-09-14 01:14:55.109197,583175,0,0,3,0,41,75
2010-09-15 00:00:00.000000,2010-09-15 00:25:56.326816,585448,0,0,3,0,4,76
2010-09-17 00:00:00.000000,2010-09-16 21:29:08.657982,579635,0,0,3,0,5,78
2010-10-08 00:00:00.000000,2010-10-07 00:40:40.547524,601138,0,0,4,0,9,7
2010-10-08 00:00:00.000000,2010-10-08 21:21:34.601283,601526,0,0,5,0,3,7
2010-11-03 00:00:00.000000,2010-11-02 23:50:00.000000,130327,1,1,4,2,55,33
2010-11-03 00:00:00.000000,2010-11-03 21:35:53.601403,604265,1,1,3,0,8,33
2010-11-22 00:00:00.000000,2010-11-19 08:06:48.668102,603277,0,0,2,0,1,52
2010-11-28 00:00:00.000000,2010-11-25 12:35:02.608696,608336,1,1,5,0,24,58
2010-12-13 00:00:00.000000,2010-12-13 12:57:47.966779,607060,0,0,5,1,11,73
2010-12-30 00:00:00.000000,2010-12-29 04:16:11.627192,616849,1,1,3,9,43,90
2011-01-10 00:00:00.000000,2011-01-10 06:00:20.928945,622451,0,0,1,0,8,9
2011-01-11 00:00:00.000000,2011-01-11 12:35:10.434783,622843,0,0,3,0,2,10
2011-01-11 00:00:00.000000,2011-01-11 16:20:31.304348,624173,0,0,4,0,2,10
2011-01-12 00:00:00.000000,2011-01-12 22:05:13.043478,622506,0,0,4,0,9,11
2011-01-13 00:00:00.000000,2011-01-13 16:24:27.643868,622659,0,0,3,0,6,12
2011-01-26 00:00:00.000000,2011-01-26 00:31:22.183943,624064,0,0,3,0,7,25
2011-02-08 00:00:00.000000,2011-02-07 04:18:48.354353,626920,0,0,4,0,4,38
2011-02-12 00:00:00.000000,2011-02-10 04:00:44.347826,627472,1,1,3,0,8,42
2011-02-17 00:00:00.000000,2011-02-17 09:52:19.747770,625019,0,0,5,0,9,47
2011-03-06 00:00:00.000000,2011-03-05 00:08:27.167026,623453,0,0,3,1,7,64
2011-03-06 00:00:00.000000,2011-03-06 17:05:07.826087,638631,0,0,5,0,3,64
2011-03-23 00:00:00.000000,2011-03-21 18:48:58.597355,638853,0,0,3,0,2,81
2011-04-06 00:00:00.000000,2011-04-06 10:43:39.130435,647832,0,0,4,0,9,5
2011-04-24 00:00:00.000000,2011-04-21 07:28:48.372808,647976,0,0,3,0,2,23
2011-04-25 00:00:00.000000,2011-04-25 01:00:39.046590,648985,0,0,3,0,2,24
2011-04-27 00:00:00.000000,2011-04-26 04:37:41.739130,652396,0,0,5,0,4,26
2011-05-09 00:00:00.000000,2011-05-08 14:47:07.806829,621459,1,1,3,0,7,38
2011-05-31 00:00:00.000000,2011-05-30 15:13:07.160874,322435,1,1,3,0,14,60
2011-06-02 00:00:00.000000,2011-06-01 09:51:39.130435,657267,1,1,5,0,23,62
2011-06-18 00:00:00.000000,2011-06-17 14:05:38.849585,652588,0,0,3,0,6,78
2011-06-25 00:00:00.000000,2011-06-23 17:37:13.029837,653318,0,0,3,1,5,85
2011-06-28 00:00:00.000000,2011-06-26 04:22:42.328022,663073,0,0,3,0,5,88
2011-07-03 00:00:00.000000,2011-07-03 12:16:40.898499,668991,0,0,3,0,6,2
2011-07-24 00:00:00.000000,2011-07-24 09:34:30.821286,671389,0,0,3,3,338,23
2011-07-29 00:00:00.000000,2011-07-27 23:02:41.739130,671741,0,0,5,0,7,28
2011-08-16 00:00:00.000000,2011-08-12 15:57:00.055368,673805,0,0,3,0,2,46
2011-08-31 00:00:00.000000,2011-08-30 22:15:41.710243,674236,0,0,3,0,14,61
2011-09-14 00:00:00.000000,2011-09-13 07:00:11.904030,682410,1,1,3,0,4,75
2011-09-22 00:00:00.000000,2011-09-22 20:39:52.894494,655916,1,1,3,0,3,83
2011-09-23 00:00:00.000000,2011-09-23 18:50:10.434783,596813,1,1,3,1,71,84
2011-11-03 00:00:00.000000,2011-11-03 09:52:02.676100,696336,0,0,5,0,7,33
2011-11-22 00:00:00.000000,2011-11-18 01:40:03.617349,698926,0,0,3,1,3,52
2011-12-04 00:00:00.000000,2011-12-02 16:56:19.249462,702261,0,0,2,0,6,64
2011-12-05 00:00:00.000000,2011-12-04 19:49:02.608696,700909,0,0,5,0,3,65
2011-12-07 00:00:00.000000,2011-12-06 09:55:41.739130,704572,0,0,3,0,4,67
2011-12-09 00:00:00.000000,2011-12-07 22:50:35.905903,704648,0,0,3,1,3,69
2011-12-16 00:00:00.000000,2011-12-15 20:56:04.041833,699586,0,0,3,0,4,76
2012-01-24 00:00:00.000000,2012-01-24 14:56:00.110735,716893,0,0,3,0,2,23
2012-01-26 00:00:00.000000,2012-01-25 06:13:30.727037,719405,0,0,3,0,2,25
2012-02-02 00:00:00.000000,2012-01-31 22:21:41.599508,721334,0,0,3,0,2,32
2012-02-17 00:00:00.000000,2012-02-16 14:57:59.058751,722800,0,0,5,0,6,47
2012-02-20 00:00:00.000000,2012-02-18 00:10:33.913043,725944,0,0,3,0,5,50
2012-02-20 00:00:00.000000,2012-02-20 19:19:55.815745,728238,0,0,3,0,11,50
2012-02-21 00:00:00.000000,2012-02-21 03:05:12.510568,728947,0,0,3,0,4,51
2012-02-22 00:00:00.000000,2012-02-21 20:16:02.608696,728918,0,0,3,0,12,52
2012-02-24 00:00:00.000000,2012-02-23 08:19:06.201355,724317,0,0,3,0,2,54
2012-03-01 00:00:00.000000,2012-02-29 09:04:48.668102,726511,0,0,3,0,11,60
2012-03-15 00:00:00.000000,2012-03-14 04:48:41.931713,730531,1,1,3,0,6,74
2012-03-29 00:00:00.000000,2012-03-28 03:43:07.345432,732166,1,1,3,0,21,88
2012-04-09 00:00:00.000000,2012-04-06 13:20:52.173913,742419,1,1,3,4,65,8
2012-04-11 00:00:00.000000,2012-04-10 03:35:05.217391,742645,1,1,3,0,18,10
2012-04-27 00:00:00.000000,2012-04-26 08:13:37.797601,657442,0,0,3,0,14,26
2012-05-04 00:00:00.000000,2012-05-03 12:47:54.980006,682329,1,1,3,1,87,33
2012-05-20 00:00:00.000000,2012-05-16 14:48:22.534605,748809,1,1,4,0,19,49
2012-06-06 00:00:00.000000,2012-06-02 20:11:11.793294,749946,0,0,4,1,6,66
2012-06-13 00:00:00.000000,2012-06-09 03:41:31.304348,756841,0,0,3,0,9,73
2012-06-20 00:00:00.000000,2012-06-19 20:06:29.861581,762593,1,1,3,0,94,80
2012-06-27 00:00:00.000000,2012-06-26 09:37:28.163642,762013,0,0,3,0,3,87
2012-07-07 00:00:00.000000,2012-07-07 00:47:36.521739,771465,0,0,3,0,4,6
2012-07-18 00:00:00.000000,2012-07-18 03:10:13.528145,771788,0,0,3,3,12,17
2012-08-01 00:00:00.000000,2012-08-01 00:49:59.464780,773338,0,0,3,0,5,31
2012-08-15 00:00:00.000000,2012-08-15 05:50:50.993540,772368,0,0,3,0,10,45
2012-08-24 00:00:00.000000,2012-08-22 03:48:33.368194,623155,1,1,3,1,54,54
2012-09-16 00:00:00.000000,2012-09-11 22:27:18.363580,62178,1,1,5,31,278,77
2012-09-21 00:00:00.000000,2012-09-20 05:45:39.130435,785426,1,1,6,1,65,82
2012-10-08 00:00:00.000000,2012-10-03 12:58:27.431311,797061,0,0,3,0,2,7
2012-10-14 00:00:00.000000,2012-10-11 21:55:44.347826,799009,0,0,3,0,9,13
2012-10-28 00:00:00.000000,2012-10-27 21:11:20.670563,799860,0,0,3,0,6,27
2012-11-01 00:00:00.000000,2012-10-31 10:11:07.826087,803225,1,1,3,0,59,31
2012-11-15 00:00:00.000000,2012-11-14 12:26:20.319902,802833,0,0,3,0,9,45
2012-11-23 00:00:00.000000,2012-11-23 09:21:22.331590,809682,1,1,3,8,25,53
2012-12-07 00:00:00.000000,2012-12-06 23:19:53.854199,807595,0,0,3,0,1,67
2012-12-14 00:00:00.000000,2012-12-13 16:04:19.692402,803620,1,2,3,0,5,74
2012-12-20 00:00:00.000000,2012-12-20 08:01:19.692402,803626,1,2,3,0,5,80
2012-12-27 00:00:00.000000,2012-12-25 22:51:40.547524,782654,1,1,3,3,139,87
2013-01-13 00:00:00.000000,2013-01-12 13:57:03.875731,826599,0,0,3,2,12,12
2013-01-15 00:00:00.000000,2013-01-15 15:46:24.767948,830633,0,0,3,0,10,14
2013-01-20 00:00:00.000000,2013-01-19 15:58:31.304348,832610,0,0,3,0,2,19
2013-01-29 00:00:00.000000,2013-01-28 12:49:54.463242,832837,0,0,3,0,27,28
2013-02-05 00:00:00.000000,2013-02-03 13:00:26.086957,822371,1,1,3,0,78,35
2013-02-12 00:00:00.000000,2013-02-10 15:51:26.086957,822367,1,1,3,1,75,42
2013-02-17 00:00:00.000000,2013-02-17 06:09:45.512150,836951,1,1,5,0,66,47
2013-02-18 00:00:00.000000,2013-02-17 20:04:33.913043,840641,1,1,3,0,13,48
2013-02-20 00:00:00.000000,2013-02-18 17:05:07.826087,836630,1,1,3,0,28,50
2013-02-21 00:00:00.000000,2013-02-21 13:32:07.826087,837075,1,1,5,0,17,51
2013-02-22 00:00:00.000000,2013-02-22 00:25:02.608696,836359,1,1,3,0,9,52
2013-02-28 00:00:00.000000,2013-02-27 11:34:33.128268,838402,1,2,3,0,33,58
2013-03-01 00:00:00.000000,2013-03-01 02:58:02.608696,843540,1,1,3,0,13,59
2013-03-11 00:00:00.000000,2013-03-06 23:05:06.662565,844555,1,1,3,0,17,69
2013-03-12 00:00:00.000000,2013-03-12 10:46:44.347826,838359,1,1,3,0,24,70
2013-03-19 00:00:00.000000,2013-03-17 16:54:57.391304,840388,1,1,3,0,78,77
2013-03-31 00:00:00.000000,2013-03-30 14:51:20.892033,800293,1,1,3,1,4,89
2013-04-18 00:00:00.000000,2013-04-18 04:49:20.375269,858591,0,0,3,0,4,17
2013-05-14 00:00:00.000000,2013-05-01 03:18:45.788988,860712,1,1,3,2,8,43
2013-05-27 00:00:00.000000,2013-05-22 10:55:38.462012,861253,1,1,3,0,18,56
2013-06-06 00:00:00.000000,2013-06-06 17:08:15.336819,872910,1,1,3,0,8,66
2013-06-07 00:00:00.000000,2013-06-07 02:30:31.304348,860752,1,1,3,0,9,67
2013-06-13 00:00:00.000000,2013-06-13 01:05:22.202399,864787,1,1,3,0,57,73
2013-06-19 00:00:00.000000,2013-06-18 10:07:40.196863,865352,1,1,3,0,40,79
2013-06-25 00:00:00.000000,2013-06-25 12:30:29.916949,873349,1,1,3,79,70,85
2013-06-26 00:00:00.000000,2013-06-26 02:57:02.608696,885733,1,1,4,0,10,86
2013-07-15 00:00:00.000000,2013-07-14 23:15:33.109812,889399,0,0,3,0,7,14
2013-07-15 00:00:00.000000,2013-07-15 15:13:02.608696,893424,1,1,3,0,5,14
2013-07-28 00:00:00.000000,2013-07-28 00:14:23.937250,893533,1,1,3,2,22,27
2013-08-01 00:00:00.000000,2013-08-01 03:28:07.826087,896211,1,1,3,0,15,31
2013-08-01 00:00:00.000000,2013-08-01 17:22:02.608696,898399,1,1,3,0,7,31
2013-08-11 00:00:00.000000,2013-08-11 18:25:28.071363,893428,1,1,3,0,10,41
2013-08-17 00:00:00.000000,2013-08-17 08:16:43.002153,894519,1,1,3,0,56,47
2013-08-19 00:00:00.000000,2013-08-17 20:53:33.913043,900766,1,1,3,0,6,49
2013-08-21 00:00:00.000000,2013-08-20 23:14:15.652174,902350,1,1,3,1,25,51
2013-08-30 00:00:00.000000,2013-08-30 00:53:11.590280,900680,1,1,3,0,1,60
2013-09-09 00:00:00.000000,2013-09-08 20:56:00.904337,903876,1,1,3,0,3,70
2013-09-21 00:00:00.000000,2013-09-20 15:54:22.294679,910976,1,1,3,1,4,82
2013-10-15 00:00:00.000000,2013-10-14 04:59:02.786835,922944,0,0,3,0,2,14
2013-10-28 00:00:00.000000,2013-10-27 06:00:10.907413,925680,1,1,3,1,5,27
2013-11-11 00:00:00.000000,2013-11-09 12:36:27.849892,926781,1,1,3,3,3,41
2013-11-25 00:00:00.000000,2013-11-23 19:24:01.033528,935393,1,1,3,0,3,55
2013-12-08 00:00:00.000000,2013-12-07 12:00:34.567825,941354,0,0,3,0,37,68
2013-12-15 00:00:00.000000,2013-12-14 01:59:40.842818,838817,1,1,4,2,5,75
2013-12-29 00:00:00.000000,2013-12-27 08:30:16.573362,947676,1,1,3,1,13,89
2014-01-05 00:00:00.000000,2014-01-05 05:17:00.585481,956536,0,0,3,0,3,4
2014-01-20 00:00:00.000000,2014-01-18 05:31:49.406337,956686,0,0,3,0,1,19
2014-02-02 00:00:00.000000,2014-02-01 05:11:05.998154,961210,0,0,3,0,3,32
2014-02-11 00:00:00.000000,2014-02-11 21:57:52.839126,961700,0,0,3,0,3,41
2014-02-20 00:00:00.000000,2014-02-18 14:07:43.943402,959105,0,0,3,0,13,50
2014-03-04 00:00:00.000000,2014-03-04 13:16:13.768071,966754,0,0,3,1,3,62
2014-03-08 00:00:00.000000,2014-03-05 00:56:31.304348,978797,1,1,3,0,26,66
2014-03-20 00:00:00.000000,2014-03-20 14:04:57.877576,957631,0,0,3,0,5,78
2014-03-31 00:00:00.000000,2014-03-29 13:37:25.727468,984425,1,1,3,1,3,89
2014-04-15 00:00:00.000000,2014-04-13 23:28:30.415257,991313,0,0,3,2,10,14
2014-05-02 00:00:00.000000,2014-04-26 14:05:59.686250,994420,0,0,3,0,2,31
2014-05-09 00:00:00.000000,2014-05-02 19:39:23.555590,996454,1,1,3,0,8,38
2014-05-17 00:00:00.000000,2014-05-14 14:41:21.851738,989875,1,1,3,2,26,46
2014-05-23 00:00:00.000000,2014-05-23 00:21:45.106121,997456,0,0,3,6,3,52
2014-05-29 00:00:00.000000,2014-05-28 20:46:19.747770,1000451,0,0,5,0,13,58
2014-06-11 00:00:00.000000,2014-06-10 05:46:01.790218,995017,0,0,3,0,1,71
2014-06-23 00:00:00.000000,2014-06-23 04:34:25.450631,1014736,0,0,3,2,4,83
2014-07-04 00:00:00.000000,2014-07-04 07:01:05.217391,1034270,0,0,3,0,11,3
2014-07-08 00:00:00.000000,2014-07-07 05:43:02.608696,1034581,0,0,3,0,15,7
2014-07-22 00:00:00.000000,2014-07-22 06:02:57.231621,1037281,0,0,3,0,4,21
2014-08-05 00:00:00.000000,2014-08-03 20:11:48.059059,1042834,0,0,3,0,4,35
2014-08-13 00:00:00.000000,2014-08-12 11:34:26.650261,1047274,1,1,3,0,4,43
2014-08-26 00:00:00.000000,2014-08-20 12:23:26.650261,1047269,1,1,3,1,4,56
2014-09-07 00:00:00.000000,2014-09-06 03:30:21.242695,1053679,1,1,3,0,6,68
2014-09-15 00:00:00.000000,2014-09-13 10:31:47.911412,1062388,1,1,3,0,11,76
2014-09-27 00:00:00.000000,2014-09-26 14:27:45.253768,1059185,1,1,3,2,11,88
2014-10-16 00:00:00.000000,2014-10-16 20:15:01.494925,1078088,0,0,3,1,1,15
2014-10-23 00:00:00.000000,2014-10-22 00:22:10.925869,1079436,0,0,3,0,14,22
2014-11-03 00:00:00.000000,2014-11-03 14:45:18.086743,1084040,0,0,3,0,1,33
2014-11-10 00:00:00.000000,2014-11-04 15:25:49.351757,1092207,0,0,3,0,4,40
2014-11-18 00:00:00.000000,2014-11-17 03:05:07.603814,1088193,0,0,3,0,22,48
2014-11-21 00:00:00.000000,2014-11-19 13:08:18.260870,1089808,2,1,3,1,18,51
2014-11-24 00:00:00.000000,2014-11-21 22:23:44.704770,1098236,0,0,3,0,2,54
2014-11-30 00:00:00.000000,2014-11-29 16:57:02.454629,1096319,0,0,3,0,38,60
2014-12-05 00:00:00.000000,2014-12-05 11:10:36.690249,1106075,0,0,3,0,26,65
2014-12-16 00:00:00.000000,2014-12-16 15:52:07.862196,1101005,0,0,3,4,25,76
2014-12-22 00:00:00.000000,2014-12-22 07:20:42.300831,1111960,1,1,3,0,34,82
2015-02-02 00:00:00.000000,2015-01-30 11:41:48.465088,748193,1,1,3,2,32,32
2015-02-08 00:00:00.000000,2015-02-08 04:11:14.783144,1120996,1,1,3,1,54,38
2015-02-17 00:00:00.000000,2015-02-16 12:58:33.958782,1123914,1,1,3,0,3,47
2015-02-18 00:00:00.000000,2015-02-18 00:06:05.217391,1130893,1,1,3,0,68,48
2015-02-28 00:00:00.000000,2015-02-28 15:48:46.711781,1130266,0,0,2,5,25,58
2015-03-14 00:00:00.000000,2015-03-11 03:51:29.067979,1133480,0,0,3,0,3,72
2015-03-25 00:00:00.000000,2015-03-25 09:51:12.826823,1127211,0,0,5,0,14,83
2015-04-06 00:00:00.000000,2015-04-04 04:26:05.217391,1150963,0,0,3,0,8,5
2015-04-07 00:00:00.000000,2015-04-06 20:39:31.304348,1151540,0,0,2,0,7,6
2015-04-16 00:00:00.000000,2015-04-15 17:38:57.083974,1152960,0,0,3,0,6,15
2015-04-23 00:00:00.000000,2015-04-22 15:05:06.256536,1154621,0,0,3,0,4,22
2015-05-05 00:00:00.000000,2015-05-03 22:41:17.440787,1156014,1,1,3,0,3,34
2015-05-13 00:00:00.000000,2015-05-12 17:56:30.507536,846489,1,1,3,1,92,42
2015-05-19 00:00:00.000000,2015-05-19 10:12:10.870501,1145261,1,1,3,2,60,48
2015-05-22 00:00:00.000000,2015-05-22 08:52:33.913043,1139718,1,1,3,0,27,51
2015-06-01 00:00:00.000000,2015-06-01 12:05:00.904337,1158200,1,1,3,0,2,61
2015-06-03 00:00:00.000000,2015-06-01 19:04:03.712676,1169574,1,1,3,0,7,63
2015-06-08 00:00:00.000000,2015-06-08 06:32:55.035374,1167652,1,1,3,0,21,68
2015-06-16 00:00:00.000000,2015-06-14 02:54:20.449093,1172044,1,1,3,0,10,76
2015-06-17 00:00:00.000000,2015-06-17 02:59:36.521739,1174335,1,1,4,0,7,77
2015-06-22 00:00:00.000000,2015-06-21 16:42:15.652174,1172690,1,1,4,0,9,82
2015-06-24 00:00:00.000000,2015-06-23 10:33:10.434783,1170162,1,1,3,0,12,84
2015-07-06 00:00:00.000000,2015-07-05 06:23:39.130435,1179557,0,0,3,0,17,5
2015-07-13 00:00:00.000000,2015-07-11 18:53:31.024300,1179961,0,0,3,0,73,12
2015-07-14 00:00:00.000000,2015-07-13 14:00:31.304348,1181963,1,1,3,0,15,13
2015-07-24 00:00:00.000000,2015-07-24 00:17:48.575823,1181746,1,1,3,0,12,23
2015-08-01 00:00:00.000000,2015-07-31 00:33:59.538604,1186892,1,1,3,0,22,31
2015-08-04 00:00:00.000000,2015-08-04 16:52:44.347826,1182551,1,1,3,0,33,34
2015-08-05 00:00:00.000000,2015-08-05 16:01:10.434783,1181236,1,1,3,0,13,35
2015-08-11 00:00:00.000000,2015-08-10 21:40:28.569671,1190704,1,1,3,0,4,41
2015-08-17 00:00:00.000000,2015-08-16 06:48:11.276530,1191442,4,3,3,0,35,47
2015-08-23 00:00:00.000000,2015-08-22 23:52:40.196863,1191460,3,3,3,0,62,53
2015-09-01 00:00:00.000000,2015-08-28 23:24:28.569671,1191455,2,2,3,0,16,62
2015-09-07 00:00:00.000000,2015-09-06 23:47:28.569671,1191451,2,2,3,0,20,68
2015-09-12 00:00:00.000000,2015-09-07 23:22:16.145435,1191182,1,2,3,0,6,73
2015-09-18 00:00:00.000000,2015-09-18 05:30:58.191326,1165466,1,2,3,0,118,79
2015-09-25 00:00:00.000000,2015-09-25 18:13:59.077207,1184296,1,2,3,0,16,86
2015-10-07 00:00:00.000000,2015-10-07 07:23:23.478261,1211363,0,0,3,0,26,6
2015-10-17 00:00:00.000000,2015-10-17 11:53:33.386650,1211740,0,0,3,0,2,16
2015-10-20 00:00:00.000000,2015-10-20 21:02:07.826087,1212520,1,1,3,0,23,19
2015-10-21 00:00:00.000000,2015-10-21 14:54:07.826087,1216219,1,1,2,0,8,20
2015-10-27 00:00:00.000000,2015-10-27 16:19:31.670255,1194874,1,1,3,0,17,26
2015-10-28 00:00:00.000000,2015-10-28 22:55:44.347826,1216699,2,2,3,0,19,27
2015-11-04 00:00:00.000000,2015-11-04 02:25:00.941249,1162772,1,3,4,0,95,34
2015-11-10 00:00:00.000000,2015-11-10 04:30:13.029837,1217766,2,2,3,0,46,40
2015-11-11 00:00:00.000000,2015-11-11 07:04:36.521739,1221365,1,3,3,0,35,41
2015-11-24 00:00:00.000000,2015-11-24 11:04:57.471547,899099,1,3,3,2,14,54
2015-11-30 00:00:00.000000,2015-11-29 21:05:04.558597,1217165,3,2,3,0,9,60
2015-12-02 00:00:00.000000,2015-12-02 13:10:57.391304,1217133,3,2,3,0,31,62
2015-12-09 00:00:00.000000,2015-12-08 04:02:38.092894,1221771,1,2,3,0,13,69
2015-12-26 00:00:00.000000,2015-12-25 04:16:17.256229,1231914,1,2,3,0,10,86
2015-12-28 00:00:00.000000,2015-12-28 10:48:28.695652,1217442,1,2,3,0,6,88
2016-01-03 00:00:00.000000,2016-01-03 00:14:31.304348,1236264,0,0,4,0,2,2
2016-01-05 00:00:00.000000,2016-01-04 23:35:23.478261,1236292,0,0,3,0,3,4
2016-01-06 00:00:00.000000,2016-01-06 10:07:34.141623,1236975,0,0,3,1,21,5
2016-01-11 00:00:00.000000,2016-01-10 09:27:46.956522,1237078,1,1,3,0,8,10
2016-01-19 00:00:00.000000,2016-01-16 20:11:05.259920,1229222,2,2,3,0,62,18
2016-01-26 00:00:00.000000,2016-01-24 11:34:07.714549,1237080,1,1,3,0,13,25
2016-01-29 00:00:00.000000,2016-01-29 22:20:39.130435,1235655,2,2,3,0,13,28
2016-02-04 00:00:00.000000,2016-02-04 03:40:29.270994,1237077,1,1,3,0,59,34
2016-02-10 00:00:00.000000,2016-02-10 09:50:33.478930,1195881,1,1,3,0,43,40
2016-02-25 00:00:00.000000,2016-02-19 23:18:32.390034,1241168,1,1,3,0,2,55
2016-03-03 00:00:00.000000,2016-03-02 02:36:54.684712,1240853,1,1,3,0,6,62
2016-03-09 00:00:00.000000,2016-03-08 06:33:37.040910,1244022,1,1,3,0,27,68
2016-03-13 00:00:00.000000,2016-03-13 14:25:46.956522,1237066,1,1,3,0,4,72
2016-03-22 00:00:00.000000,2016-03-19 18:13:43.998770,1122114,1,1,3,0,1,81
2016-03-28 00:00:00.000000,2016-03-28 06:06:29.916949,1191092,1,1,3,0,30,87
2016-04-13 00:00:00.000000,2016-04-05 22:39:41.739130,1262009,3,1,3,0,24,12
2016-04-20 00:00:00.000000,2016-04-18 07:03:03.506613,1245571,0,0,3,0,58,19
2016-04-30 00:00:00.000000,2016-04-30 13:27:25.266072,1217142,0,0,3,3,3,29
2016-05-06 00:00:00.000000,2016-05-06 15:27:56.382651,1267229,1,1,3,0,50,35
2016-05-10 00:00:00.000000,2016-05-07 03:55:02.608696,1270040,1,1,3,0,29,39
2016-05-20 00:00:00.000000,2016-05-20 20:56:28.071363,712612,0,0,3,1,40,49
2016-05-26 00:00:00.000000,2016-05-22 03:32:44.347826,1274712,1,1,3,0,43,55
2016-06-01 00:00:00.000000,2016-05-31 19:04:20.799754,1252068,1,1,3,0,64,61
2016-06-02 00:00:00.000000,2016-06-01 07:50:33.913043,1276175,1,1,3,0,13,62
2016-06-12 00:00:00.000000,2016-06-11 23:56:41.211935,1269917,1,1,3,5,8,72
2016-06-18 00:00:00.000000,2016-06-18 02:38:03.155952,1193341,0,0,3,0,39,78
2016-06-20 00:00:00.000000,2016-06-19 18:01:15.652174,1280708,0,0,5,0,11,80
2016-06-27 00:00:00.000000,2016-06-26 01:12:06.311904,1272507,0,0,3,0,13,87
2016-07-05 00:00:00.000000,2016-07-02 00:07:07.826087,1283788,0,0,3,0,2,4
2016-07-14 00:00:00.000000,2016-07-14 12:23:21.113504,1283896,0,0,3,0,3,13
2016-07-20 00:00:00.000000,2016-07-19 11:57:54.782609,1275896,1,1,1,0,16,19
2016-07-26 00:00:00.000000,2016-07-21 05:18:36.527037,1285124,1,1,3,0,11,25
2016-08-06 00:00:00.000000,2016-08-03 20:27:49.092587,1284835,0,0,3,0,20,36
2016-08-16 00:00:00.000000,2016-08-11 13:56:52.174715,1291201,0,0,3,0,15,46
2016-08-19 00:00:00.000000,2016-08-17 14:32:22.541392,1288090,0,0,3,0,4,49
2016-08-29 00:00:00.000000,2016-08-24 19:37:20.098431,1296638,0,0,3,0,56,59
2016-09-07 00:00:00.000000,2016-09-03 07:56:54.684712,1269820,0,0,3,0,20,68
2016-09-15 00:00:00.000000,2016-09-15 12:37:37.465395,1298736,0,0,5,0,4,76
2016-09-16 00:00:00.000000,2016-09-16 07:00:33.913043,1301772,1,1,3,0,18,77
2016-09-29 00:00:00.000000,2016-09-25 01:13:00.313750,1302188,0,0,3,0,1,90
2016-10-10 00:00:00.000000,2016-10-10 08:55:50.790526,1306877,0,0,3,0,6,9
2016-10-17 00:00:00.000000,2016-10-11 13:52:07.826087,1307316,1,1,3,0,19,16
2016-10-25 00:00:00.000000,2016-10-25 13:55:00.424485,1307225,0,0,3,0,5,24
2016-11-02 00:00:00.000000,2016-10-30 13:39:26.086957,1311301,1,1,3,0,33,32
2016-11-11 00:00:00.000000,2016-11-09 08:02:29.400185,1115712,1,1,3,0,34,41
2016-11-15 00:00:00.000000,2016-11-12 12:46:39.130435,1282455,1,1,3,0,26,45
2016-11-17 00:00:00.000000,2016-11-16 21:32:46.956522,1314478,1,1,3,0,56,47
2016-11-18 00:00:00.000000,2016-11-18 13:56:18.260870,1317882,2,1,3,0,57,48
2016-11-20 00:00:00.000000,2016-11-18 23:26:31.304348,1318194,1,1,3,0,26,50
2016-11-21 00:00:00.000000,2016-11-21 03:24:07.826087,1318537,1,1,3,0,22,51
2016-11-27 00:00:00.000000,2016-11-27 02:50:23.605045,1315153,2,2,3,1,35,57
2016-12-06 00:00:00.000000,2016-12-04 00:03:26.650261,1319162,1,1,3,1,16,66
2016-12-16 00:00:00.000000,2016-12-08 22:18:28.695652,1319919,1,1,3,0,28,76
2016-12-21 00:00:00.000000,2016-12-21 06:32:28.920332,1319176,1,1,3,0,34,81
2016-12-22 00:00:00.000000,2016-12-21 23:32:12.623397,1319174,1,1,3,0,8,82
2016-12-23 00:00:00.000000,2016-12-22 23:21:39.130435,1324918,1,1,3,0,20,83
2017-01-05 00:00:00.000000,2017-01-04 23:57:31.304348,1328708,0,0,3,0,5,4
2017-01-06 00:00:00.000000,2017-01-05 17:33:44.295562,1328798,1,1,3,0,9,5
2017-01-12 00:00:00.000000,2017-01-11 15:55:36.284220,1207619,0,0,3,0,39,11
2017-01-13 00:00:00.000000,2017-01-13 15:38:49.565217,1329940,2,1,3,0,64,12
2017-01-22 00:00:00.000000,2017-01-22 06:26:37.059366,1330597,2,1,3,0,34,21
2017-01-24 00:00:00.000000,2017-01-24 06:37:52.173913,1329188,1,1,3,0,5,23
2017-01-24 00:00:00.000000,2017-01-24 21:16:33.913043,1329631,1,1,3,0,23,23
2017-01-28 00:00:00.000000,2017-01-28 00:35:36.521739,1330111,1,1,3,0,110,27
2017-01-31 00:00:00.000000,2017-01-29 14:31:46.956522,1329351,1,1,3,0,28,30
2017-01-31 00:00:00.000000,2017-01-31 17:06:51.964244,1332901,1,1,3,0,6,30
2017-02-03 00:00:00.000000,2017-02-03 16:21:02.608696,1330840,1,1,3,0,28,33
2017-02-09 00:00:00.000000,2017-02-09 00:54:37.040910,1330152,1,2,3,1,11,39
2017-02-14 00:00:00.000000,2017-02-14 08:54:04.558597,1337246,1,2,3,0,66,44
2017-02-22 00:00:00.000000,2017-02-22 22:11:11.645647,1329333,1,2,3,1,24,52
2017-02-23 00:00:00.000000,2017-02-23 12:11:36.521739,1334026,1,2,3,0,38,53
2017-02-24 00:00:00.000000,2017-02-24 08:22:07.826087,1336391,1,2,5,0,7,54
2017-03-05 00:00:00.000000,2017-03-04 15:29:09.892341,1338598,1,2,3,0,2,63
2017-03-13 00:00:00.000000,2017-03-12 12:53:12.162412,1343927,1,2,3,0,6,71
2017-03-22 00:00:00.000000,2017-03-21 09:07:00.018456,1345629,1,2,3,0,5,80
2017-03-31 00:00:00.000000,2017-03-30 19:02:08.489695,1346354,1,2,3,0,10,89
2017-04-14 00:00:00.000000,2017-04-13 13:54:58.615811,1353710,3,1,3,1,9,13
2017-04-20 00:00:00.000000,2017-04-20 07:28:15.078437,1354175,1,1,3,0,76,19
2017-04-21 00:00:00.000000,2017-04-21 03:33:13.496984,1354549,0,0,3,0,3,20
2017-04-28 00:00:00.000000,2017-04-27 01:18:08.415872,1354601,0,0,3,0,3,27
2017-05-04 00:00:00.000000,2017-05-04 02:35:58.541987,1359024,0,0,3,0,5,33
2017-05-05 00:00:00.000000,2017-05-04 17:57:31.304348,1361288,1,1,3,0,14,34
2017-05-15 00:00:00.000000,2017-05-13 15:44:06.035066,1360598,0,0,3,0,2,44
2017-05-21 00:00:00.000000,2017-05-21 06:59:27.462319,1364208,0,0,3,0,8,50
2017-05-27 00:00:00.000000,2017-05-26 18:37:58.191326,1359319,0,0,3,0,5,56
2017-06-04 00:00:00.000000,2017-06-04 17:07:31.448785,1362079,0,0,3,1,9,64
2017-06-13 00:00:00.000000,2017-06-10 00:22:46.213473,1321778,0,0,3,0,7,73
2017-06-20 00:00:00.000000,2017-06-18 14:17:46.213473,1371149,0,0,3,0,48,80
2017-06-30 00:00:00.000000,2017-06-28 19:24:20.873577,1372658,0,0,3,0,32,90
2017-07-04 00:00:00.000000,2017-07-03 20:03:02.608696,1377890,0,0,3,0,5,3
2017-07-18 00:00:00.000000,2017-07-18 07:20:45.235312,1379615,0,0,3,2,8,17
2017-07-30 00:00:00.000000,2017-07-28 13:44:27.591510,1382808,0,0,3,0,3,29
2017-08-08 00:00:00.000000,2017-08-07 03:11:09.947708,1385683,0,0,3,1,2,38
2017-08-11 00:00:00.000000,2017-08-09 04:05:05.217391,1387430,1,1,3,0,6,41
2017-08-22 00:00:00.000000,2017-08-21 12:32:29.123347,1191418,0,0,3,27,20,52
2017-08-24 00:00:00.000000,2017-08-23 03:04:02.608696,1389903,1,1,3,0,14,54
2017-09-13 00:00:00.000000,2017-09-11 21:23:41.673331,432687,0,0,5,55,50,74
2017-09-22 00:00:00.000000,2017-09-21 10:57:16.665641,1396738,1,1,3,0,2,83
2017-10-10 00:00:00.000000,2017-10-10 02:49:41.027376,1404918,0,0,3,1,8,9
2017-10-13 00:00:00.000000,2017-10-11 05:55:39.130435,1407209,0,0,3,0,40,12
2017-10-25 00:00:00.000000,2017-10-21 01:51:57.969855,1406371,0,0,2,3,19,24
2017-11-02 00:00:00.000000,2017-11-02 01:50:23.734236,1406194,0,0,3,0,2,32
2017-11-02 00:00:00.000000,2017-11-02 13:11:31.304348,1413344,1,1,3,0,9,32
2017-11-13 00:00:00.000000,2017-11-10 03:54:14.561673,1409257,0,0,3,1,2,43
2017-11-19 00:00:00.000000,2017-11-19 09:03:39.089511,1339329,1,1,3,0,37,49
2017-11-25 00:00:00.000000,2017-11-24 06:45:52.173913,1415626,0,0,4,0,5,55
2017-12-04 00:00:00.000000,2017-12-03 03:01:13.509689,1415311,0,0,3,0,3,64
2017-12-10 00:00:00.000000,2017-12-09 21:47:39.144878,1421647,1,1,3,0,6,70
2017-12-11 00:00:00.000000,2017-12-11 00:21:20.993376,1422811,1,1,3,0,9,71
2017-12-12 00:00:00.000000,2017-12-12 03:09:05.217391,1424609,1,1,3,0,8,72
2017-12-20 00:00:00.000000,2017-12-20 05:36:57.619194,1408391,0,0,3,0,1,80
2017-12-23 00:00:00.000000,2017-12-23 11:35:00.000000,1420610,0,0,3,0,40,83
2018-01-08 00:00:00.000000,2018-01-07 19:19:36.521739,1428606,0,0,3,0,6,7
2018-01-21 00:00:00.000000,2018-01-20 15:21:02.608696,1431911,0,0,3,0,2,20
2018-01-27 00:00:00.000000,2018-01-27 02:37:45.512150,1431929,0,0,3,0,4,26
2018-02-05 00:00:00.000000,2018-02-03 15:47:18.123654,1433047,0,0,3,1,2,35
2018-02-08 00:00:00.000000,2018-02-06 13:43:46.684673,1434626,1,1,3,1,7,38
2018-02-12 00:00:00.000000,2018-02-09 07:35:03.130792,1434657,0,0,3,0,4,42
2018-02-19 00:00:00.000000,2018-02-19 16:44:09.652415,1432562,0,0,2,0,7,49
2018-02-28 00:00:00.000000,2018-02-28 13:55:58.560443,1310842,1,1,3,5,32,58
2018-03-07 00:00:00.000000,2018-03-07 19:19:34.364811,1437498,0,0,3,0,5,65
2018-03-16 00:00:00.000000,2018-03-14 23:50:16.370348,1442401,1,1,3,1,4,74
2018-03-17 00:00:00.000000,2018-03-16 13:14:31.304348,1441927,1,1,3,0,13,75
2018-03-21 00:00:00.000000,2018-03-19 10:24:18.260870,1444687,1,1,3,0,8,79
2018-03-23 00:00:00.000000,2018-03-23 08:51:23.478261,1443781,1,1,3,0,12,81
2018-03-24 00:00:00.000000,2018-03-23 20:52:31.304348,1443810,1,1,3,0,8,82
2018-03-31 00:00:00.000000,2018-03-30 19:55:59.132575,1442206,1,1,3,0,2,89
2018-04-09 00:00:00.000000,2018-04-08 15:09:38.037527,1450784,0,0,3,0,15,8
2018-04-16 00:00:00.000000,2018-04-14 23:21:19.692402,1450938,0,0,3,0,13,15
2018-04-24 00:00:00.000000,2018-04-23 17:24:05.795140,1452899,0,0,3,0,6,23
2018-04-28 00:00:00.000000,2018-04-26 15:46:28.695652,1454454,0,0,3,0,11,27
2018-05-04 00:00:00.000000,2018-05-04 08:20:02.749923,1451210,0,0,3,0,3,33
2018-05-10 00:00:00.000000,2018-05-10 16:33:06.957859,1458041,0,0,3,0,3,39
2018-05-18 00:00:00.000000,2018-05-17 20:58:06.145801,1451111,0,0,3,0,3,47
2018-05-19 00:00:00.000000,2018-05-18 23:35:02.270516,1458626,0,0,4,0,3,48
2018-05-22 00:00:00.000000,2018-05-19 20:09:22.850456,1460478,0,0,3,0,12,51
2018-05-30 00:00:00.000000,2018-05-29 13:52:47.099354,1460755,0,0,3,1,7,59
2018-06-05 00:00:00.000000,2018-06-03 18:55:23.478261,1463755,1,2,3,0,15,65
2018-06-12 00:00:00.000000,2018-06-08 01:59:28.695652,1463748,1,2,3,0,14,72
2018-06-20 00:00:00.000000,2018-06-17 10:46:45.862811,1463759,1,2,3,0,23,80
2018-06-28 00:00:00.000000,2018-06-27 00:27:44.349431,1463693,1,1,3,2,10,88
2018-07-16 00:00:00.000000,2018-07-16 07:59:54.782609,1469993,2,2,3,0,34,15
2018-07-17 00:00:00.000000,2018-07-17 01:09:31.304348,1475189,1,2,3,0,6,16
2018-07-18 00:00:00.000000,2018-07-18 08:14:31.304348,1476324,1,2,3,0,7,17
2018-07-18 00:00:00.000000,2018-07-18 12:14:31.304348,1476126,1,1,3,0,7,17
2018-07-20 00:00:00.000000,2018-07-18 22:37:02.608696,1474651,1,1,3,0,9,19
2018-07-22 00:00:00.000000,2018-07-21 10:42:39.130435,1475025,0,0,3,0,14,21
2018-07-24 00:00:00.000000,2018-07-23 11:57:29.569234,1475235,0,0,3,0,4,23
2018-07-30 00:00:00.000000,2018-07-29 17:41:03.100584,1476429,0,0,3,0,25,29
2018-08-02 00:00:00.000000,2018-08-02 12:25:36.521739,1474827,0,0,3,0,5,32
2018-08-09 00:00:00.000000,2018-08-08 11:03:04.152568,1479433,0,0,3,0,17,39
2018-08-16 00:00:00.000000,2018-08-16 15:19:44.294063,1473978,0,0,3,6,2,46
2018-08-23 00:00:00.000000,2018-08-23 12:02:25.948939,1479400,1,1,3,0,5,53
2018-08-25 00:00:00.000000,2018-08-24 00:09:05.217391,1484440,1,1,3,0,7,55
2018-08-31 00:00:00.000000,2018-08-31 03:03:44.054137,1485670,1,1,3,1,10,61
2018-09-02 00:00:00.000000,2018-09-01 20:21:41.739130,1484246,1,1,3,0,14,63
2018-09-10 00:00:00.000000,2018-09-09 11:00:59.132575,1484955,1,1,3,1,7,71
2018-09-18 00:00:00.000000,2018-09-17 12:22:58.375884,1319164,1,1,3,0,21,79
2018-09-25 00:00:00.000000,2018-09-25 00:48:24.546293,1486551,1,2,3,2,7,86
2018-10-03 00:00:00.000000,2018-10-03 13:24:13.325695,1495991,0,0,3,0,8,2
2018-10-16 00:00:00.000000,2018-10-15 01:16:22.442325,1497279,1,1,3,0,4,15
2018-10-21 00:00:00.000000,2018-10-21 18:49:40.196863,1497838,0,0,3,0,12,20
2018-10-22 00:00:00.000000,2018-10-21 23:56:51.157907,1499685,1,1,3,0,6,21
2018-10-22 00:00:00.000000,2018-10-22 15:34:31.304348,1500103,1,1,3,0,8,21
2018-10-30 00:00:00.000000,2018-10-29 01:45:56.327284,1499334,1,1,3,0,16,29
2018-11-06 00:00:00.000000,2018-11-06 01:44:39.034143,1500464,1,1,3,0,17,36
2018-11-07 00:00:00.000000,2018-11-07 08:41:10.434783,1501680,1,1,3,0,25,37
2018-11-09 00:00:00.000000,2018-11-08 19:49:46.956522,1501889,1,1,3,0,9,39
2018-11-16 00:00:00.000000,2018-11-14 12:41:02.805291,1499326,1,1,3,0,6,46
2018-11-24 00:00:00.000000,2018-11-17 02:46:39.130435,1503572,1,1,3,0,12,54
2018-11-28 00:00:00.000000,2018-11-24 07:54:39.789465,1499339,1,1,3,0,7,58
2018-11-30 00:00:00.000000,2018-11-29 16:44:18.260870,1507702,1,1,3,0,39,60
2018-12-03 00:00:00.000000,2018-12-03 10:34:36.521739,1503348,0,0,3,0,7,63
2018-12-05 00:00:00.000000,2018-12-04 04:26:02.608696,1500020,0,0,3,0,6,65
2018-12-11 00:00:00.000000,2018-12-11 17:29:46.804060,1504483,0,0,3,2,2,71
2018-12-12 00:00:00.000000,2018-12-12 00:11:31.304348,1513224,1,1,3,0,5,72
2018-12-20 00:00:00.000000,2018-12-18 14:11:30.913565,1497843,0,0,3,0,1,80
2018-12-21 00:00:00.000000,2018-12-20 13:10:31.304348,1511903,0,0,3,0,13,81
2018-12-23 00:00:00.000000,2018-12-23 09:01:20.869565,1514771,0,0,3,0,2,83
2019-01-03 00:00:00.000000,2019-01-03 05:12:02.608696,1517368,1,1,3,0,7,2
2019-01-09 00:00:00.000000,2019-01-09 05:24:53.928022,1459264,0,0,3,0,18,8
2019-01-10 00:00:00.000000,2019-01-10 06:33:33.913043,1518590,0,0,3,0,4,9
2019-01-16 00:00:00.000000,2019-01-16 10:56:00.590588,1519034,1,1,3,1,3,15
2019-01-23 00:00:00.000000,2019-01-22 21:56:26.004306,1520589,0,0,3,2,7,22
2019-01-25 00:00:00.000000,2019-01-24 09:43:30.867180,1519209,0,0,3,0,11,24
2019-02-11 00:00:00.000000,2019-02-07 18:13:09.744694,815321,0,0,3,16,12,41
2019-02-18 00:00:00.000000,2019-02-17 19:40:59.538604,1524323,0,0,3,1,6,48
2019-02-20 00:00:00.000000,2019-02-18 18:34:02.608696,1523679,0,0,3,0,9,50
2019-02-24 00:00:00.000000,2019-02-21 22:18:18.260870,1528782,1,1,3,0,9,54
2019-02-26 00:00:00.000000,2019-02-26 18:35:26.086957,1529643,1,1,3,1,21,56
2019-02-27 00:00:00.000000,2019-02-26 21:55:31.304348,1530327,1,2,3,0,7,57
2019-03-04 00:00:00.000000,2019-03-03 00:51:41.739130,1530348,1,1,3,0,10,62
2019-03-05 00:00:00.000000,2019-03-05 05:18:36.521739,1530283,1,1,3,0,10,63
2019-03-11 00:00:00.000000,2019-03-10 20:03:58.541987,1530282,1,1,3,0,37,69
2019-03-12 00:00:00.000000,2019-03-11 19:43:33.913043,1530277,1,1,3,0,15,70
2019-03-12 00:00:00.000000,2019-03-12 05:50:02.608696,1530765,1,1,3,0,14,70
2019-03-13 00:00:00.000000,2019-03-12 21:06:36.521739,1530276,1,1,3,0,9,71
2019-03-13 00:00:00.000000,2019-03-13 09:31:31.304348,1531008,1,1,3,0,7,71
2019-03-14 00:00:00.000000,2019-03-13 21:29:02.608696,1534337,1,1,3,0,18,72
2019-03-19 00:00:00.000000,2019-03-18 21:18:26.086957,1530285,1,1,3,0,22,77
2019-03-21 00:00:00.000000,2019-03-20 01:31:07.826087,1530778,1,1,3,0,9,79
2019-03-23 00:00:00.000000,2019-03-23 01:04:15.652174,1535786,1,1,3,0,6,81
2019-03-25 00:00:00.000000,2019-03-24 00:22:31.304348,1530787,1,1,3,0,15,83
2019-03-25 00:00:00.000000,2019-03-25 14:54:02.608696,1530783,1,1,3,0,11,83
2019-04-02 00:00:00.000000,2019-04-02 05:44:10.434783,1540637,1,1,3,0,16,1
2019-04-08 00:00:00.000000,2019-04-07 17:57:06.311904,1492498,0,0,3,0,27,7
2019-04-14 00:00:00.000000,2019-04-14 03:20:47.265457,1515608,1,1,3,0,5,13
2019-04-23 00:00:00.000000,2019-04-20 15:15:47.560751,1542985,0,0,3,0,5,22
2019-04-29 00:00:00.000000,2019-04-26 04:20:57.391304,1544610,1,2,3,0,11,28
2019-05-05 00:00:00.000000,2019-05-05 08:01:12.974469,1544564,1,1,3,0,1,34
2019-05-13 00:00:00.000000,2019-05-11 00:03:55.736696,1541012,1,2,4,0,18,42
2019-05-14 00:00:00.000000,2019-05-14 03:34:39.130435,1547013,1,1,3,0,6,43
2019-05-21 00:00:00.000000,2019-05-19 22:41:21.095048,1546625,1,1,3,0,9,50
2019-05-27 00:00:00.000000,2019-05-27 01:55:20.449093,1551768,0,0,3,0,6,56
2019-05-27 00:00:00.000000,2019-05-27 12:32:31.304348,1553498,1,1,3,0,4,56
2019-05-28 00:00:00.000000,2019-05-27 20:07:02.608696,1546521,0,0,3,0,8,57
2019-05-28 00:00:00.000000,2019-05-28 09:51:31.304348,1554700,1,1,3,0,4,57
2019-05-29 00:00:00.000000,2019-05-28 22:24:02.608696,1544769,0,0,3,0,2,58
2019-05-30 00:00:00.000000,2019-05-30 16:57:46.956522,1555118,1,1,3,0,5,59
2019-06-02 00:00:00.000000,2019-06-02 10:58:02.608696,1555738,1,1,3,0,6,62
2019-06-03 00:00:00.000000,2019-06-03 21:51:46.956522,1555084,1,1,3,0,5,63
2019-06-06 00:00:00.000000,2019-06-06 03:38:26.086957,1555963,1,1,3,0,4,66
2019-06-11 00:00:00.000000,2019-06-07 22:06:46.956522,1555135,1,1,3,0,5,71
2019-06-13 00:00:00.000000,2019-06-13 10:15:28.695652,1557458,1,1,3,0,8,73
2019-06-18 00:00:00.000000,2019-06-17 07:22:13.043478,1557766,1,1,3,0,5,78
2019-06-21 00:00:00.000000,2019-06-21 09:11:02.608696,1555737,1,1,3,0,5,81
2019-06-24 00:00:00.000000,2019-06-24 13:18:07.826087,1559225,2,2,3,0,6,84
2019-06-29 00:00:00.000000,2019-06-28 05:44:39.130435,1560138,1,1,3,0,1,89
2019-07-02 00:00:00.000000,2019-07-02 06:17:04.883373,1562654,0,0,3,0,5,1
2019-07-03 00:00:00.000000,2019-07-02 11:45:02.608696,1562809,0,0,3,0,6,2
2019-07-09 00:00:00.000000,2019-07-09 01:21:43.352815,1562826,0,0,3,0,2,8
2019-07-10 00:00:00.000000,2019-07-09 11:48:33.913043,1563751,1,1,3,0,4,9
2019-07-12 00:00:00.000000,2019-07-12 19:12:28.695652,1563199,1,1,3,1,4,11
2019-07-15 00:00:00.000000,2019-07-13 08:22:05.217391,1565266,1,1,3,0,5,14
2019-07-15 00:00:00.000000,2019-07-15 20:44:33.913043,1565638,2,2,3,0,5,14
2019-07-16 00:00:00.000000,2019-07-16 08:13:05.217391,1563701,1,1,3,0,4,15
2019-07-17 00:00:00.000000,2019-07-17 03:50:05.217391,1565090,1,1,3,0,7,16
2019-07-18 00:00:00.000000,2019-07-17 20:04:05.217391,1565265,1,1,3,0,5,17
2019-07-23 00:00:00.000000,2019-07-22 09:05:46.956522,1560513,1,2,3,0,13,22
2019-07-25 00:00:00.000000,2019-07-25 04:21:49.565217,1566797,2,2,3,0,8,24
2019-07-27 00:00:00.000000,2019-07-27 02:20:46.956522,1563866,1,1,3,0,8,26
2019-07-29 00:00:00.000000,2019-07-28 21:33:20.869565,1567561,1,1,3,1,20,28
2019-07-30 00:00:00.000000,2019-07-30 13:06:44.347826,1567161,1,1,3,0,16,29
2019-08-02 00:00:00.000000,2019-08-02 04:05:33.913043,1569737,2,2,3,1,4,32
2019-08-05 00:00:00.000000,2019-08-04 17:55:26.086957,1568972,1,1,3,0,11,35
2019-08-12 00:00:00.000000,2019-08-10 21:02:50.772070,1568974,1,1,3,1,15,42
2019-08-16 00:00:00.000000,2019-08-15 23:12:41.739130,1563849,2,3,3,0,4,46
2019-08-17 00:00:00.000000,2019-08-17 05:11:07.826087,1572278,2,3,3,0,4,47
2019-08-19 00:00:00.000000,2019-08-18 10:57:36.521739,1570973,2,3,3,1,8,49
2019-08-22 00:00:00.000000,2019-08-21 18:02:52.173913,1570978,1,2,3,0,6,52
2019-08-22 00:00:00.000000,2019-08-22 12:17:33.913043,1570635,1,2,3,0,4,52
2019-08-28 00:00:00.000000,2019-08-27 23:54:28.219010,1571710,1,2,3,0,26,58
2019-08-30 00:00:00.000000,2019-08-29 20:46:46.956522,1568187,1,2,3,0,4,60
2019-09-02 00:00:00.000000,2019-09-01 02:16:46.956522,1575074,1,2,3,0,7,63
2019-09-04 00:00:00.000000,2019-09-03 18:33:10.434783,1572189,1,2,3,0,11,65
2019-09-08 00:00:00.000000,2019-09-07 15:08:07.826087,1575331,1,2,3,0,9,69
2019-09-10 00:00:00.000000,2019-09-08 15:30:02.428132,1575317,1,2,3,0,5,71
2019-09-16 00:00:00.000000,2019-09-15 14:51:00.000000,1573143,1,2,3,0,19,77
2019-09-17 00:00:00.000000,2019-09-17 15:07:44.065597,1580403,1,3,3,0,5,78
2019-09-23 00:00:00.000000,2019-09-23 01:49:24.306367,1572773,1,2,3,0,7,84
2019-09-24 00:00:00.000000,2019-09-23 11:24:31.304348,1575078,1,2,3,0,7,85
2019-09-25 00:00:00.000000,2019-09-25 16:48:15.652174,1572368,1,2,3,1,4,86
2019-09-27 00:00:00.000000,2019-09-27 11:39:18.260870,1580455,1,2,3,0,5,88
2019-10-07 00:00:00.000000,2019-10-07 18:24:13.029837,1585620,2,1,3,1,5,6
2019-10-14 00:00:00.000000,2019-10-13 03:23:46.564134,1585904,2,1,3,0,14,13
2019-10-21 00:00:00.000000,2019-10-19 20:57:21.150415,1588140,2,1,3,0,5,20
2019-10-21 00:00:00.000000,2019-10-21 16:42:05.217391,1588531,2,1,3,0,6,20
2019-10-28 00:00:00.000000,2019-10-26 12:14:26.086957,1588776,2,1,3,0,7,27
2019-10-29 00:00:00.000000,2019-10-28 21:26:02.608696,1590755,2,1,6,0,9,28
2019-11-01 00:00:00.000000,2019-10-31 14:26:00.000000,1590935,1,2,3,0,9,31
2019-11-06 00:00:00.000000,2019-11-04 02:31:57.391304,1579285,1,1,3,0,16,36
2019-11-09 00:00:00.000000,2019-11-08 20:54:23.478261,1589883,1,1,3,0,20,39
2019-11-16 00:00:00.000000,2019-11-14 17:53:19.747770,1595133,1,1,3,0,4,46
2019-11-22 00:00:00.000000,2019-11-21 16:48:20.799754,1589634,1,1,3,1,3,52
2019-11-26 00:00:00.000000,2019-11-25 23:49:07.826087,1598221,1,1,3,0,12,56
2019-11-27 00:00:00.000000,2019-11-27 14:57:41.739130,1598223,1,1,3,0,28,57
2019-12-02 00:00:00.000000,2019-11-30 17:59:36.521739,1592174,0,0,3,0,3,62
2019-12-04 00:00:00.000000,2019-12-04 15:25:20.869565,1597234,0,0,3,0,4,64
2019-12-09 00:00:00.000000,2019-12-08 04:54:41.739130,1599985,1,1,3,1,1,69
2019-12-12 00:00:00.000000,2019-12-12 10:49:05.217391,1601035,1,1,3,0,22,72
2019-12-13 00:00:00.000000,2019-12-13 05:41:36.521739,1603478,1,1,3,0,14,73
2019-12-18 00:00:00.000000,2019-12-17 04:42:15.652174,1598984,1,1,3,0,2,78
2019-12-23 00:00:00.000000,2019-12-20 10:18:52.173913,1603691,2,1,3,0,11,83
2019-12-26 00:00:00.000000,2019-12-26 05:50:02.608696,1601765,1,1,3,0,6,86
